game_id,source_files,source_league,source_split,source_playoffs,source_url,calendar_year,stage
TRKR1/440018,2015_LoL_esports_match_data_from_OraclesElixir.csv,OGN,Spring,0,http://matchhistory.na.leagueoflegends.com/en/#match-details/TRKR1/440018?gameHash=3c88db0d8da6effd,2015,Regular Season
TRKR1/450030,2015_LoL_esports_match_data_from_OraclesElixir.csv,OGN,Spring,0,http://matchhistory.na.leagueoflegends.com/en/#match-details/TRKR1/450030?gameHash=92f4bf24e0a8cb58,2015,Regular Season
TRKR1/450041,2015_LoL_esports_match_data_from_OraclesElixir.csv,OGN,Spring,0,http://matchhistory.na.leagueoflegends.com/en/#match-details/TRKR1/450041?gameHash=7e218ccfbffc97d2,2015,Regular Season
TRKR1/450067,2015_LoL_esports_match_data_from_OraclesElixir.csv,OGN,Spring,0,http://matchhistory.na.leagueoflegends.com/en/#match-details/TRKR1/450067?gameHash=38c86e983eebab73,2015,Regular Season
TRKR1/450068,2015_LoL_esports_match_data_from_OraclesElixir.csv,OGN,Spring,0,http://matchhistory.na.leagueoflegends.com/en/#match-details/TRKR1/450068?gameHash=a2f81fdba698461f,2015,Regular Season
TRKR1/440053,2015_LoL_esports_match_data_from_OraclesElixir.csv,OGN,Spring,0,http://matchhistory.na.leagueoflegends.com/en/#match-details/TRKR1/440053?gameHash=8ff6257949b46280,2015,Regular Season
TRKR1/440055,2015_LoL_esports_match_data_from_OraclesElixir.csv,OGN,Spring,0,http://matchhistory.na.leagueoflegends.com/en/#match-details/TRKR1/440055?gameHash=90ae08ab6c63aca9,2015,Regular Season
TRKR1/450078,2015_LoL_esports_match_data_from_OraclesElixir.csv,OGN,Spring,0,http://matchhistory.na.leagueoflegends.com/en/#match-details/TRKR1/450078?gameHash=7e34835f57b1faee,2015,Regular Season
TRKR1/440073,2015_LoL_esports_match_data_from_OraclesElixir.csv,OGN,Spring,0,http://matchhistory.na.leagueoflegends.com/en/#match-details/TRKR1/440073?gameHash=223968a3f121d521,2015,Regular Season
TRKR1/450111,2015_LoL_esports_match_data_from_OraclesElixir.csv,OGN,Spring,0,http://matchhistory.na.leagueoflegends.com/en/#match-details/TRKR1/450111?gameHash=16a21e07249c4c43,2015,Regular Season
TRKR1/450120,2015_LoL_esports_match_data_from_OraclesElixir.csv,OGN,Spring,0,http://matchhistory.na.leagueoflegends.com/en/#match-details/TRKR1/450120?gameHash=115553e3b5040446,2015,Regular Season
TRKR1/450122,2015_LoL_esports_match_data_from_OraclesElixir.csv,OGN,Spring,0,http://matchhistory.na.leagueoflegends.com/en/#match-details/TRKR1/450122?gameHash=0c602571c60cc7ae,2015,Regular Season
TRKR1/440130,2015_LoL_esports_match_data_from_OraclesElixir.csv,OGN,Spring,0,http://matchhistory.na.leagueoflegends.com/en/#match-details/TRKR1/440130?gameHash=b9c58b098d04d374,2015,Regular Season
TRKR1/440131,2015_LoL_esports_match_data_from_OraclesElixir.csv,OGN,Spring,0,http://matchhistory.na.leagueoflegends.com/en/#match-details/TRKR1/440131?gameHash=8b66b9cb4364d7f8,2015,Regular Season
TRKR1/440170,2015_LoL_esports_match_data_from_OraclesElixir.csv,OGN,Spring,0,http://matchhistory.na.leagueoflegends.com/en/#match-details/TRKR1/440170?gameHash=6752457ef0f5a6e2,2015,Regular Season
TRKR1/450212,2015_LoL_esports_match_data_from_OraclesElixir.csv,OGN,Spring,0,http://matchhistory.na.leagueoflegends.com/en/#match-details/TRKR1/450212?gameHash=4b5a48e5e6fbd890,2015,Regular Season
TRKR1/450224,2015_LoL_esports_match_data_from_OraclesElixir.csv,OGN,Spring,0,http://matchhistory.na.leagueoflegends.com/en/#match-details/TRKR1/450224?gameHash=93dd9b014d5518eb,2015,Regular Season
TRKR1/440185,2015_LoL_esports_match_data_from_OraclesElixir.csv,OGN,Spring,0,http://matchhistory.na.leagueoflegends.com/en/#match-details/TRKR1/440185?gameHash=e88c6405295598eb,2015,Regular Season
TRKR1/450226,2015_LoL_esports_match_data_from_OraclesElixir.csv,OGN,Spring,0,http://matchhistory.na.leagueoflegends.com/en/#match-details/TRKR1/450226?gameHash=bee95df71425ed6f,2015,Regular Season
TRKR1/440202,2015_LoL_esports_match_data_from_OraclesElixir.csv,OGN,Spring,0,http://matchhistory.na.leagueoflegends.com/en/#match-details/TRKR1/440202?gameHash=3eeadd8c0a87410a,2015,Regular Season
TRKR1/450241,2015_LoL_esports_match_data_from_OraclesElixir.csv,OGN,Spring,0,http://matchhistory.na.leagueoflegends.com/en/#match-details/TRKR1/450241?gameHash=5cc903ba8b964900,2015,Regular Season
TRKR1/450248,2015_LoL_esports_match_data_from_OraclesElixir.csv,OGN,Spring,0,http://matchhistory.na.leagueoflegends.com/en/#match-details/TRKR1/450248?gameHash=bb1e1042717351a2,2015,Regular Season
TRKR1/450250,2015_LoL_esports_match_data_from_OraclesElixir.csv,OGN,Spring,0,http://matchhistory.na.leagueoflegends.com/en/#match-details/TRKR1/450250?gameHash=c3d2d787362dcc9d,2015,Regular Season
TRKR1/450251,2015_LoL_esports_match_data_from_OraclesElixir.csv,OGN,Spring,0,http://matchhistory.na.leagueoflegends.com/en/#match-details/TRKR1/450251?gameHash=6bd5c6aea2620d3c,2015,Regular Season
TRKR1/450302,2015_LoL_esports_match_data_from_OraclesElixir.csv,OGN,Spring,0,http://matchhistory.na.leagueoflegends.com/en/#match-details/TRKR1/450302?gameHash=5f43cd7d42ec3076,2015,Regular Season
TRKR1/450303,2015_LoL_esports_match_data_from_OraclesElixir.csv,OGN,Spring,0,http://matchhistory.na.leagueoflegends.com/en/#match-details/TRKR1/450303?gameHash=d2685ac157e76475,2015,Regular Season
TRKR1/450304,2015_LoL_esports_match_data_from_OraclesElixir.csv,OGN,Spring,0,http://matchhistory.na.leagueoflegends.com/en/#match-details/TRKR1/450304?gameHash=5fa37216b51040bd,2015,Regular Season
TRKR1/440313,2015_LoL_esports_match_data_from_OraclesElixir.csv,OGN,Spring,0,http://matchhistory.na.leagueoflegends.com/en/#match-details/TRKR1/440313?gameHash=bd5acbafedc3d0ac,2015,Regular Season
TRKR1/440316,2015_LoL_esports_match_data_from_OraclesElixir.csv,OGN,Spring,0,http://matchhistory.na.leagueoflegends.com/en/#match-details/TRKR1/440316?gameHash=d9e3bce405fb297f,2015,Regular Season
TRKR1/440323,2015_LoL_esports_match_data_from_OraclesElixir.csv,OGN,Spring,0,http://matchhistory.na.leagueoflegends.com/en/#match-details/TRKR1/440323?gameHash=06b4c4cd5e4b5f33,2015,Regular Season
TRKR1/440328,2015_LoL_esports_match_data_from_OraclesElixir.csv,OGN,Spring,0,http://matchhistory.na.leagueoflegends.com/en/#match-details/TRKR1/440328?gameHash=4c1ef0a237b083e7,2015,Regular Season
TRKR1/450380,2015_LoL_esports_match_data_from_OraclesElixir.csv,OGN,Spring,0,http://matchhistory.na.leagueoflegends.com/en/#match-details/TRKR1/450380?gameHash=c7dd29a2c0a1ea48,2015,Regular Season
TRKR1/450381,2015_LoL_esports_match_data_from_OraclesElixir.csv,OGN,Spring,0,http://matchhistory.na.leagueoflegends.com/en/#match-details/TRKR1/450381?gameHash=96e9c4890961d992,2015,Regular Season
TRKR1/450390,2015_LoL_esports_match_data_from_OraclesElixir.csv,OGN,Spring,0,http://matchhistory.na.leagueoflegends.com/en/#match-details/TRKR1/450390?gameHash=384bafb5b46925d3,2015,Regular Season
TRKR1/450392,2015_LoL_esports_match_data_from_OraclesElixir.csv,OGN,Spring,0,http://matchhistory.na.leagueoflegends.com/en/#match-details/TRKR1/450392?gameHash=53a19690fcd02a07,2015,Regular Season
TRKR1/450440,2015_LoL_esports_match_data_from_OraclesElixir.csv,OGN,Spring,0,http://matchhistory.na.leagueoflegends.com/en/#match-details/TRKR1/450440?gameHash=4f4c24438f4ae209,2015,Regular Season
TRKR1/450443,2015_LoL_esports_match_data_from_OraclesElixir.csv,OGN,Spring,0,http://matchhistory.na.leagueoflegends.com/en/#match-details/TRKR1/450443?gameHash=a6aa97f8c64164af,2015,Regular Season
TRKR1/450445,2015_LoL_esports_match_data_from_OraclesElixir.csv,OGN,Spring,0,http://matchhistory.na.leagueoflegends.com/en/#match-details/TRKR1/450445?gameHash=76064b1c77596cb8,2015,Regular Season
TRKR1/440452,2015_LoL_esports_match_data_from_OraclesElixir.csv,OGN,Spring,0,http://matchhistory.na.leagueoflegends.com/en/#match-details/TRKR1/440452?gameHash=56d7d538a6049b31,2015,Regular Season
TRKR1/450501,2015_LoL_esports_match_data_from_OraclesElixir.csv,OGN,Spring,0,http://matchhistory.na.leagueoflegends.com/en/#match-details/TRKR1/450501?gameHash=cc75adde10da3546,2015,Regular Season
TRKR1/440467,2015_LoL_esports_match_data_from_OraclesElixir.csv,OGN,Spring,0,http://matchhistory.na.leagueoflegends.com/en/#match-details/TRKR1/440467?gameHash=da95786ca84a1c1b,2015,Regular Season
TRKR1/450512,2015_LoL_esports_match_data_from_OraclesElixir.csv,OGN,Spring,0,http://matchhistory.na.leagueoflegends.com/en/#match-details/TRKR1/450512?gameHash=b3ee308008d5062a,2015,Regular Season
TRKR1/440498,2015_LoL_esports_match_data_from_OraclesElixir.csv,OGN,Spring,0,http://matchhistory.na.leagueoflegends.com/en/#match-details/TRKR1/440498?gameHash=e0f1ddfedc050d40,2015,Regular Season
TRKR1/440499,2015_LoL_esports_match_data_from_OraclesElixir.csv,OGN,Spring,0,http://matchhistory.na.leagueoflegends.com/en/#match-details/TRKR1/440499?gameHash=4508a7660c42b6d8,2015,Regular Season
TRKR1/440510,2015_LoL_esports_match_data_from_OraclesElixir.csv,OGN,Spring,0,http://matchhistory.na.leagueoflegends.com/en/#match-details/TRKR1/440510?gameHash=042ec83d7a8f88aa,2015,Regular Season
TRKR1/450550,2015_LoL_esports_match_data_from_OraclesElixir.csv,OGN,Spring,0,http://matchhistory.na.leagueoflegends.com/en/#match-details/TRKR1/450550?gameHash=a04e23f525e06232,2015,Regular Season
TRKR1/460066,2015_LoL_esports_match_data_from_OraclesElixir.csv,OGN,Spring,0,http://matchhistory.na.leagueoflegends.com/en/#match-details/TRKR1/460066?gameHash=4698bb107f31c12e,2015,Regular Season
TRKR1/460067,2015_LoL_esports_match_data_from_OraclesElixir.csv,OGN,Spring,0,http://matchhistory.na.leagueoflegends.com/en/#match-details/TRKR1/460067?gameHash=71e4bd5174ef1187,2015,Regular Season
TRKR1/470081,2015_LoL_esports_match_data_from_OraclesElixir.csv,OGN,Spring,0,http://matchhistory.na.leagueoflegends.com/en/#match-details/TRKR1/470081?gameHash=2e9a30d1b2136cfb,2015,Regular Season
TRKR1/470083,2015_LoL_esports_match_data_from_OraclesElixir.csv,OGN,Spring,0,http://matchhistory.na.leagueoflegends.com/en/#match-details/TRKR1/470083?gameHash=8f072f2329457fc4,2015,Regular Season
TRKR1/470115,2015_LoL_esports_match_data_from_OraclesElixir.csv,OGN,Spring,0,http://matchhistory.na.leagueoflegends.com/en/#match-details/TRKR1/470115?gameHash=2073ec36d1ffa6b9,2015,Regular Season
TRKR1/470116,2015_LoL_esports_match_data_from_OraclesElixir.csv,OGN,Spring,0,http://matchhistory.na.leagueoflegends.com/en/#match-details/TRKR1/470116?gameHash=b063be5499934e25,2015,Regular Season
TRKR1/470126,2015_LoL_esports_match_data_from_OraclesElixir.csv,OGN,Spring,0,http://matchhistory.na.leagueoflegends.com/en/#match-details/TRKR1/470126?gameHash=928577191b4cdeb3,2015,Regular Season
TRKR1/460156,2015_LoL_esports_match_data_from_OraclesElixir.csv,OGN,Spring,0,http://matchhistory.na.leagueoflegends.com/en/#match-details/TRKR1/460156?gameHash=415d2b69839b7f5d,2015,Regular Season
TRKR1/490036,2015_LoL_esports_match_data_from_OraclesElixir.csv,OGN,Spring,0,http://matchhistory.na.leagueoflegends.com/en/#match-details/TRKR1/490036?gameHash=930b71a0b0621ef6,2015,Regular Season
TRKR1/490037,2015_LoL_esports_match_data_from_OraclesElixir.csv,OGN,Spring,0,http://matchhistory.na.leagueoflegends.com/en/#match-details/TRKR1/490037?gameHash=ce2985980da2886f,2015,Regular Season
TRKR1/490038,2015_LoL_esports_match_data_from_OraclesElixir.csv,OGN,Spring,0,http://matchhistory.na.leagueoflegends.com/en/#match-details/TRKR1/490038?gameHash=211f625b8db189e3,2015,Regular Season
TRKR1/480093,2015_LoL_esports_match_data_from_OraclesElixir.csv,OGN,Spring,0,http://matchhistory.na.leagueoflegends.com/en/#match-details/TRKR1/480093?gameHash=6931ee04aa3956c5,2015,Regular Season
TRKR1/490097,2015_LoL_esports_match_data_from_OraclesElixir.csv,OGN,Spring,0,http://matchhistory.na.leagueoflegends.com/en/#match-details/TRKR1/490097?gameHash=0229872b393c3da5,2015,Regular Season
TRKR1/480095,2015_LoL_esports_match_data_from_OraclesElixir.csv,OGN,Spring,0,http://matchhistory.na.leagueoflegends.com/en/#match-details/TRKR1/480095?gameHash=f4be25871287690b,2015,Regular Season
TRKR1/480121,2015_LoL_esports_match_data_from_OraclesElixir.csv,OGN,Spring,0,http://matchhistory.na.leagueoflegends.com/en/#match-details/TRKR1/480121?gameHash=e73121b3860fc053,2015,Regular Season
TRKR1/490112,2015_LoL_esports_match_data_from_OraclesElixir.csv,OGN,Spring,0,http://matchhistory.na.leagueoflegends.com/en/#match-details/TRKR1/490112?gameHash=cfa0596b1201f4e4,2015,Regular Season
TRKR1/490114,2015_LoL_esports_match_data_from_OraclesElixir.csv,OGN,Spring,0,http://matchhistory.na.leagueoflegends.com/en/#match-details/TRKR1/490114?gameHash=8a3eca003de35fc3,2015,Regular Season
TRKR1/490129,2015_LoL_esports_match_data_from_OraclesElixir.csv,OGN,Spring,0,http://matchhistory.na.leagueoflegends.com/en/#match-details/TRKR1/490129?gameHash=35092519086c4290,2015,Regular Season
TRKR1/480129,2015_LoL_esports_match_data_from_OraclesElixir.csv,OGN,Spring,0,http://matchhistory.na.leagueoflegends.com/en/#match-details/TRKR1/480129?gameHash=425b9e30fe0b7ec3,2015,Regular Season
TRKR1/480130,2015_LoL_esports_match_data_from_OraclesElixir.csv,OGN,Spring,0,http://matchhistory.na.leagueoflegends.com/en/#match-details/TRKR1/480130?gameHash=c96a1f517a28a16d,2015,Regular Season
TRKR1/510071,2015_LoL_esports_match_data_from_OraclesElixir.csv,OGN,Spring,0,http://matchhistory.na.leagueoflegends.com/en/#match-details/TRKR1/510071?gameHash=f62ce7fad4dc097e,2015,Regular Season
TRKR1/500068,2015_LoL_esports_match_data_from_OraclesElixir.csv,OGN,Spring,0,http://matchhistory.na.leagueoflegends.com/en/#match-details/TRKR1/500068?gameHash=80f713f5de185a22,2015,Regular Season
TRKR1/510075,2015_LoL_esports_match_data_from_OraclesElixir.csv,OGN,Spring,0,http://matchhistory.na.leagueoflegends.com/en/#match-details/TRKR1/510075?gameHash=4a8dc4fcce489b55,2015,Regular Season
TRKR1/500100,2015_LoL_esports_match_data_from_OraclesElixir.csv,OGN,Spring,0,http://matchhistory.na.leagueoflegends.com/en/#match-details/TRKR1/500100?gameHash=9c7f1701550de2ad,2015,Regular Season
TRKR1/500102,2015_LoL_esports_match_data_from_OraclesElixir.csv,OGN,Spring,0,http://matchhistory.na.leagueoflegends.com/en/#match-details/TRKR1/500102?gameHash=dab589cee3e60b76,2015,Regular Season
TRKR1/500108,2015_LoL_esports_match_data_from_OraclesElixir.csv,OGN,Spring,0,http://matchhistory.na.leagueoflegends.com/en/#match-details/TRKR1/500108?gameHash=76fac7379a786b15,2015,Regular Season
TRKR1/510139,2015_LoL_esports_match_data_from_OraclesElixir.csv,OGN,Spring,0,http://matchhistory.na.leagueoflegends.com/en/#match-details/TRKR1/510139?gameHash=84f4c76d0c5c0428,2015,Regular Season
TRKR1/500166,2015_LoL_esports_match_data_from_OraclesElixir.csv,OGN,Spring,0,http://matchhistory.na.leagueoflegends.com/en/#match-details/TRKR1/500166?gameHash=a18650f72e2aa5df,2015,Regular Season
TRKR1/510167,2015_LoL_esports_match_data_from_OraclesElixir.csv,OGN,Spring,0,http://matchhistory.na.leagueoflegends.com/en/#match-details/TRKR1/510167?gameHash=5c748e4000581c9a,2015,Regular Season
TRKR1/500174,2015_LoL_esports_match_data_from_OraclesElixir.csv,OGN,Spring,0,http://matchhistory.na.leagueoflegends.com/en/#match-details/TRKR1/500174?gameHash=52e4999a7dcc9bd9,2015,Regular Season
TRKR1/510175,2015_LoL_esports_match_data_from_OraclesElixir.csv,OGN,Spring,0,http://matchhistory.na.leagueoflegends.com/en/#match-details/TRKR1/510175?gameHash=af961540db8b4a57,2015,Regular Season
TRKR1/500211,2015_LoL_esports_match_data_from_OraclesElixir.csv,OGN,Spring,0,http://matchhistory.na.leagueoflegends.com/en/#match-details/TRKR1/500211?gameHash=1bb209c0c947e891,2015,Regular Season
TRKR1/500212,2015_LoL_esports_match_data_from_OraclesElixir.csv,OGN,Spring,0,http://matchhistory.na.leagueoflegends.com/en/#match-details/TRKR1/500212?gameHash=60f46f4c12b44a18,2015,Regular Season
TRKR1/500282,2015_LoL_esports_match_data_from_OraclesElixir.csv,OGN,Spring,0,http://matchhistory.na.leagueoflegends.com/en/#match-details/TRKR1/500282?gameHash=7e2d26a5ce0992a8,2015,Regular Season
TRKR1/500283,2015_LoL_esports_match_data_from_OraclesElixir.csv,OGN,Spring,0,http://matchhistory.na.leagueoflegends.com/en/#match-details/TRKR1/500283?gameHash=3606757e706ae565,2015,Regular Season
TRKR1/500294,2015_LoL_esports_match_data_from_OraclesElixir.csv,OGN,Spring,0,http://matchhistory.na.leagueoflegends.com/en/#match-details/TRKR1/500294?gameHash=9839099adabfbce6,2015,Regular Season
TRKR1/500298,2015_LoL_esports_match_data_from_OraclesElixir.csv,OGN,Spring,0,http://matchhistory.na.leagueoflegends.com/en/#match-details/TRKR1/500298?gameHash=c43c63208b77cb8f,2015,Regular Season
TRKR1/500299,2015_LoL_esports_match_data_from_OraclesElixir.csv,OGN,Spring,0,http://matchhistory.na.leagueoflegends.com/en/#match-details/TRKR1/500299?gameHash=6d63f75f2f6049db,2015,Regular Season
TRKR1/500325,2015_LoL_esports_match_data_from_OraclesElixir.csv,OGN,Spring,0,http://matchhistory.na.leagueoflegends.com/en/#match-details/TRKR1/500325?gameHash=8a9a86786518a44a,2015,Regular Season
TRKR1/500337,2015_LoL_esports_match_data_from_OraclesElixir.csv,OGN,Spring,0,http://matchhistory.na.leagueoflegends.com/en/#match-details/TRKR1/500337?gameHash=32812b7ef18a0e9e,2015,Regular Season
TRKR1/500338,2015_LoL_esports_match_data_from_OraclesElixir.csv,OGN,Spring,0,http://matchhistory.na.leagueoflegends.com/en/#match-details/TRKR1/500338?gameHash=f81ce2b90f0848c8,2015,Regular Season
TRKR1/500339,2015_LoL_esports_match_data_from_OraclesElixir.csv,OGN,Spring,0,http://matchhistory.na.leagueoflegends.com/en/#match-details/TRKR1/500339?gameHash=661edd74a6da4d0d,2015,Regular Season
TRKR1/520093,2015_LoL_esports_match_data_from_OraclesElixir.csv,OGN,Spring,0,http://matchhistory.na.leagueoflegends.com/en/#match-details/TRKR1/520093?gameHash=1cdee256c0f2f093,2015,Regular Season
TRKR1/530070,2015_LoL_esports_match_data_from_OraclesElixir.csv,OGN,Spring,0,http://matchhistory.na.leagueoflegends.com/en/#match-details/TRKR1/530070?gameHash=798abfc47893fb1c,2015,Regular Season
TRKR1/530071,2015_LoL_esports_match_data_from_OraclesElixir.csv,OGN,Spring,0,http://matchhistory.na.leagueoflegends.com/en/#match-details/TRKR1/530071?gameHash=51ed788a1cd0b47c,2015,Regular Season
TRKR1/530105,2015_LoL_esports_match_data_from_OraclesElixir.csv,OGN,Spring,0,http://matchhistory.na.leagueoflegends.com/en/#match-details/TRKR1/530105?gameHash=1d0831a7dbdafd12,2015,Regular Season
TRKR1/530106,2015_LoL_esports_match_data_from_OraclesElixir.csv,OGN,Spring,0,http://matchhistory.na.leagueoflegends.com/en/#match-details/TRKR1/530106?gameHash=c7650df15af445a0,2015,Regular Season
TRKR1/520154,2015_LoL_esports_match_data_from_OraclesElixir.csv,OGN,Spring,0,http://matchhistory.na.leagueoflegends.com/en/#match-details/TRKR1/520154?gameHash=58b4255d399377e9,2015,Regular Season
TRKR1/520155,2015_LoL_esports_match_data_from_OraclesElixir.csv,OGN,Spring,0,http://matchhistory.na.leagueoflegends.com/en/#match-details/TRKR1/520155?gameHash=43fd75117962dca4,2015,Regular Season
TRKR1/530137,2015_LoL_esports_match_data_from_OraclesElixir.csv,OGN,Spring,0,http://matchhistory.na.leagueoflegends.com/en/#match-details/TRKR1/530137?gameHash=4c3d3249393184c0,2015,Regular Season
TRKR1/520178,2015_LoL_esports_match_data_from_OraclesElixir.csv,OGN,Spring,0,http://matchhistory.na.leagueoflegends.com/en/#match-details/TRKR1/520178?gameHash=2e662ba095e8d59d,2015,Regular Season
TRKR1/530145,2015_LoL_esports_match_data_from_OraclesElixir.csv,OGN,Spring,0,http://matchhistory.na.leagueoflegends.com/en/#match-details/TRKR1/530145?gameHash=75f95112ae249cf9,2015,Regular Season
TRKR1/520188,2015_LoL_esports_match_data_from_OraclesElixir.csv,OGN,Spring,0,http://matchhistory.na.leagueoflegends.com/en/#match-details/TRKR1/520188?gameHash=cede7e6b1db9993f,2015,Regular Season
TRKR1/550024,2015_LoL_esports_match_data_from_OraclesElixir.csv,OGN,Spring,0,http://matchhistory.na.leagueoflegends.com/en/#match-details/TRKR1/550024?gameHash=d68197b12cfa8848,2015,Regular Season
TRKR1/540037,2015_LoL_esports_match_data_from_OraclesElixir.csv,OGN,Spring,0,http://matchhistory.na.leagueoflegends.com/en/#match-details/TRKR1/540037?gameHash=bb2168124f632d24,2015,Regular Season
TRKR1/540083,2015_LoL_esports_match_data_from_OraclesElixir.csv,OGN,Spring,0,http://matchhistory.na.leagueoflegends.com/en/#match-details/TRKR1/540083?gameHash=1c5a867d2e78a049,2015,Regular Season
TRKR1/540084,2015_LoL_esports_match_data_from_OraclesElixir.csv,OGN,Spring,0,http://matchhistory.na.leagueoflegends.com/en/#match-details/TRKR1/540084?gameHash=175d39d1d5869f1e,2015,Regular Season
TRKR1/540085,2015_LoL_esports_match_data_from_OraclesElixir.csv,OGN,Spring,0,http://matchhistory.na.leagueoflegends.com/en/#match-details/TRKR1/540085?gameHash=94a059cb2b6eb0f5,2015,Regular Season
TRKR1/540094,2015_LoL_esports_match_data_from_OraclesElixir.csv,OGN,Spring,0,http://matchhistory.na.leagueoflegends.com/en/#match-details/TRKR1/540094?gameHash=9ea7aa4ec4426e2d,2015,Regular Season
TRKR1/540096,2015_LoL_esports_match_data_from_OraclesElixir.csv,OGN,Spring,0,http://matchhistory.na.leagueoflegends.com/en/#match-details/TRKR1/540096?gameHash=cc81207032c09b6c,2015,Regular Season
TRKR1/550097,2015_LoL_esports_match_data_from_OraclesElixir.csv,OGN,Spring,0,http://matchhistory.na.leagueoflegends.com/en/#match-details/TRKR1/550097?gameHash=943b858887f86a50,2015,Regular Season
TRKR1/540109,2015_LoL_esports_match_data_from_OraclesElixir.csv,OGN,Spring,0,http://matchhistory.na.leagueoflegends.com/en/#match-details/TRKR1/540109?gameHash=552fb56f2a749fb8,2015,Regular Season
TRKR1/540135,2015_LoL_esports_match_data_from_OraclesElixir.csv,OGN,Spring,0,http://matchhistory.na.leagueoflegends.com/en/#match-details/TRKR1/540135?gameHash=ffeff6e4c32e9fd0,2015,Regular Season
TRKR1/550194,2015_LoL_esports_match_data_from_OraclesElixir.csv,OGN,Spring,0,http://matchhistory.na.leagueoflegends.com/en/#match-details/TRKR1/550194?gameHash=f4c7a07ef00703ab,2015,Regular Season
TRKR1/550195,2015_LoL_esports_match_data_from_OraclesElixir.csv,OGN,Spring,0,http://matchhistory.na.leagueoflegends.com/en/#match-details/TRKR1/550195?gameHash=38ff5820bed5eb6b,2015,Regular Season
TRKR1/550238,2015_LoL_esports_match_data_from_OraclesElixir.csv,OGN,Spring,0,http://matchhistory.na.leagueoflegends.com/en/#match-details/TRKR1/550238?gameHash=793c94c885531e93,2015,Regular Season
TRKR1/540262,2015_LoL_esports_match_data_from_OraclesElixir.csv,OGN,Spring,0,http://matchhistory.na.leagueoflegends.com/en/#match-details/TRKR1/540262?gameHash=6c3bae1b9142f4f7,2015,Regular Season
TRKR1/550265,2015_LoL_esports_match_data_from_OraclesElixir.csv,OGN,Spring,0,http://matchhistory.na.leagueoflegends.com/en/#match-details/TRKR1/550265?gameHash=6fac867bf9652fa3,2015,Regular Season
TRKR1/550266,2015_LoL_esports_match_data_from_OraclesElixir.csv,OGN,Spring,0,http://matchhistory.na.leagueoflegends.com/en/#match-details/TRKR1/550266?gameHash=a35851a050ba3ae0,2015,Regular Season
TRKR1/540290,2015_LoL_esports_match_data_from_OraclesElixir.csv,OGN,Spring,0,http://matchhistory.na.leagueoflegends.com/en/#match-details/TRKR1/540290?gameHash=130401184ab40e7d,2015,Regular Season
TRKR1/550272,2015_LoL_esports_match_data_from_OraclesElixir.csv,OGN,Spring,0,http://matchhistory.na.leagueoflegends.com/en/#match-details/TRKR1/550272?gameHash=4d98891f250d3738,2015,Regular Season
TRKR1/560026,2015_LoL_esports_match_data_from_OraclesElixir.csv,OGN,Spring,0,http://matchhistory.na.leagueoflegends.com/en/#match-details/TRKR1/560026?gameHash=9bc1093fd93954cc,2015,Regular Season
TRKR1/570016,2015_LoL_esports_match_data_from_OraclesElixir.csv,OGN,Spring,0,http://matchhistory.na.leagueoflegends.com/en/#match-details/TRKR1/570016?gameHash=d9737339e58d436a,2015,Regular Season
TRKR1/570060,2015_LoL_esports_match_data_from_OraclesElixir.csv,OGN,Spring,0,http://matchhistory.na.leagueoflegends.com/en/#match-details/TRKR1/570060?gameHash=a47b1e782111a362,2015,Regular Season
TRKR1/560058,2015_LoL_esports_match_data_from_OraclesElixir.csv,OGN,Spring,0,http://matchhistory.na.leagueoflegends.com/en/#match-details/TRKR1/560058?gameHash=8b391edbebc14df9,2015,Regular Season
TRKR1/570080,2015_LoL_esports_match_data_from_OraclesElixir.csv,OGN,Spring,0,http://matchhistory.na.leagueoflegends.com/en/#match-details/TRKR1/570080?gameHash=01af899d3540b3e8,2015,Regular Season
TRKR1/560093,2015_LoL_esports_match_data_from_OraclesElixir.csv,OGN,Spring,0,http://matchhistory.na.leagueoflegends.com/en/#match-details/TRKR1/560093?gameHash=25285b0fd6453379,2015,Regular Season
TRKR1/570086,2015_LoL_esports_match_data_from_OraclesElixir.csv,OGN,Spring,0,http://matchhistory.na.leagueoflegends.com/en/#match-details/TRKR1/570086?gameHash=e6acd732ef56b2e5,2015,Regular Season
TRKR1/570089,2015_LoL_esports_match_data_from_OraclesElixir.csv,OGN,Spring,0,http://matchhistory.na.leagueoflegends.com/en/#match-details/TRKR1/570089?gameHash=884e756c0d608024,2015,Regular Season
TRKR1/570090,2015_LoL_esports_match_data_from_OraclesElixir.csv,OGN,Spring,0,http://matchhistory.na.leagueoflegends.com/en/#match-details/TRKR1/570090?gameHash=371d86712132b494,2015,Regular Season
TRKR1/580020,2015_LoL_esports_match_data_from_OraclesElixir.csv,OGN,Spring,1,http://matchhistory.na.leagueoflegends.com/en/#match-details/TRKR1/580020?gameHash=72f3958d4ddee19d,2015,Playoff
TRKR1/580021,2015_LoL_esports_match_data_from_OraclesElixir.csv,OGN,Spring,1,http://matchhistory.na.leagueoflegends.com/en/#match-details/TRKR1/580021?gameHash=cd82661b0f25d6c7,2015,Playoff
TRKR1/580022,2015_LoL_esports_match_data_from_OraclesElixir.csv,OGN,Spring,1,http://matchhistory.na.leagueoflegends.com/en/#match-details/TRKR1/580022?gameHash=38f505eda2b94541,2015,Playoff
TRKR1/580100,2015_LoL_esports_match_data_from_OraclesElixir.csv,OGN,Spring,1,http://matchhistory.na.leagueoflegends.com/en/#match-details/TRKR1/580100?gameHash=0dea3381dd8783f4,2015,Playoff
TRKR1/580105,2015_LoL_esports_match_data_from_OraclesElixir.csv,OGN,Spring,1,http://matchhistory.na.leagueoflegends.com/en/#match-details/TRKR1/580105?gameHash=156fcf3fa2776e3f,2015,Playoff
TRKR1/580107,2015_LoL_esports_match_data_from_OraclesElixir.csv,OGN,Spring,1,http://matchhistory.na.leagueoflegends.com/en/#match-details/TRKR1/580107?gameHash=33ad9f88301528e6,2015,Playoff
TRKR1/580109,2015_LoL_esports_match_data_from_OraclesElixir.csv,OGN,Spring,1,http://matchhistory.na.leagueoflegends.com/en/#match-details/TRKR1/580109?gameHash=b817640f2c56dc89,2015,Playoff
TRKR1/580110,2015_LoL_esports_match_data_from_OraclesElixir.csv,OGN,Spring,1,http://matchhistory.na.leagueoflegends.com/en/#match-details/TRKR1/580110?gameHash=394ba5e889b3e4b5,2015,Playoff
TRKR1/590145,2015_LoL_esports_match_data_from_OraclesElixir.csv,OGN,Spring,1,http://matchhistory.na.leagueoflegends.com/en/#match-details/TRKR1/590145?gameHash=5586f154608d0575,2015,Playoff
TRKR1/590153,2015_LoL_esports_match_data_from_OraclesElixir.csv,OGN,Spring,1,http://matchhistory.na.leagueoflegends.com/en/#match-details/TRKR1/590153?gameHash=78a0a4658cb1e9c9,2015,Playoff
TRKR1/590155,2015_LoL_esports_match_data_from_OraclesElixir.csv,OGN,Spring,1,http://matchhistory.na.leagueoflegends.com/en/#match-details/TRKR1/590155?gameHash=291d633e5384ba58,2015,Playoff
TRKR1/610024,2015_LoL_esports_match_data_from_OraclesElixir.csv,OGN,Summer,0,http://matchhistory.na.leagueoflegends.com/en/#match-details/TRKR1/610024?gameHash=3f96d851762e02f6,2015,Promotion
TRKR1/610025,2015_LoL_esports_match_data_from_OraclesElixir.csv,OGN,Summer,0,http://matchhistory.na.leagueoflegends.com/en/#match-details/TRKR1/610025?gameHash=927ce76be909ef58,2015,Promotion
TRKR1/610026,2015_LoL_esports_match_data_from_OraclesElixir.csv,OGN,Summer,0,http://matchhistory.na.leagueoflegends.com/en/#match-details/TRKR1/610026?gameHash=6e8a9450ae074419,2015,Promotion
TRKR1/610030,2015_LoL_esports_match_data_from_OraclesElixir.csv,OGN,Summer,0,http://matchhistory.na.leagueoflegends.com/en/#match-details/TRKR1/610030?gameHash=3d53b14459085de5,2015,Promotion
TRKR1/610033,2015_LoL_esports_match_data_from_OraclesElixir.csv,OGN,Summer,0,http://matchhistory.na.leagueoflegends.com/en/#match-details/TRKR1/610033?gameHash=5bfbb23edb300ec3,2015,Promotion
TRKR1/610037,2015_LoL_esports_match_data_from_OraclesElixir.csv,OGN,Summer,0,http://matchhistory.na.leagueoflegends.com/en/#match-details/TRKR1/610037?gameHash=839c1fc4a7a41507,2015,Promotion
TRKR1/610038,2015_LoL_esports_match_data_from_OraclesElixir.csv,OGN,Summer,0,http://matchhistory.na.leagueoflegends.com/en/#match-details/TRKR1/610038?gameHash=c02ccf115ebbc961,2015,Promotion
TRKR1/610056,2015_LoL_esports_match_data_from_OraclesElixir.csv,OGN,Summer,0,http://matchhistory.na.leagueoflegends.com/en/#match-details/TRKR1/610056?gameHash=5ed61e49935056e6,2015,Promotion
TRKR1/610058,2015_LoL_esports_match_data_from_OraclesElixir.csv,OGN,Summer,0,http://matchhistory.na.leagueoflegends.com/en/#match-details/TRKR1/610058?gameHash=e4e29b7950dd57b2,2015,Promotion
TRKR1/610059,2015_LoL_esports_match_data_from_OraclesElixir.csv,OGN,Summer,0,http://matchhistory.na.leagueoflegends.com/en/#match-details/TRKR1/610059?gameHash=36121fc0247cb859,2015,Promotion
TRKR1/610063,2015_LoL_esports_match_data_from_OraclesElixir.csv,OGN,Summer,0,http://matchhistory.na.leagueoflegends.com/en/#match-details/TRKR1/610063?gameHash=f27b6125b6df7988,2015,Promotion
TRKR1/610065,2015_LoL_esports_match_data_from_OraclesElixir.csv,OGN,Summer,0,http://matchhistory.na.leagueoflegends.com/en/#match-details/TRKR1/610065?gameHash=e7060fa4a69ab880,2015,Promotion
TRKR1/610069,2015_LoL_esports_match_data_from_OraclesElixir.csv,OGN,Summer,0,http://matchhistory.na.leagueoflegends.com/en/#match-details/TRKR1/610069?gameHash=faf0d17dd1b61aa6,2015,Promotion
TRKR1/610070,2015_LoL_esports_match_data_from_OraclesElixir.csv,OGN,Summer,0,http://matchhistory.na.leagueoflegends.com/en/#match-details/TRKR1/610070?gameHash=8ec7c1af16aa20e6,2015,Promotion
TRKR1/600085,2015_LoL_esports_match_data_from_OraclesElixir.csv,OGN,Summer,0,http://matchhistory.na.leagueoflegends.com/en/#match-details/TRKR1/600085?gameHash=be2d41460ace9b23,2015,Regular Season
TRKR1/600086,2015_LoL_esports_match_data_from_OraclesElixir.csv,OGN,Summer,0,http://matchhistory.na.leagueoflegends.com/en/#match-details/TRKR1/600086?gameHash=66ac3b465e2b5fb3,2015,Regular Season
TRKR1/600089,2015_LoL_esports_match_data_from_OraclesElixir.csv,OGN,Summer,0,http://matchhistory.na.leagueoflegends.com/en/#match-details/TRKR1/600089?gameHash=58c572e9c1723e02,2015,Regular Season
TRKR1/600094,2015_LoL_esports_match_data_from_OraclesElixir.csv,OGN,Summer,0,http://matchhistory.na.leagueoflegends.com/en/#match-details/TRKR1/600094?gameHash=5c9258fe3e26185c,2015,Regular Season
TRKR1/600106,2015_LoL_esports_match_data_from_OraclesElixir.csv,OGN,Summer,0,http://matchhistory.na.leagueoflegends.com/en/#match-details/TRKR1/600106?gameHash=68df9790b5b83982,2015,Regular Season
TRKR1/610150,2015_LoL_esports_match_data_from_OraclesElixir.csv,OGN,Summer,0,http://matchhistory.na.leagueoflegends.com/en/#match-details/TRKR1/610150?gameHash=9b90fa8ccb5a43db,2015,Regular Season
TRKR1/610154,2015_LoL_esports_match_data_from_OraclesElixir.csv,OGN,Summer,0,http://matchhistory.na.leagueoflegends.com/en/#match-details/TRKR1/610154?gameHash=4346ccdf03eb2095,2015,Regular Season
TRKR1/610155,2015_LoL_esports_match_data_from_OraclesElixir.csv,OGN,Summer,0,http://matchhistory.na.leagueoflegends.com/en/#match-details/TRKR1/610155?gameHash=001a1f289e3bab22,2015,Regular Season
TRKR1/600174,2015_LoL_esports_match_data_from_OraclesElixir.csv,OGN,Summer,0,http://matchhistory.na.leagueoflegends.com/en/#match-details/TRKR1/600174?gameHash=7cf0f3324e7dcca3,2015,Regular Season
TRKR1/600175,2015_LoL_esports_match_data_from_OraclesElixir.csv,OGN,Summer,0,http://matchhistory.na.leagueoflegends.com/en/#match-details/TRKR1/600175?gameHash=c75f60409d2c0298,2015,Regular Season
TRKR1/600176,2015_LoL_esports_match_data_from_OraclesElixir.csv,OGN,Summer,0,http://matchhistory.na.leagueoflegends.com/en/#match-details/TRKR1/600176?gameHash=6faf2a8f7fca03b6,2015,Regular Season
TRKR1/600190,2015_LoL_esports_match_data_from_OraclesElixir.csv,OGN,Summer,0,http://matchhistory.na.leagueoflegends.com/en/#match-details/TRKR1/600190?gameHash=93b1be18fdf06d55,2015,Regular Season
TRKR1/610197,2015_LoL_esports_match_data_from_OraclesElixir.csv,OGN,Summer,0,http://matchhistory.na.leagueoflegends.com/en/#match-details/TRKR1/610197?gameHash=3d1becf9be5ab966,2015,Regular Season
TRKR1/610202,2015_LoL_esports_match_data_from_OraclesElixir.csv,OGN,Summer,0,http://matchhistory.na.leagueoflegends.com/en/#match-details/TRKR1/610202?gameHash=daa747b092b67d12,2015,Regular Season
TRKR1/610203,2015_LoL_esports_match_data_from_OraclesElixir.csv,OGN,Summer,0,http://matchhistory.na.leagueoflegends.com/en/#match-details/TRKR1/610203?gameHash=c143f1dc65452e52,2015,Regular Season
TRKR1/610209,2015_LoL_esports_match_data_from_OraclesElixir.csv,OGN,Summer,0,http://matchhistory.na.leagueoflegends.com/en/#match-details/TRKR1/610209?gameHash=6fb1761d6a9f4346,2015,Regular Season
TRKR1/610210,2015_LoL_esports_match_data_from_OraclesElixir.csv,OGN,Summer,0,http://matchhistory.na.leagueoflegends.com/en/#match-details/TRKR1/610210?gameHash=2af44125826fb636,2015,Regular Season
TRKR1/640024,2015_LoL_esports_match_data_from_OraclesElixir.csv,OGN,Summer,0,http://matchhistory.na.leagueoflegends.com/en/#match-details/TRKR1/640024?gameHash=9689a7f7695f31ca,2015,Regular Season
TRKR1/640028,2015_LoL_esports_match_data_from_OraclesElixir.csv,OGN,Summer,0,http://matchhistory.na.leagueoflegends.com/en/#match-details/TRKR1/640028?gameHash=fc45d273dafb078e,2015,Regular Season
TRKR1/640030,2015_LoL_esports_match_data_from_OraclesElixir.csv,OGN,Summer,0,http://matchhistory.na.leagueoflegends.com/en/#match-details/TRKR1/640030?gameHash=5054af0406ea6630,2015,Regular Season
TRKR1/640038,2015_LoL_esports_match_data_from_OraclesElixir.csv,OGN,Summer,0,http://matchhistory.na.leagueoflegends.com/en/#match-details/TRKR1/640038?gameHash=167b36127fdced39,2015,Regular Season
TRKR1/640039,2015_LoL_esports_match_data_from_OraclesElixir.csv,OGN,Summer,0,http://matchhistory.na.leagueoflegends.com/en/#match-details/TRKR1/640039?gameHash=cc33cfa8106af92e,2015,Regular Season
TRKR1/640057,2015_LoL_esports_match_data_from_OraclesElixir.csv,OGN,Summer,0,http://matchhistory.na.leagueoflegends.com/en/#match-details/TRKR1/640057?gameHash=ed6a1a3501fe1c46,2015,Regular Season
TRKR1/640060,2015_LoL_esports_match_data_from_OraclesElixir.csv,OGN,Summer,0,http://matchhistory.na.leagueoflegends.com/en/#match-details/TRKR1/640060?gameHash=3333277db5e39870,2015,Regular Season
TRKR1/640064,2015_LoL_esports_match_data_from_OraclesElixir.csv,OGN,Summer,0,http://matchhistory.na.leagueoflegends.com/en/#match-details/TRKR1/640064?gameHash=ab1df0e719038b25,2015,Regular Season
TRKR1/640083,2015_LoL_esports_match_data_from_OraclesElixir.csv,OGN,Summer,0,http://matchhistory.na.leagueoflegends.com/en/#match-details/TRKR1/640083?gameHash=fe364bd2720c21af,2015,Regular Season
TRKR1/640084,2015_LoL_esports_match_data_from_OraclesElixir.csv,OGN,Summer,0,http://matchhistory.na.leagueoflegends.com/en/#match-details/TRKR1/640084?gameHash=5fd1dbb71ed75340,2015,Regular Season
TRKR1/640090,2015_LoL_esports_match_data_from_OraclesElixir.csv,OGN,Summer,0,http://matchhistory.na.leagueoflegends.com/en/#match-details/TRKR1/640090?gameHash=bffb41c379d08982,2015,Regular Season
TRKR1/640095,2015_LoL_esports_match_data_from_OraclesElixir.csv,OGN,Summer,0,http://matchhistory.na.leagueoflegends.com/en/#match-details/TRKR1/640095?gameHash=50b879fc644f4589,2015,Regular Season
TRKR1/640098,2015_LoL_esports_match_data_from_OraclesElixir.csv,OGN,Summer,0,http://matchhistory.na.leagueoflegends.com/en/#match-details/TRKR1/640098?gameHash=e46d64090c7a1ec7,2015,Regular Season
TRKR1/640115,2015_LoL_esports_match_data_from_OraclesElixir.csv,OGN,Summer,0,http://matchhistory.na.leagueoflegends.com/en/#match-details/TRKR1/640115?gameHash=5db983640f15c689,2015,Regular Season
TRKR1/640116,2015_LoL_esports_match_data_from_OraclesElixir.csv,OGN,Summer,0,http://matchhistory.na.leagueoflegends.com/en/#match-details/TRKR1/640116?gameHash=e7b7b9a399274223,2015,Regular Season
TRKR1/640122,2015_LoL_esports_match_data_from_OraclesElixir.csv,OGN,Summer,0,http://matchhistory.na.leagueoflegends.com/en/#match-details/TRKR1/640122?gameHash=6f624fa623fc1d73,2015,Regular Season
TRKR1/640126,2015_LoL_esports_match_data_from_OraclesElixir.csv,OGN,Summer,0,http://matchhistory.na.leagueoflegends.com/en/#match-details/TRKR1/640126?gameHash=2ddd73305bfecb2f,2015,Regular Season
TRKR1/630198,2015_LoL_esports_match_data_from_OraclesElixir.csv,OGN,Summer,0,http://matchhistory.na.leagueoflegends.com/en/#match-details/TRKR1/630198?gameHash=352128330932868a,2015,Regular Season
TRKR1/630206,2015_LoL_esports_match_data_from_OraclesElixir.csv,OGN,Summer,0,http://matchhistory.na.leagueoflegends.com/en/#match-details/TRKR1/630206?gameHash=471e3f3445e86ad4,2015,Regular Season
TRKR1/630207,2015_LoL_esports_match_data_from_OraclesElixir.csv,OGN,Summer,0,http://matchhistory.na.leagueoflegends.com/en/#match-details/TRKR1/630207?gameHash=b18397af7713cb48,2015,Regular Season
TRKR1/630215,2015_LoL_esports_match_data_from_OraclesElixir.csv,OGN,Summer,0,http://matchhistory.na.leagueoflegends.com/en/#match-details/TRKR1/630215?gameHash=acc8724ced429db9,2015,Regular Season
TRKR1/630218,2015_LoL_esports_match_data_from_OraclesElixir.csv,OGN,Summer,0,http://matchhistory.na.leagueoflegends.com/en/#match-details/TRKR1/630218?gameHash=2477dfda4e05d16b,2015,Regular Season
TRKR1/640227,2015_LoL_esports_match_data_from_OraclesElixir.csv,OGN,Summer,0,http://matchhistory.na.leagueoflegends.com/en/#match-details/TRKR1/640227?gameHash=d05a5bf74a234fd9,2015,Regular Season
TRKR1/640231,2015_LoL_esports_match_data_from_OraclesElixir.csv,OGN,Summer,0,http://matchhistory.na.leagueoflegends.com/en/#match-details/TRKR1/640231?gameHash=45c6f42451c5fece,2015,Regular Season
TRKR1/640267,2015_LoL_esports_match_data_from_OraclesElixir.csv,OGN,Summer,0,http://matchhistory.na.leagueoflegends.com/en/#match-details/TRKR1/640267?gameHash=e716cfe83c6df096,2015,Regular Season
TRKR1/640269,2015_LoL_esports_match_data_from_OraclesElixir.csv,OGN,Summer,0,http://matchhistory.na.leagueoflegends.com/en/#match-details/TRKR1/640269?gameHash=51dfa6a539c42ee4,2015,Regular Season
TRKR1/640273,2015_LoL_esports_match_data_from_OraclesElixir.csv,OGN,Summer,0,http://matchhistory.na.leagueoflegends.com/en/#match-details/TRKR1/640273?gameHash=1d03c9e59b75a34d,2015,Regular Season
TRKR1/640278,2015_LoL_esports_match_data_from_OraclesElixir.csv,OGN,Summer,0,http://matchhistory.na.leagueoflegends.com/en/#match-details/TRKR1/640278?gameHash=8e41a32cdb694fb8,2015,Regular Season
TRKR1/640285,2015_LoL_esports_match_data_from_OraclesElixir.csv,OGN,Summer,0,http://matchhistory.na.leagueoflegends.com/en/#match-details/TRKR1/640285?gameHash=cf8145be1cfd809c,2015,Regular Season
TRKR1/630310,2015_LoL_esports_match_data_from_OraclesElixir.csv,OGN,Summer,0,http://matchhistory.na.leagueoflegends.com/en/#match-details/TRKR1/630310?gameHash=b51847fec08a0f8b,2015,Regular Season
TRKR1/630312,2015_LoL_esports_match_data_from_OraclesElixir.csv,OGN,Summer,0,http://matchhistory.na.leagueoflegends.com/en/#match-details/TRKR1/630312?gameHash=73702dd5d8c41813,2015,Regular Season
TRKR1/630314,2015_LoL_esports_match_data_from_OraclesElixir.csv,OGN,Summer,0,http://matchhistory.na.leagueoflegends.com/en/#match-details/TRKR1/630314?gameHash=2b1d88ff96ebad71,2015,Regular Season
TRKR1/630317,2015_LoL_esports_match_data_from_OraclesElixir.csv,OGN,Summer,0,http://matchhistory.na.leagueoflegends.com/en/#match-details/TRKR1/630317?gameHash=c9e811b648e8f5e5,2015,Regular Season
TRKR1/630323,2015_LoL_esports_match_data_from_OraclesElixir.csv,OGN,Summer,0,http://matchhistory.na.leagueoflegends.com/en/#match-details/TRKR1/630323?gameHash=7215c47393df6128,2015,Regular Season
TRKR1/630324,2015_LoL_esports_match_data_from_OraclesElixir.csv,OGN,Summer,0,http://matchhistory.na.leagueoflegends.com/en/#match-details/TRKR1/630324?gameHash=9e723d3361a600d4,2015,Regular Season
TRKR1/650034,2015_LoL_esports_match_data_from_OraclesElixir.csv,OGN,Summer,0,http://matchhistory.na.leagueoflegends.com/en/#match-details/TRKR1/650034?gameHash=7f5b26d7a8e00cbe,2015,Regular Season
TRKR1/650038,2015_LoL_esports_match_data_from_OraclesElixir.csv,OGN,Summer,0,http://matchhistory.na.leagueoflegends.com/en/#match-details/TRKR1/650038?gameHash=2ccae0ec71f3ef1b,2015,Regular Season
TRKR1/650050,2015_LoL_esports_match_data_from_OraclesElixir.csv,OGN,Summer,0,http://matchhistory.na.leagueoflegends.com/en/#match-details/TRKR1/650050?gameHash=1367042b3d690fc4,2015,Regular Season
TRKR1/650053,2015_LoL_esports_match_data_from_OraclesElixir.csv,OGN,Summer,0,http://matchhistory.na.leagueoflegends.com/en/#match-details/TRKR1/650053?gameHash=b3f2aea90eefe127,2015,Regular Season
TRKR1/650054,2015_LoL_esports_match_data_from_OraclesElixir.csv,OGN,Summer,0,http://matchhistory.na.leagueoflegends.com/en/#match-details/TRKR1/650054?gameHash=f689809705533e0f,2015,Regular Season
TRKR1/650071,2015_LoL_esports_match_data_from_OraclesElixir.csv,OGN,Summer,0,http://matchhistory.na.leagueoflegends.com/en/#match-details/TRKR1/650071?gameHash=314acdbf3a4d9079,2015,Regular Season
TRKR1/660052,2015_LoL_esports_match_data_from_OraclesElixir.csv,OGN,Summer,0,http://matchhistory.na.leagueoflegends.com/en/#match-details/TRKR1/660052?gameHash=6ae1a2e6d8393bf9,2015,Regular Season
TRKR1/660055,2015_LoL_esports_match_data_from_OraclesElixir.csv,OGN,Summer,0,http://matchhistory.na.leagueoflegends.com/en/#match-details/TRKR1/660055?gameHash=3f8f4c1c29c5700d,2015,Regular Season
TRKR1/660061,2015_LoL_esports_match_data_from_OraclesElixir.csv,OGN,Summer,0,http://matchhistory.na.leagueoflegends.com/en/#match-details/TRKR1/660061?gameHash=5038e7cca2923a98,2015,Regular Season
TRKR1/660063,2015_LoL_esports_match_data_from_OraclesElixir.csv,OGN,Summer,0,http://matchhistory.na.leagueoflegends.com/en/#match-details/TRKR1/660063?gameHash=f9f58a552c3509e6,2015,Regular Season
TRKR1/650129,2015_LoL_esports_match_data_from_OraclesElixir.csv,OGN,Summer,0,http://matchhistory.na.leagueoflegends.com/en/#match-details/TRKR1/650129?gameHash=fc8626c541d70a12,2015,Regular Season
TRKR1/650131,2015_LoL_esports_match_data_from_OraclesElixir.csv,OGN,Summer,0,http://matchhistory.na.leagueoflegends.com/en/#match-details/TRKR1/650131?gameHash=fe6dd41aba7e387a,2015,Regular Season
TRKR1/650140,2015_LoL_esports_match_data_from_OraclesElixir.csv,OGN,Summer,0,http://matchhistory.na.leagueoflegends.com/en/#match-details/TRKR1/650140?gameHash=e946010e7b705015,2015,Regular Season
TRKR1/650142,2015_LoL_esports_match_data_from_OraclesElixir.csv,OGN,Summer,0,http://matchhistory.na.leagueoflegends.com/en/#match-details/TRKR1/650142?gameHash=765d0811d6c385b2,2015,Regular Season
TRKR1/660119,2015_LoL_esports_match_data_from_OraclesElixir.csv,OGN,Summer,0,http://matchhistory.na.leagueoflegends.com/en/#match-details/TRKR1/660119?gameHash=b3ee0945c7590ce6,2015,Regular Season
TRKR1/660120,2015_LoL_esports_match_data_from_OraclesElixir.csv,OGN,Summer,0,http://matchhistory.na.leagueoflegends.com/en/#match-details/TRKR1/660120?gameHash=f5fba7077eacc895,2015,Regular Season
TRKR1/660121,2015_LoL_esports_match_data_from_OraclesElixir.csv,OGN,Summer,0,http://matchhistory.na.leagueoflegends.com/en/#match-details/TRKR1/660121?gameHash=d7c3665fa6da1fe3,2015,Regular Season
TRKR1/660129,2015_LoL_esports_match_data_from_OraclesElixir.csv,OGN,Summer,0,http://matchhistory.na.leagueoflegends.com/en/#match-details/TRKR1/660129?gameHash=f076ab2fd83b37b1,2015,Regular Season
TRKR1/660130,2015_LoL_esports_match_data_from_OraclesElixir.csv,OGN,Summer,0,http://matchhistory.na.leagueoflegends.com/en/#match-details/TRKR1/660130?gameHash=0c4a30175b46ac73,2015,Regular Season
TRKR1/660131,2015_LoL_esports_match_data_from_OraclesElixir.csv,OGN,Summer,0,http://matchhistory.na.leagueoflegends.com/en/#match-details/TRKR1/660131?gameHash=090fc77d706e30cc,2015,Regular Season
TRKR1/660178,2015_LoL_esports_match_data_from_OraclesElixir.csv,OGN,Summer,0,http://matchhistory.na.leagueoflegends.com/en/#match-details/TRKR1/660178?gameHash=77cffa84014c22b2,2015,Regular Season
TRKR1/660185,2015_LoL_esports_match_data_from_OraclesElixir.csv,OGN,Summer,0,http://matchhistory.na.leagueoflegends.com/en/#match-details/TRKR1/660185?gameHash=c9ffea38454dc234,2015,Regular Season
TRKR1/660193,2015_LoL_esports_match_data_from_OraclesElixir.csv,OGN,Summer,0,http://matchhistory.na.leagueoflegends.com/en/#match-details/TRKR1/660193?gameHash=c0a38b0281e47272,2015,Regular Season
TRKR1/660196,2015_LoL_esports_match_data_from_OraclesElixir.csv,OGN,Summer,0,http://matchhistory.na.leagueoflegends.com/en/#match-details/TRKR1/660196?gameHash=eaa1584a379e179c,2015,Regular Season
TRKR1/660222,2015_LoL_esports_match_data_from_OraclesElixir.csv,OGN,Summer,0,http://matchhistory.na.leagueoflegends.com/en/#match-details/TRKR1/660222?gameHash=d162bf14e83604e6,2015,Regular Season
TRKR1/660223,2015_LoL_esports_match_data_from_OraclesElixir.csv,OGN,Summer,0,http://matchhistory.na.leagueoflegends.com/en/#match-details/TRKR1/660223?gameHash=376a55b948f7c25a,2015,Regular Season
TRKR1/660228,2015_LoL_esports_match_data_from_OraclesElixir.csv,OGN,Summer,0,http://matchhistory.na.leagueoflegends.com/en/#match-details/TRKR1/660228?gameHash=636f218af1f8aeff,2015,Regular Season
TRKR1/660232,2015_LoL_esports_match_data_from_OraclesElixir.csv,OGN,Summer,0,http://matchhistory.na.leagueoflegends.com/en/#match-details/TRKR1/660232?gameHash=8a5974d9d6edc091,2015,Regular Season
TRKR1/650309,2015_LoL_esports_match_data_from_OraclesElixir.csv,OGN,Summer,0,http://matchhistory.na.leagueoflegends.com/en/#match-details/TRKR1/650309?gameHash=e87a2fc62c3007e9,2015,Regular Season
TRKR1/650310,2015_LoL_esports_match_data_from_OraclesElixir.csv,OGN,Summer,0,http://matchhistory.na.leagueoflegends.com/en/#match-details/TRKR1/650310?gameHash=c50f76faeebf8b3e,2015,Regular Season
TRKR1/650311,2015_LoL_esports_match_data_from_OraclesElixir.csv,OGN,Summer,0,http://matchhistory.na.leagueoflegends.com/en/#match-details/TRKR1/650311?gameHash=dd111fa6f03ffbf2,2015,Regular Season
TRKR1/650318,2015_LoL_esports_match_data_from_OraclesElixir.csv,OGN,Summer,0,http://matchhistory.na.leagueoflegends.com/en/#match-details/TRKR1/650318?gameHash=4abf817f405e6197,2015,Regular Season
TRKR1/650320,2015_LoL_esports_match_data_from_OraclesElixir.csv,OGN,Summer,0,http://matchhistory.na.leagueoflegends.com/en/#match-details/TRKR1/650320?gameHash=2aba4bada0e416b9,2015,Regular Season
TRKR1/660296,2015_LoL_esports_match_data_from_OraclesElixir.csv,OGN,Summer,0,http://matchhistory.na.leagueoflegends.com/en/#match-details/TRKR1/660296?gameHash=fc6b815d6325769d,2015,Regular Season
TRKR1/660297,2015_LoL_esports_match_data_from_OraclesElixir.csv,OGN,Summer,0,http://matchhistory.na.leagueoflegends.com/en/#match-details/TRKR1/660297?gameHash=8ecda24368c2163e,2015,Regular Season
TRKR1/660303,2015_LoL_esports_match_data_from_OraclesElixir.csv,OGN,Summer,0,http://matchhistory.na.leagueoflegends.com/en/#match-details/TRKR1/660303?gameHash=a73a7e615c82374c,2015,Regular Season
TRKR1/660305,2015_LoL_esports_match_data_from_OraclesElixir.csv,OGN,Summer,0,http://matchhistory.na.leagueoflegends.com/en/#match-details/TRKR1/660305?gameHash=176569dee461d3a1,2015,Regular Season
TRKR1/670036,2015_LoL_esports_match_data_from_OraclesElixir.csv,OGN,Summer,0,http://matchhistory.na.leagueoflegends.com/en/#match-details/TRKR1/670036?gameHash=9bc078b238629d04,2015,Regular Season
TRKR1/670040,2015_LoL_esports_match_data_from_OraclesElixir.csv,OGN,Summer,0,http://matchhistory.na.leagueoflegends.com/en/#match-details/TRKR1/670040?gameHash=49928251882c5a0a,2015,Regular Season
TRKR1/670048,2015_LoL_esports_match_data_from_OraclesElixir.csv,OGN,Summer,0,http://matchhistory.na.leagueoflegends.com/en/#match-details/TRKR1/670048?gameHash=0f6e22ad6d63292f,2015,Regular Season
TRKR1/670055,2015_LoL_esports_match_data_from_OraclesElixir.csv,OGN,Summer,0,http://matchhistory.na.leagueoflegends.com/en/#match-details/TRKR1/670055?gameHash=d8c87d375167f16a,2015,Regular Season
TRKR1/680062,2015_LoL_esports_match_data_from_OraclesElixir.csv,OGN,Summer,0,http://matchhistory.na.leagueoflegends.com/en/#match-details/TRKR1/680062?gameHash=55706adc5b49d771,2015,Regular Season
TRKR1/680063,2015_LoL_esports_match_data_from_OraclesElixir.csv,OGN,Summer,0,http://matchhistory.na.leagueoflegends.com/en/#match-details/TRKR1/680063?gameHash=51b2e53529696c0b,2015,Regular Season
TRKR1/680065,2015_LoL_esports_match_data_from_OraclesElixir.csv,OGN,Summer,0,http://matchhistory.na.leagueoflegends.com/en/#match-details/TRKR1/680065?gameHash=f0c5ef8a17f2e40f,2015,Regular Season
TRKR1/680067,2015_LoL_esports_match_data_from_OraclesElixir.csv,OGN,Summer,0,http://matchhistory.na.leagueoflegends.com/en/#match-details/TRKR1/680067?gameHash=c706d7bd6809b309,2015,Regular Season
TRKR1/680075,2015_LoL_esports_match_data_from_OraclesElixir.csv,OGN,Summer,0,http://matchhistory.na.leagueoflegends.com/en/#match-details/TRKR1/680075?gameHash=ed9e5729b886c915,2015,Regular Season
TRKR1/680108,2015_LoL_esports_match_data_from_OraclesElixir.csv,OGN,Summer,0,http://matchhistory.na.leagueoflegends.com/en/#match-details/TRKR1/680108?gameHash=e777fd4662616b9b,2015,Regular Season
TRKR1/680113,2015_LoL_esports_match_data_from_OraclesElixir.csv,OGN,Summer,0,http://matchhistory.na.leagueoflegends.com/en/#match-details/TRKR1/680113?gameHash=353cb4a9ca38ffc9,2015,Regular Season
TRKR1/680114,2015_LoL_esports_match_data_from_OraclesElixir.csv,OGN,Summer,0,http://matchhistory.na.leagueoflegends.com/en/#match-details/TRKR1/680114?gameHash=76599c4d10a76200,2015,Regular Season
TRKR1/680122,2015_LoL_esports_match_data_from_OraclesElixir.csv,OGN,Summer,0,http://matchhistory.na.leagueoflegends.com/en/#match-details/TRKR1/680122?gameHash=38707dc1e04b6954,2015,Regular Season
TRKR1/670162,2015_LoL_esports_match_data_from_OraclesElixir.csv,OGN,Summer,0,http://matchhistory.na.leagueoflegends.com/en/#match-details/TRKR1/670162?gameHash=118f365dbde2fb26,2015,Regular Season
TRKR1/670163,2015_LoL_esports_match_data_from_OraclesElixir.csv,OGN,Summer,0,http://matchhistory.na.leagueoflegends.com/en/#match-details/TRKR1/670163?gameHash=7211a46d9e64fa2d,2015,Regular Season
TRKR1/670164,2015_LoL_esports_match_data_from_OraclesElixir.csv,OGN,Summer,0,http://matchhistory.na.leagueoflegends.com/en/#match-details/TRKR1/670164?gameHash=e8e7f3e717d112f8,2015,Regular Season
TRKR1/670170,2015_LoL_esports_match_data_from_OraclesElixir.csv,OGN,Summer,0,http://matchhistory.na.leagueoflegends.com/en/#match-details/TRKR1/670170?gameHash=e3d7a99b68c80060,2015,Regular Season
TRKR1/680193,2015_LoL_esports_match_data_from_OraclesElixir.csv,OGN,Summer,0,http://matchhistory.na.leagueoflegends.com/en/#match-details/TRKR1/680193?gameHash=c25292c93f9a7c5a,2015,Regular Season
TRKR1/680198,2015_LoL_esports_match_data_from_OraclesElixir.csv,OGN,Summer,0,http://matchhistory.na.leagueoflegends.com/en/#match-details/TRKR1/680198?gameHash=626db4b68d09f16c,2015,Regular Season
TRKR1/680200,2015_LoL_esports_match_data_from_OraclesElixir.csv,OGN,Summer,0,http://matchhistory.na.leagueoflegends.com/en/#match-details/TRKR1/680200?gameHash=a3c249ad7a9928fc,2015,Regular Season
TRKR1/680209,2015_LoL_esports_match_data_from_OraclesElixir.csv,OGN,Summer,0,http://matchhistory.na.leagueoflegends.com/en/#match-details/TRKR1/680209?gameHash=d126831314bb62ef,2015,Regular Season
TRKR1/670267,2015_LoL_esports_match_data_from_OraclesElixir.csv,OGN,Summer,0,http://matchhistory.na.leagueoflegends.com/en/#match-details/TRKR1/670267?gameHash=a8eee234011ada5b,2015,Regular Season
TRKR1/670270,2015_LoL_esports_match_data_from_OraclesElixir.csv,OGN,Summer,0,http://matchhistory.na.leagueoflegends.com/en/#match-details/TRKR1/670270?gameHash=de53522f399082fb,2015,Regular Season
TRKR1/670317,2015_LoL_esports_match_data_from_OraclesElixir.csv,OGN,Summer,0,http://matchhistory.na.leagueoflegends.com/en/#match-details/TRKR1/670317?gameHash=c84147f29cb762cc,2015,Regular Season
TRKR1/670318,2015_LoL_esports_match_data_from_OraclesElixir.csv,OGN,Summer,0,http://matchhistory.na.leagueoflegends.com/en/#match-details/TRKR1/670318?gameHash=c627f4419d5687ef,2015,Regular Season
TRKR1/670321,2015_LoL_esports_match_data_from_OraclesElixir.csv,OGN,Summer,0,http://matchhistory.na.leagueoflegends.com/en/#match-details/TRKR1/670321?gameHash=8d498f540cd33bc0,2015,Regular Season
TRKR1/670334,2015_LoL_esports_match_data_from_OraclesElixir.csv,OGN,Summer,0,http://matchhistory.na.leagueoflegends.com/en/#match-details/TRKR1/670334?gameHash=2605b5ffdb3710f3,2015,Regular Season
TRKR1/680319,2015_LoL_esports_match_data_from_OraclesElixir.csv,OGN,Summer,0,http://matchhistory.na.leagueoflegends.com/en/#match-details/TRKR1/680319?gameHash=010806395ccc936c,2015,Regular Season
TRKR1/680321,2015_LoL_esports_match_data_from_OraclesElixir.csv,OGN,Summer,0,http://matchhistory.na.leagueoflegends.com/en/#match-details/TRKR1/680321?gameHash=697c8f05f2cd2430,2015,Regular Season
TRKR1/680325,2015_LoL_esports_match_data_from_OraclesElixir.csv,OGN,Summer,0,http://matchhistory.na.leagueoflegends.com/en/#match-details/TRKR1/680325?gameHash=f94b74807fb6d2cd,2015,Regular Season
TRKR1/680329,2015_LoL_esports_match_data_from_OraclesElixir.csv,OGN,Summer,0,http://matchhistory.na.leagueoflegends.com/en/#match-details/TRKR1/680329?gameHash=259ce0c7fdcc09b9,2015,Regular Season
TRKR1/700027,2015_LoL_esports_match_data_from_OraclesElixir.csv,OGN,Summer,0,http://matchhistory.na.leagueoflegends.com/en/#match-details/TRKR1/700027?gameHash=0a02726928445cdc,2015,Regular Season
TRKR1/700029,2015_LoL_esports_match_data_from_OraclesElixir.csv,OGN,Summer,0,http://matchhistory.na.leagueoflegends.com/en/#match-details/TRKR1/700029?gameHash=d98397e23b44a84b,2015,Regular Season
TRKR1/700031,2015_LoL_esports_match_data_from_OraclesElixir.csv,OGN,Summer,0,http://matchhistory.na.leagueoflegends.com/en/#match-details/TRKR1/700031?gameHash=c61ca4141568cda6,2015,Regular Season
TRKR1/700036,2015_LoL_esports_match_data_from_OraclesElixir.csv,OGN,Summer,0,http://matchhistory.na.leagueoflegends.com/en/#match-details/TRKR1/700036?gameHash=9f018ac7eab10cbf,2015,Regular Season
TRKR1/700044,2015_LoL_esports_match_data_from_OraclesElixir.csv,OGN,Summer,0,http://matchhistory.na.leagueoflegends.com/en/#match-details/TRKR1/700044?gameHash=057fcb4968b25e0f,2015,Regular Season
TRKR1/690073,2015_LoL_esports_match_data_from_OraclesElixir.csv,OGN,Summer,0,http://matchhistory.na.leagueoflegends.com/en/#match-details/TRKR1/690073?gameHash=694c6e8080dd7719,2015,Regular Season
TRKR1/690081,2015_LoL_esports_match_data_from_OraclesElixir.csv,OGN,Summer,0,http://matchhistory.na.leagueoflegends.com/en/#match-details/TRKR1/690081?gameHash=4dc278c3b42921f4,2015,Regular Season
TRKR1/690085,2015_LoL_esports_match_data_from_OraclesElixir.csv,OGN,Summer,0,http://matchhistory.na.leagueoflegends.com/en/#match-details/TRKR1/690085?gameHash=54c809b70eaaf824,2015,Regular Season
TRKR1/700097,2015_LoL_esports_match_data_from_OraclesElixir.csv,OGN,Summer,0,http://matchhistory.na.leagueoflegends.com/en/#match-details/TRKR1/700097?gameHash=db93bd6d055e0f13,2015,Regular Season
TRKR1/700100,2015_LoL_esports_match_data_from_OraclesElixir.csv,OGN,Summer,0,http://matchhistory.na.leagueoflegends.com/en/#match-details/TRKR1/700100?gameHash=11c836ca43650726,2015,Regular Season
TRKR1/700101,2015_LoL_esports_match_data_from_OraclesElixir.csv,OGN,Summer,0,http://matchhistory.na.leagueoflegends.com/en/#match-details/TRKR1/700101?gameHash=11e3596513c3460b,2015,Regular Season
TRKR1/700105,2015_LoL_esports_match_data_from_OraclesElixir.csv,OGN,Summer,0,http://matchhistory.na.leagueoflegends.com/en/#match-details/TRKR1/700105?gameHash=438ee81a61704189,2015,Regular Season
TRKR1/700115,2015_LoL_esports_match_data_from_OraclesElixir.csv,OGN,Summer,0,http://matchhistory.na.leagueoflegends.com/en/#match-details/TRKR1/700115?gameHash=10817559c579d527,2015,Regular Season
TRKR1/700132,2015_LoL_esports_match_data_from_OraclesElixir.csv,OGN,Summer,0,https://matchhistory.na.leagueoflegends.com/en/#match-details/TRKR1/700132?gameHash=1cfcd719b6124517,2015,Regular Season
TRKR1/700133,2015_LoL_esports_match_data_from_OraclesElixir.csv,OGN,Summer,0,http://matchhistory.na.leagueoflegends.com/en/#match-details/TRKR1/700133?gameHash=2ce0784e6a6de7f4,2015,Regular Season
TRKR1/700134,2015_LoL_esports_match_data_from_OraclesElixir.csv,OGN,Summer,0,http://matchhistory.na.leagueoflegends.com/en/#match-details/TRKR1/700134?gameHash=150b1d2a1efd4910,2015,Regular Season
TRKR1/700135,2015_LoL_esports_match_data_from_OraclesElixir.csv,OGN,Summer,0,http://matchhistory.na.leagueoflegends.com/en/#match-details/TRKR1/700135?gameHash=e9f4a47bf355c981,2015,Regular Season
TRKR1/700146,2015_LoL_esports_match_data_from_OraclesElixir.csv,OGN,Summer,0,http://matchhistory.na.leagueoflegends.com/en/#match-details/TRKR1/700146?gameHash=b05226425ad2f161,2015,Regular Season
TRKR1/700259,2015_LoL_esports_match_data_from_OraclesElixir.csv,OGN,Summer,0,http://matchhistory.na.leagueoflegends.com/en/#match-details/TRKR1/700259?gameHash=602848d623ad678f,2015,Regular Season
TRKR1/700261,2015_LoL_esports_match_data_from_OraclesElixir.csv,OGN,Summer,0,http://matchhistory.na.leagueoflegends.com/en/#match-details/TRKR1/700261?gameHash=f18493475df4bc04,2015,Regular Season
TRKR1/700262,2015_LoL_esports_match_data_from_OraclesElixir.csv,OGN,Summer,0,http://matchhistory.na.leagueoflegends.com/en/#match-details/TRKR1/700262?gameHash=08e695ce409fc198,2015,Regular Season
TRKR1/700274,2015_LoL_esports_match_data_from_OraclesElixir.csv,OGN,Summer,0,http://matchhistory.na.leagueoflegends.com/en/#match-details/TRKR1/700274?gameHash=f4b9db0a84e597b4,2015,Regular Season
TRKR1/700277,2015_LoL_esports_match_data_from_OraclesElixir.csv,OGN,Summer,0,http://matchhistory.na.leagueoflegends.com/en/#match-details/TRKR1/700277?gameHash=d329492cdc98cd23,2015,Regular Season
TRKR1/700278,2015_LoL_esports_match_data_from_OraclesElixir.csv,OGN,Summer,0,http://matchhistory.na.leagueoflegends.com/en/#match-details/TRKR1/700278?gameHash=364b9d09b524ba4d,2015,Regular Season
TRKR1/690293,2015_LoL_esports_match_data_from_OraclesElixir.csv,OGN,Summer,0,http://matchhistory.na.leagueoflegends.com/en/#match-details/TRKR1/690293?gameHash=dbcc47b5f2d160ed,2015,Regular Season
TRKR1/690296,2015_LoL_esports_match_data_from_OraclesElixir.csv,OGN,Summer,0,http://matchhistory.na.leagueoflegends.com/en/#match-details/TRKR1/690296?gameHash=b7274df360c98b7d,2015,Regular Season
TRKR1/690318,2015_LoL_esports_match_data_from_OraclesElixir.csv,OGN,Summer,0,http://matchhistory.na.leagueoflegends.com/en/#match-details/TRKR1/690318?gameHash=988fa4da1794825d,2015,Regular Season
TRKR1/690322,2015_LoL_esports_match_data_from_OraclesElixir.csv,OGN,Summer,0,http://matchhistory.na.leagueoflegends.com/en/#match-details/TRKR1/690322?gameHash=ce35e751c6bef995,2015,Regular Season
TRKR1/690324,2015_LoL_esports_match_data_from_OraclesElixir.csv,OGN,Summer,0,http://matchhistory.na.leagueoflegends.com/en/#match-details/TRKR1/690324?gameHash=7c094080bcd26314,2015,Regular Season
TRKR1/690326,2015_LoL_esports_match_data_from_OraclesElixir.csv,OGN,Summer,0,http://matchhistory.na.leagueoflegends.com/en/#match-details/TRKR1/690326?gameHash=4313e52d9d1dd879,2015,Regular Season
TRKR1/690333,2015_LoL_esports_match_data_from_OraclesElixir.csv,OGN,Summer,0,http://matchhistory.na.leagueoflegends.com/en/#match-details/TRKR1/690333?gameHash=f3279b27974fd379,2015,Regular Season
TRKR1/690337,2015_LoL_esports_match_data_from_OraclesElixir.csv,OGN,Summer,0,http://matchhistory.na.leagueoflegends.com/en/#match-details/TRKR1/690337?gameHash=7ebb8fc288de73ba,2015,Regular Season
TRKR1/700386,2015_LoL_esports_match_data_from_OraclesElixir.csv,OGN,Summer,0,http://matchhistory.na.leagueoflegends.com/en/#match-details/TRKR1/700386?gameHash=98ae0eabb779c666,2015,Regular Season
TRKR1/700388,2015_LoL_esports_match_data_from_OraclesElixir.csv,OGN,Summer,0,http://matchhistory.na.leagueoflegends.com/en/#match-details/TRKR1/700388?gameHash=d83b716cd7d11869,2015,Regular Season
TRKR1/700392,2015_LoL_esports_match_data_from_OraclesElixir.csv,OGN,Summer,0,http://matchhistory.na.leagueoflegends.com/en/#match-details/TRKR1/700392?gameHash=b3cf0eded864974b,2015,Regular Season
TRKR1/700398,2015_LoL_esports_match_data_from_OraclesElixir.csv,OGN,Summer,0,http://matchhistory.na.leagueoflegends.com/en/#match-details/TRKR1/700398?gameHash=f01b0fe9a870e235,2015,Regular Season
TRKR1/700402,2015_LoL_esports_match_data_from_OraclesElixir.csv,OGN,Summer,0,http://matchhistory.na.leagueoflegends.com/en/#match-details/TRKR1/700402?gameHash=2ff7232393acea9f,2015,Regular Season
TRKR1/710082,2015_LoL_esports_match_data_from_OraclesElixir.csv,OGN,Summer,0,http://matchhistory.na.leagueoflegends.com/en/#match-details/TRKR1/710082?gameHash=69c24df0a1f3a8bb,2015,Regular Season
TRKR1/710090,2015_LoL_esports_match_data_from_OraclesElixir.csv,OGN,Summer,0,http://matchhistory.na.leagueoflegends.com/en/#match-details/TRKR1/710090?gameHash=3da4fe9c7cb9341b,2015,Regular Season
TRKR1/710091,2015_LoL_esports_match_data_from_OraclesElixir.csv,OGN,Summer,0,http://matchhistory.na.leagueoflegends.com/en/#match-details/TRKR1/710091?gameHash=e9e658c120b2a766,2015,Regular Season
TRKR1/710101,2015_LoL_esports_match_data_from_OraclesElixir.csv,OGN,Summer,0,http://matchhistory.na.leagueoflegends.com/en/#match-details/TRKR1/710101?gameHash=7c9be19c18955303,2015,Regular Season
TRKR1/710104,2015_LoL_esports_match_data_from_OraclesElixir.csv,OGN,Summer,0,http://matchhistory.na.leagueoflegends.com/en/#match-details/TRKR1/710104?gameHash=f2055a2aab2e9282,2015,Regular Season
TRKR1/720097,2015_LoL_esports_match_data_from_OraclesElixir.csv,OGN,Summer,0,http://matchhistory.na.leagueoflegends.com/en/#match-details/TRKR1/720097?gameHash=e62444d98aca557a,2015,Regular Season
TRKR1/720108,2015_LoL_esports_match_data_from_OraclesElixir.csv,OGN,Summer,0,http://matchhistory.na.leagueoflegends.com/en/#match-details/TRKR1/720108?gameHash=6c562097b5fb2452,2015,Regular Season
TRKR1/710204,2015_LoL_esports_match_data_from_OraclesElixir.csv,OGN,Summer,0,http://matchhistory.na.leagueoflegends.com/en/#match-details/TRKR1/710204?gameHash=49f70d38e46d5391,2015,Regular Season
TRKR1/710206,2015_LoL_esports_match_data_from_OraclesElixir.csv,OGN,Summer,0,http://matchhistory.na.leagueoflegends.com/en/#match-details/TRKR1/710206?gameHash=79c67f5eba655bcf,2015,Regular Season
TRKR1/710207,2015_LoL_esports_match_data_from_OraclesElixir.csv,OGN,Summer,0,http://matchhistory.na.leagueoflegends.com/en/#match-details/TRKR1/710207?gameHash=5473d1cd76cb75ef,2015,Regular Season
TRKR1/720176,2015_LoL_esports_match_data_from_OraclesElixir.csv,OGN,Summer,0,http://matchhistory.na.leagueoflegends.com/en/#match-details/TRKR1/720176?gameHash=76095a54f35a79ca,2015,Regular Season
TRKR1/720186,2015_LoL_esports_match_data_from_OraclesElixir.csv,OGN,Summer,0,http://matchhistory.na.leagueoflegends.com/en/#match-details/TRKR1/720186?gameHash=c24caca0c370eebb,2015,Regular Season
TRKR1/720191,2015_LoL_esports_match_data_from_OraclesElixir.csv,OGN,Summer,0,http://matchhistory.na.leagueoflegends.com/en/#match-details/TRKR1/720191?gameHash=41004557de1f96c4,2015,Regular Season
TRKR1/720220,2015_LoL_esports_match_data_from_OraclesElixir.csv,OGN,Summer,0,http://matchhistory.na.leagueoflegends.com/en/#match-details/TRKR1/720220?gameHash=7bf6c2f2155722da,2015,Regular Season
TRKR1/720223,2015_LoL_esports_match_data_from_OraclesElixir.csv,OGN,Summer,0,http://matchhistory.na.leagueoflegends.com/en/#match-details/TRKR1/720223?gameHash=221109e0a83e7a63,2015,Regular Season
TRKR1/720224,2015_LoL_esports_match_data_from_OraclesElixir.csv,OGN,Summer,0,http://matchhistory.na.leagueoflegends.com/en/#match-details/TRKR1/720224?gameHash=1e411064513938d8,2015,Regular Season
TRKR1/720225,2015_LoL_esports_match_data_from_OraclesElixir.csv,OGN,Summer,0,http://matchhistory.na.leagueoflegends.com/en/#match-details/TRKR1/720225?gameHash=e0f47fa70d788df1,2015,Regular Season
TRKR1/720235,2015_LoL_esports_match_data_from_OraclesElixir.csv,OGN,Summer,0,http://matchhistory.na.leagueoflegends.com/en/#match-details/TRKR1/720235?gameHash=6202b268354fd611,2015,Regular Season
TRKR1/720342,2015_LoL_esports_match_data_from_OraclesElixir.csv,OGN,Summer,0,http://matchhistory.na.leagueoflegends.com/en/#match-details/TRKR1/720342?gameHash=c902dbbdbc54d5f0,2015,Regular Season
TRKR1/720357,2015_LoL_esports_match_data_from_OraclesElixir.csv,OGN,Summer,0,http://matchhistory.na.leagueoflegends.com/en/#match-details/TRKR1/720357?gameHash=681c4b94c1d44094,2015,Regular Season
TRKR1/720363,2015_LoL_esports_match_data_from_OraclesElixir.csv,OGN,Summer,0,http://matchhistory.na.leagueoflegends.com/en/#match-details/TRKR1/720363?gameHash=5ecbe9df45917a58,2015,Regular Season
TRKR1/720384,2015_LoL_esports_match_data_from_OraclesElixir.csv,OGN,Summer,0,http://matchhistory.na.leagueoflegends.com/en/#match-details/TRKR1/720384?gameHash=21d8a07a50d578cf,2015,Regular Season
TRKR1/720401,2015_LoL_esports_match_data_from_OraclesElixir.csv,OGN,Summer,0,http://matchhistory.na.leagueoflegends.com/en/#match-details/TRKR1/720401?gameHash=4ee3b5d0ee2ba742,2015,Regular Season
TRKR1/720425,2015_LoL_esports_match_data_from_OraclesElixir.csv,OGN,Summer,0,http://matchhistory.na.leagueoflegends.com/en/#match-details/TRKR1/720425?gameHash=1d7b5e26a946ece3,2015,Regular Season
TRKR1/720428,2015_LoL_esports_match_data_from_OraclesElixir.csv,OGN,Summer,0,http://matchhistory.na.leagueoflegends.com/en/#match-details/TRKR1/720428?gameHash=49d73da06dc51105,2015,Regular Season
TRKR1/710451,2015_LoL_esports_match_data_from_OraclesElixir.csv,OGN,Summer,0,http://matchhistory.na.leagueoflegends.com/en/#match-details/TRKR1/710451?gameHash=4808fec1497a7bdf,2015,Regular Season
TRKR1/710453,2015_LoL_esports_match_data_from_OraclesElixir.csv,OGN,Summer,0,http://matchhistory.na.leagueoflegends.com/en/#match-details/TRKR1/710453?gameHash=b88edb29ea618dce,2015,Regular Season
TRKR1/710456,2015_LoL_esports_match_data_from_OraclesElixir.csv,OGN,Summer,0,http://matchhistory.na.leagueoflegends.com/en/#match-details/TRKR1/710456?gameHash=7c885d350a88ded7,2015,Regular Season
TRKR1/710465,2015_LoL_esports_match_data_from_OraclesElixir.csv,OGN,Summer,0,http://matchhistory.na.leagueoflegends.com/en/#match-details/TRKR1/710465?gameHash=9e00cb3a5440d707,2015,Regular Season
TRKR1/720484,2015_LoL_esports_match_data_from_OraclesElixir.csv,OGN,Summer,0,http://matchhistory.na.leagueoflegends.com/en/#match-details/TRKR1/720484?gameHash=674f6621f5827a8c,2015,Regular Season
TRKR1/720485,2015_LoL_esports_match_data_from_OraclesElixir.csv,OGN,Summer,0,http://matchhistory.na.leagueoflegends.com/en/#match-details/TRKR1/720485?gameHash=79d6c2a8ed04de3b,2015,Regular Season
TRKR1/720490,2015_LoL_esports_match_data_from_OraclesElixir.csv,OGN,Summer,0,http://matchhistory.na.leagueoflegends.com/en/#match-details/TRKR1/720490?gameHash=9f40c47f884cd1c9,2015,Regular Season
TRKR1/720492,2015_LoL_esports_match_data_from_OraclesElixir.csv,OGN,Summer,0,http://matchhistory.na.leagueoflegends.com/en/#match-details/TRKR1/720492?gameHash=b90d92b4aa67ad60,2015,Regular Season
TRKR1/720496,2015_LoL_esports_match_data_from_OraclesElixir.csv,OGN,Summer,0,http://matchhistory.na.leagueoflegends.com/en/#match-details/TRKR1/720496?gameHash=6cab970c6c4a391e,2015,Regular Season
TRKR1/730060,2015_LoL_esports_match_data_from_OraclesElixir.csv,OGN,Summer,0,http://matchhistory.na.leagueoflegends.com/en/#match-details/TRKR1/730060?gameHash=3b859a153cd22ecd,2015,Regular Season
TRKR1/730063,2015_LoL_esports_match_data_from_OraclesElixir.csv,OGN,Summer,0,http://matchhistory.na.leagueoflegends.com/en/#match-details/TRKR1/730063?gameHash=01b3f6da3669f2e0,2015,Regular Season
TRKR1/730065,2015_LoL_esports_match_data_from_OraclesElixir.csv,OGN,Summer,0,http://matchhistory.na.leagueoflegends.com/en/#match-details/TRKR1/730065?gameHash=dbdd962bee38923c,2015,Regular Season
TRKR1/730066,2015_LoL_esports_match_data_from_OraclesElixir.csv,OGN,Summer,0,http://matchhistory.na.leagueoflegends.com/en/#match-details/TRKR1/730066?gameHash=b26329221913acb6,2015,Regular Season
TRKR1/730073,2015_LoL_esports_match_data_from_OraclesElixir.csv,OGN,Summer,0,http://matchhistory.na.leagueoflegends.com/en/#match-details/TRKR1/730073?gameHash=dc694fc82378a057,2015,Regular Season
TRKR1/740126,2015_LoL_esports_match_data_from_OraclesElixir.csv,OGN,Summer,0,http://matchhistory.na.leagueoflegends.com/en/#match-details/TRKR1/740126?gameHash=73822844fd6e5e1b,2015,Regular Season
TRKR1/740131,2015_LoL_esports_match_data_from_OraclesElixir.csv,OGN,Summer,0,http://matchhistory.na.leagueoflegends.com/en/#match-details/TRKR1/740131?gameHash=1875254c1d479c5d,2015,Regular Season
TRKR1/730147,2015_LoL_esports_match_data_from_OraclesElixir.csv,OGN,Summer,0,http://matchhistory.na.leagueoflegends.com/en/#match-details/TRKR1/730147?gameHash=19d375a4ce0abe32,2015,Regular Season
TRKR1/730153,2015_LoL_esports_match_data_from_OraclesElixir.csv,OGN,Summer,0,http://matchhistory.na.leagueoflegends.com/en/#match-details/TRKR1/730153?gameHash=a5991ea2f555be91,2015,Regular Season
TRKR1/730158,2015_LoL_esports_match_data_from_OraclesElixir.csv,OGN,Summer,0,http://matchhistory.na.leagueoflegends.com/en/#match-details/TRKR1/730158?gameHash=b63e6cf6f052ebe3,2015,Regular Season
TRKR1/730164,2015_LoL_esports_match_data_from_OraclesElixir.csv,OGN,Summer,0,http://matchhistory.na.leagueoflegends.com/en/#match-details/TRKR1/730164?gameHash=e1756c1464a09f3d,2015,Regular Season
TRKR1/730172,2015_LoL_esports_match_data_from_OraclesElixir.csv,OGN,Summer,0,http://matchhistory.na.leagueoflegends.com/en/#match-details/TRKR1/730172?gameHash=9d7c6584d15a27c2,2015,Regular Season
TRKR1/740265,2015_LoL_esports_match_data_from_OraclesElixir.csv,OGN,Summer,0,http://matchhistory.na.leagueoflegends.com/en/#match-details/TRKR1/740265?gameHash=cd89c5a99076f289,2015,Regular Season
TRKR1/740268,2015_LoL_esports_match_data_from_OraclesElixir.csv,OGN,Summer,0,http://matchhistory.na.leagueoflegends.com/en/#match-details/TRKR1/740268?gameHash=1f4d99466f77f21b,2015,Regular Season
TRKR1/740270,2015_LoL_esports_match_data_from_OraclesElixir.csv,OGN,Summer,0,http://matchhistory.na.leagueoflegends.com/en/#match-details/TRKR1/740270?gameHash=71dc87d9e4290fc0,2015,Regular Season
TRKR1/740277,2015_LoL_esports_match_data_from_OraclesElixir.csv,OGN,Summer,0,http://matchhistory.na.leagueoflegends.com/en/#match-details/TRKR1/740277?gameHash=42f295ad54e639ed,2015,Regular Season
TRKR1/740279,2015_LoL_esports_match_data_from_OraclesElixir.csv,OGN,Summer,0,http://matchhistory.na.leagueoflegends.com/en/#match-details/TRKR1/740279?gameHash=2f1aef02962af235,2015,Regular Season
TRKR1/740280,2015_LoL_esports_match_data_from_OraclesElixir.csv,OGN,Summer,0,http://matchhistory.na.leagueoflegends.com/en/#match-details/TRKR1/740280?gameHash=bce5cf1c2acacb96,2015,Regular Season
TRKR1/730306,2015_LoL_esports_match_data_from_OraclesElixir.csv,OGN,Summer,0,http://matchhistory.na.leagueoflegends.com/en/#match-details/TRKR1/730306?gameHash=b93bd873cf8cd10a,2015,Regular Season
TRKR1/730307,2015_LoL_esports_match_data_from_OraclesElixir.csv,OGN,Summer,0,http://matchhistory.na.leagueoflegends.com/en/#match-details/TRKR1/730307?gameHash=9038849da5407a84,2015,Regular Season
TRKR1/730311,2015_LoL_esports_match_data_from_OraclesElixir.csv,OGN,Summer,0,http://matchhistory.na.leagueoflegends.com/en/#match-details/TRKR1/730311?gameHash=33f2013d43d6ffd9,2015,Regular Season
TRKR1/730313,2015_LoL_esports_match_data_from_OraclesElixir.csv,OGN,Summer,0,http://matchhistory.na.leagueoflegends.com/en/#match-details/TRKR1/730313?gameHash=bfabffb767f61478,2015,Regular Season
TRKR1/730322,2015_LoL_esports_match_data_from_OraclesElixir.csv,OGN,Summer,0,http://matchhistory.na.leagueoflegends.com/en/#match-details/TRKR1/730322?gameHash=b5bd3ae9f59a3975,2015,Regular Season
TRKR1/730327,2015_LoL_esports_match_data_from_OraclesElixir.csv,OGN,Summer,0,http://matchhistory.na.leagueoflegends.com/en/#match-details/TRKR1/730327?gameHash=9ca3aab7069c04a6,2015,Regular Season
TRKR1/730337,2015_LoL_esports_match_data_from_OraclesElixir.csv,OGN,Summer,0,http://matchhistory.na.leagueoflegends.com/en/#match-details/TRKR1/730337?gameHash=1a83943e5aa5b03c,2015,Regular Season
TRKR1/730339,2015_LoL_esports_match_data_from_OraclesElixir.csv,OGN,Summer,0,http://matchhistory.na.leagueoflegends.com/en/#match-details/TRKR1/730339?gameHash=c56b9f4231082015,2015,Regular Season
TRKR1/760072,2015_LoL_esports_match_data_from_OraclesElixir.csv,OGN,Summer,1,http://matchhistory.na.leagueoflegends.com/en/#match-details/TRKR1/760072?gameHash=02e4fa0156c319e6,2015,Playoff
TRKR1/760075,2015_LoL_esports_match_data_from_OraclesElixir.csv,OGN,Summer,1,http://matchhistory.na.leagueoflegends.com/en/#match-details/TRKR1/760075?gameHash=3230b61dcbce1f71,2015,Playoff
TRKR1/760076,2015_LoL_esports_match_data_from_OraclesElixir.csv,OGN,Summer,1,http://matchhistory.na.leagueoflegends.com/en/#match-details/TRKR1/760076?gameHash=b01e407b17b32962,2015,Playoff
TRKR1/760142,2015_LoL_esports_match_data_from_OraclesElixir.csv,OGN,Summer,1,http://matchhistory.na.leagueoflegends.com/en/#match-details/TRKR1/760142?gameHash=f48ad7339f5694cc,2015,Playoff
TRKR1/760143,2015_LoL_esports_match_data_from_OraclesElixir.csv,OGN,Summer,1,http://matchhistory.na.leagueoflegends.com/en/#match-details/TRKR1/760143?gameHash=a5dfca516ffe4d7d,2015,Playoff
TRKR1/760144,2015_LoL_esports_match_data_from_OraclesElixir.csv,OGN,Summer,1,http://matchhistory.na.leagueoflegends.com/en/#match-details/TRKR1/760144?gameHash=8dbc9e59e4f10e2b,2015,Playoff
TRKR1/760218,2015_LoL_esports_match_data_from_OraclesElixir.csv,OGN,Summer,1,http://matchhistory.na.leagueoflegends.com/en/#match-details/TRKR1/760218?gameHash=27579a4f2fcbde7c,2015,Playoff
TRKR1/760219,2015_LoL_esports_match_data_from_OraclesElixir.csv,OGN,Summer,1,http://matchhistory.na.leagueoflegends.com/en/#match-details/TRKR1/760219?gameHash=b54c6d40a417cb91,2015,Playoff
TRKR1/760220,2015_LoL_esports_match_data_from_OraclesElixir.csv,OGN,Summer,1,http://matchhistory.na.leagueoflegends.com/en/#match-details/TRKR1/760220?gameHash=3c156ad900e42b35,2015,Playoff
TRKR1/760223,2015_LoL_esports_match_data_from_OraclesElixir.csv,OGN,Summer,1,http://matchhistory.na.leagueoflegends.com/en/#match-details/TRKR1/760223?gameHash=ddd101eaa5ed95dd,2015,Playoff
TRKR1/760225,2015_LoL_esports_match_data_from_OraclesElixir.csv,OGN,Summer,1,http://matchhistory.na.leagueoflegends.com/en/#match-details/TRKR1/760225?gameHash=8c5a4415a3103e7b,2015,Playoff
TRKR1/750465,2015_LoL_esports_match_data_from_OraclesElixir.csv,OGN,Summer,1,http://matchhistory.na.leagueoflegends.com/en/#match-details/TRKR1/750465?gameHash=b9d33cfd6d182f56,2015,Playoff
TRKR1/750467,2015_LoL_esports_match_data_from_OraclesElixir.csv,OGN,Summer,1,http://matchhistory.na.leagueoflegends.com/en/#match-details/TRKR1/750467?gameHash=dd89278501589efb,2015,Playoff
TRKR1/750469,2015_LoL_esports_match_data_from_OraclesElixir.csv,OGN,Summer,1,http://matchhistory.na.leagueoflegends.com/en/#match-details/TRKR1/750469?gameHash=688337766331be43,2015,Playoff
TRKR1/760512,2015_LoL_esports_match_data_from_OraclesElixir.csv,OGN,,0,http://matchhistory.na.leagueoflegends.com/en/#match-details/TRKR1/760512?gameHash=a98ec5b2ba403cba,2015,Regional Qualifier
TRKR1/760515,2015_LoL_esports_match_data_from_OraclesElixir.csv,OGN,,0,http://matchhistory.na.leagueoflegends.com/en/#match-details/TRKR1/760515?gameHash=670d32c9fcde713b,2015,Regional Qualifier
TRKR1/760517,2015_LoL_esports_match_data_from_OraclesElixir.csv,OGN,,0,http://matchhistory.na.leagueoflegends.com/en/#match-details/TRKR1/760517?gameHash=c8295da5da8e6448,2015,Regional Qualifier
TRKR1/760565,2015_LoL_esports_match_data_from_OraclesElixir.csv,OGN,,0,http://matchhistory.na.leagueoflegends.com/en/#match-details/TRKR1/760565?gameHash=3d1d826f1ee4f8e6,2015,Regional Qualifier
TRKR1/760566,2015_LoL_esports_match_data_from_OraclesElixir.csv,OGN,,0,http://matchhistory.na.leagueoflegends.com/en/#match-details/TRKR1/760566?gameHash=a4f63fc013228353,2015,Regional Qualifier
TRKR1/760567,2015_LoL_esports_match_data_from_OraclesElixir.csv,OGN,,0,http://matchhistory.na.leagueoflegends.com/en/#match-details/TRKR1/760567?gameHash=74d66d481e076c0f,2015,Regional Qualifier
TRKR1/760568,2015_LoL_esports_match_data_from_OraclesElixir.csv,OGN,,0,http://matchhistory.na.leagueoflegends.com/en/#match-details/TRKR1/760568?gameHash=fb86694c62254bd5,2015,Regional Qualifier
TRKR1/760569,2015_LoL_esports_match_data_from_OraclesElixir.csv,OGN,,0,http://matchhistory.na.leagueoflegends.com/en/#match-details/TRKR1/760569?gameHash=c8d07dc15b978d14,2015,Regional Qualifier
TRKR1/750591,2015_LoL_esports_match_data_from_OraclesElixir.csv,OGN,,0,http://matchhistory.na.leagueoflegends.com/en/#match-details/TRKR1/750591?gameHash=b0aa33706b55b413,2015,Regional Qualifier
TRKR1/750592,2015_LoL_esports_match_data_from_OraclesElixir.csv,OGN,,0,http://matchhistory.na.leagueoflegends.com/en/#match-details/TRKR1/750592?gameHash=362865f569399c30,2015,Regional Qualifier
TRKR1/750595,2015_LoL_esports_match_data_from_OraclesElixir.csv,OGN,,0,http://matchhistory.na.leagueoflegends.com/en/#match-details/TRKR1/750595?gameHash=2acbafe4acf5cfa9,2015,Regional Qualifier
TRKR1/750596,2015_LoL_esports_match_data_from_OraclesElixir.csv,OGN,,0,http://matchhistory.na.leagueoflegends.com/en/#match-details/TRKR1/750596?gameHash=602dac7ab25157d9,2015,Regional Qualifier
TRKR1/750688,2015_LoL_esports_match_data_from_OraclesElixir.csv,LCK,Spring,0,http://matchhistory.na.leagueoflegends.com/en/#match-details/TRKR1/750688?gameHash=06e9510be4d6e87a,2015,Promotion
TRKR1/750692,2015_LoL_esports_match_data_from_OraclesElixir.csv,LCK,Spring,0,http://matchhistory.na.leagueoflegends.com/en/#match-details/TRKR1/750692?gameHash=2379c7b78da69fff,2015,Promotion
TRKR1/750693,2015_LoL_esports_match_data_from_OraclesElixir.csv,LCK,Spring,0,http://matchhistory.na.leagueoflegends.com/en/#match-details/TRKR1/750693?gameHash=1027606cf65cc78d,2015,Promotion
TRKR1/750694,2015_LoL_esports_match_data_from_OraclesElixir.csv,LCK,Spring,0,http://matchhistory.na.leagueoflegends.com/en/#match-details/TRKR1/750694?gameHash=787907e5cd839db7,2015,Promotion
TRKR1/760654,2015_LoL_esports_match_data_from_OraclesElixir.csv,LCK,Spring,0,http://matchhistory.na.leagueoflegends.com/en/#match-details/TRKR1/760654?gameHash=861f869ee0df61f0,2015,Promotion
TRKR1/760655,2015_LoL_esports_match_data_from_OraclesElixir.csv,LCK,Spring,0,http://matchhistory.na.leagueoflegends.com/en/#match-details/TRKR1/760655?gameHash=0d39fadcca5d423c,2015,Promotion
TRKR1/760657,2015_LoL_esports_match_data_from_OraclesElixir.csv,LCK,Spring,0,http://matchhistory.na.leagueoflegends.com/en/#match-details/TRKR1/760657?gameHash=805830a372913642,2015,Promotion
TRKR1/760658,2015_LoL_esports_match_data_from_OraclesElixir.csv,LCK,Spring,0,http://matchhistory.na.leagueoflegends.com/en/#match-details/TRKR1/760658?gameHash=52b90cbbdec2f967,2015,Promotion
TRKR1/890061,2016_LoL_esports_match_data_from_OraclesElixir.csv,LCK,Spring,0,http://matchhistory.na.leagueoflegends.com/en/#match-details/TRKR1/890061?gameHash=490b7bda812ffff5,2016,Regular Season
TRKR1/890064,2016_LoL_esports_match_data_from_OraclesElixir.csv,LCK,Spring,0,http://matchhistory.na.leagueoflegends.com/en/#match-details/TRKR1/890064?gameHash=af6faaaac31460d9,2016,Regular Season
TRKR1/890077,2016_LoL_esports_match_data_from_OraclesElixir.csv,LCK,Spring,0,http://matchhistory.na.leagueoflegends.com/en/#match-details/TRKR1/890077?gameHash=9b718807eacaab99,2016,Regular Season
TRKR1/890083,2016_LoL_esports_match_data_from_OraclesElixir.csv,LCK,Spring,0,http://matchhistory.na.leagueoflegends.com/en/#match-details/TRKR1/890083?gameHash=073bec0dc2b00865,2016,Regular Season
TRKR1/890109,2016_LoL_esports_match_data_from_OraclesElixir.csv,LCK,Spring,0,http://matchhistory.na.leagueoflegends.com/en/#match-details/TRKR1/890109?gameHash=99994328a44c9025,2016,Regular Season
TRKR1/890110,2016_LoL_esports_match_data_from_OraclesElixir.csv,LCK,Spring,0,http://matchhistory.na.leagueoflegends.com/en/#match-details/TRKR1/890110?gameHash=3b7fbf6fc6da0705,2016,Regular Season
TRKR1/890113,2016_LoL_esports_match_data_from_OraclesElixir.csv,LCK,Spring,0,http://matchhistory.na.leagueoflegends.com/en/#match-details/TRKR1/890113?gameHash=5ee6bea8a5593eee,2016,Regular Season
TRKR1/890125,2016_LoL_esports_match_data_from_OraclesElixir.csv,LCK,Spring,0,http://matchhistory.na.leagueoflegends.com/en/#match-details/TRKR1/890125?gameHash=f93e5550ce892a00,2016,Regular Season
TRKR1/900155,2016_LoL_esports_match_data_from_OraclesElixir.csv,LCK,Spring,0,http://matchhistory.na.leagueoflegends.com/en/#match-details/TRKR1/900155?gameHash=1e72b792b2e6b806,2016,Regular Season
TRKR1/900159,2016_LoL_esports_match_data_from_OraclesElixir.csv,LCK,Spring,0,http://matchhistory.na.leagueoflegends.com/en/#match-details/TRKR1/900159?gameHash=3f5f5b3d74a86ae0,2016,Regular Season
TRKR1/900175,2016_LoL_esports_match_data_from_OraclesElixir.csv,LCK,Spring,0,http://matchhistory.na.leagueoflegends.com/en/#match-details/TRKR1/900175?gameHash=999410f009134eab,2016,Regular Season
TRKR1/900179,2016_LoL_esports_match_data_from_OraclesElixir.csv,LCK,Spring,0,http://matchhistory.na.leagueoflegends.com/en/#match-details/TRKR1/900179?gameHash=5a8c80e26d56aec8,2016,Regular Season
TRKR1/900218,2016_LoL_esports_match_data_from_OraclesElixir.csv,LCK,Spring,0,http://matchhistory.na.leagueoflegends.com/en/#match-details/TRKR1/900218?gameHash=d3af475cd574170c,2016,Regular Season
TRKR1/900220,2016_LoL_esports_match_data_from_OraclesElixir.csv,LCK,Spring,0,http://matchhistory.na.leagueoflegends.com/en/#match-details/TRKR1/900220?gameHash=fdc7da9e636ecc76,2016,Regular Season
TRKR1/900224,2016_LoL_esports_match_data_from_OraclesElixir.csv,LCK,Spring,0,http://matchhistory.na.leagueoflegends.com/en/#match-details/TRKR1/900224?gameHash=4fe9eeeb9c6847af,2016,Regular Season
TRKR1/900239,2016_LoL_esports_match_data_from_OraclesElixir.csv,LCK,Spring,0,http://matchhistory.na.leagueoflegends.com/en/#match-details/TRKR1/900239?gameHash=aea204f0c8bbcb47,2016,Regular Season
TRKR1/920023,2016_LoL_esports_match_data_from_OraclesElixir.csv,LCK,Spring,0,http://matchhistory.na.leagueoflegends.com/en/#match-details/TRKR1/920023?gameHash=2e2b86a34f7f850e,2016,Regular Season
TRKR1/920030,2016_LoL_esports_match_data_from_OraclesElixir.csv,LCK,Spring,0,http://matchhistory.na.leagueoflegends.com/en/#match-details/TRKR1/920030?gameHash=c006fda73a98b682,2016,Regular Season
TRKR1/920033,2016_LoL_esports_match_data_from_OraclesElixir.csv,LCK,Spring,0,http://matchhistory.na.leagueoflegends.com/en/#match-details/TRKR1/920033?gameHash=d8f5444db39a805c,2016,Regular Season
TRKR1/920035,2016_LoL_esports_match_data_from_OraclesElixir.csv,LCK,Spring,0,http://matchhistory.na.leagueoflegends.com/en/#match-details/TRKR1/920035?gameHash=420ed13b0d956d34,2016,Regular Season
TRKR1/920043,2016_LoL_esports_match_data_from_OraclesElixir.csv,LCK,Spring,0,http://matchhistory.na.leagueoflegends.com/en/#match-details/TRKR1/920043?gameHash=fe87b15044a2abc3,2016,Regular Season
TRKR1/910081,2016_LoL_esports_match_data_from_OraclesElixir.csv,LCK,Spring,0,http://matchhistory.na.leagueoflegends.com/en/#match-details/TRKR1/910081?gameHash=4679b37d75902f4e,2016,Regular Season
TRKR1/910082,2016_LoL_esports_match_data_from_OraclesElixir.csv,LCK,Spring,0,http://matchhistory.na.leagueoflegends.com/en/#match-details/TRKR1/910082?gameHash=269274c323d4a07e,2016,Regular Season
TRKR1/920063,2016_LoL_esports_match_data_from_OraclesElixir.csv,LCK,Spring,0,http://matchhistory.na.leagueoflegends.com/en/#match-details/TRKR1/920063?gameHash=bf32f8b2dea78261,2016,Regular Season
TRKR1/920064,2016_LoL_esports_match_data_from_OraclesElixir.csv,LCK,Spring,0,http://matchhistory.na.leagueoflegends.com/en/#match-details/TRKR1/920064?gameHash=59329523fdd4d423,2016,Regular Season
TRKR1/910095,2016_LoL_esports_match_data_from_OraclesElixir.csv,LCK,Spring,0,http://matchhistory.na.leagueoflegends.com/en/#match-details/TRKR1/910095?gameHash=23ddb38ed6deeebf,2016,Regular Season
TRKR1/920081,2016_LoL_esports_match_data_from_OraclesElixir.csv,LCK,Spring,0,http://matchhistory.na.leagueoflegends.com/en/#match-details/TRKR1/920081?gameHash=1a3a86ea87eb1272,2016,Regular Season
TRKR1/910128,2016_LoL_esports_match_data_from_OraclesElixir.csv,LCK,Spring,0,http://matchhistory.na.leagueoflegends.com/en/#match-details/TRKR1/910128?gameHash=030bab19effe717c,2016,Regular Season
TRKR1/910135,2016_LoL_esports_match_data_from_OraclesElixir.csv,LCK,Spring,0,http://matchhistory.na.leagueoflegends.com/en/#match-details/TRKR1/910135?gameHash=ba6b8ce7a95cd5cc,2016,Regular Season
TRKR1/910137,2016_LoL_esports_match_data_from_OraclesElixir.csv,LCK,Spring,0,http://matchhistory.na.leagueoflegends.com/en/#match-details/TRKR1/910137?gameHash=a00d4fda40dc613b,2016,Regular Season
TRKR1/920144,2016_LoL_esports_match_data_from_OraclesElixir.csv,LCK,Spring,0,http://matchhistory.na.leagueoflegends.com/en/#match-details/TRKR1/920144?gameHash=8b27f9e36b969d79,2016,Regular Season
TRKR1/920146,2016_LoL_esports_match_data_from_OraclesElixir.csv,LCK,Spring,0,http://matchhistory.na.leagueoflegends.com/en/#match-details/TRKR1/920146?gameHash=1f6a358f5ae79a3d,2016,Regular Season
TRKR1/920224,2016_LoL_esports_match_data_from_OraclesElixir.csv,LCK,Spring,0,http://matchhistory.na.leagueoflegends.com/en/#match-details/TRKR1/920224?gameHash=0d916de390dd3852,2016,Regular Season
TRKR1/910209,2016_LoL_esports_match_data_from_OraclesElixir.csv,LCK,Spring,0,http://matchhistory.na.leagueoflegends.com/en/#match-details/TRKR1/910209?gameHash=18ca56f0bf17de61,2016,Regular Season
TRKR1/920239,2016_LoL_esports_match_data_from_OraclesElixir.csv,LCK,Spring,0,http://matchhistory.na.leagueoflegends.com/en/#match-details/TRKR1/920239?gameHash=f6efaf2acb372448,2016,Regular Season
TRKR1/910212,2016_LoL_esports_match_data_from_OraclesElixir.csv,LCK,Spring,0,http://matchhistory.na.leagueoflegends.com/en/#match-details/TRKR1/910212?gameHash=9476fd4c975a673c,2016,Regular Season
TRKR1/910222,2016_LoL_esports_match_data_from_OraclesElixir.csv,LCK,Spring,0,http://matchhistory.na.leagueoflegends.com/en/#match-details/TRKR1/910222?gameHash=8c780f032813fd17,2016,Regular Season
TRKR1/910357,2016_LoL_esports_match_data_from_OraclesElixir.csv,LCK,Spring,0,http://matchhistory.na.leagueoflegends.com/en/#match-details/TRKR1/910357?gameHash=874b9bec999cbf2e,2016,Regular Season
TRKR1/910363,2016_LoL_esports_match_data_from_OraclesElixir.csv,LCK,Spring,0,http://matchhistory.na.leagueoflegends.com/en/#match-details/TRKR1/910363?gameHash=c67ba34b55affc75,2016,Regular Season
TRKR1/920384,2016_LoL_esports_match_data_from_OraclesElixir.csv,LCK,Spring,0,http://matchhistory.na.leagueoflegends.com/en/#match-details/TRKR1/920384?gameHash=e0a7def6577c890a,2016,Regular Season
TRKR1/920394,2016_LoL_esports_match_data_from_OraclesElixir.csv,LCK,Spring,0,http://matchhistory.na.leagueoflegends.com/en/#match-details/TRKR1/920394?gameHash=3567a8743744fbc3,2016,Regular Season
TRKR1/920397,2016_LoL_esports_match_data_from_OraclesElixir.csv,LCK,Spring,0,http://matchhistory.na.leagueoflegends.com/en/#match-details/TRKR1/920397?gameHash=a4be159f0971bb47,2016,Regular Season
TRKR1/920449,2016_LoL_esports_match_data_from_OraclesElixir.csv,LCK,Spring,0,http://matchhistory.na.leagueoflegends.com/en/#match-details/TRKR1/920449?gameHash=e8e2525421fd3724,2016,Regular Season
TRKR1/910415,2016_LoL_esports_match_data_from_OraclesElixir.csv,LCK,Spring,0,http://matchhistory.na.leagueoflegends.com/en/#match-details/TRKR1/910415?gameHash=8680bc47d5ee0243,2016,Regular Season
TRKR1/920453,2016_LoL_esports_match_data_from_OraclesElixir.csv,LCK,Spring,0,http://matchhistory.na.leagueoflegends.com/en/#match-details/TRKR1/920453?gameHash=c369e8f1f66fe899,2016,Regular Season
TRKR1/920462,2016_LoL_esports_match_data_from_OraclesElixir.csv,LCK,Spring,0,http://matchhistory.na.leagueoflegends.com/en/#match-details/TRKR1/920462?gameHash=b2f29a32d5e4a83f,2016,Regular Season
TRKR1/920511,2016_LoL_esports_match_data_from_OraclesElixir.csv,LCK,Spring,0,http://matchhistory.na.leagueoflegends.com/en/#match-details/TRKR1/920511?gameHash=ef8fe666fcaed5e3,2016,Regular Season
TRKR1/910486,2016_LoL_esports_match_data_from_OraclesElixir.csv,LCK,Spring,0,http://matchhistory.na.leagueoflegends.com/en/#match-details/TRKR1/910486?gameHash=ec896f78435cd96c,2016,Regular Season
TRKR1/910488,2016_LoL_esports_match_data_from_OraclesElixir.csv,LCK,Spring,0,http://matchhistory.na.leagueoflegends.com/en/#match-details/TRKR1/910488?gameHash=93f27152ec8c9591,2016,Regular Season
TRKR1/910499,2016_LoL_esports_match_data_from_OraclesElixir.csv,LCK,Spring,0,http://matchhistory.na.leagueoflegends.com/en/#match-details/TRKR1/910499?gameHash=e2b3b1d5185716e2,2016,Regular Season
TRKR1/910506,2016_LoL_esports_match_data_from_OraclesElixir.csv,LCK,Spring,0,http://matchhistory.na.leagueoflegends.com/en/#match-details/TRKR1/910506?gameHash=3bb3981dc83b4009,2016,Regular Season
TRKR1/920577,2016_LoL_esports_match_data_from_OraclesElixir.csv,LCK,Spring,0,http://matchhistory.na.leagueoflegends.com/en/#match-details/TRKR1/920577?gameHash=bebe6d3b348b1655,2016,Regular Season
TRKR1/910564,2016_LoL_esports_match_data_from_OraclesElixir.csv,LCK,Spring,0,http://matchhistory.na.leagueoflegends.com/en/#match-details/TRKR1/910564?gameHash=f969409ea5f2fbc9,2016,Regular Season
TRKR1/910568,2016_LoL_esports_match_data_from_OraclesElixir.csv,LCK,Spring,0,http://matchhistory.na.leagueoflegends.com/en/#match-details/TRKR1/910568?gameHash=73b02bd50e329a70,2016,Regular Season
TRKR1/910572,2016_LoL_esports_match_data_from_OraclesElixir.csv,LCK,Spring,0,http://matchhistory.na.leagueoflegends.com/en/#match-details/TRKR1/910572?gameHash=ffda22cef36f7b4d,2016,Regular Season
TRKR1/960053,2016_LoL_esports_match_data_from_OraclesElixir.csv,LCK,Spring,0,http://matchhistory.na.leagueoflegends.com/en/#match-details/TRKR1/960053?gameHash=ead4ad58bdd51f37,2016,Regular Season
TRKR1/960055,2016_LoL_esports_match_data_from_OraclesElixir.csv,LCK,Spring,0,http://matchhistory.na.leagueoflegends.com/en/#match-details/TRKR1/960055?gameHash=3bfd8589eb36b8f4,2016,Regular Season
TRKR1/950043,2016_LoL_esports_match_data_from_OraclesElixir.csv,LCK,Spring,0,http://matchhistory.na.leagueoflegends.com/en/#match-details/TRKR1/950043?gameHash=c25e7df6ea26d112,2016,Regular Season
TRKR1/960069,2016_LoL_esports_match_data_from_OraclesElixir.csv,LCK,Spring,0,http://matchhistory.na.leagueoflegends.com/en/#match-details/TRKR1/960069?gameHash=3163ce47dac36f9e,2016,Regular Season
TRKR1/960071,2016_LoL_esports_match_data_from_OraclesElixir.csv,LCK,Spring,0,http://matchhistory.na.leagueoflegends.com/en/#match-details/TRKR1/960071?gameHash=6ad2167a4b5d5d0c,2016,Regular Season
TRKR1/960126,2016_LoL_esports_match_data_from_OraclesElixir.csv,LCK,Spring,0,http://matchhistory.na.leagueoflegends.com/en/#match-details/TRKR1/960126?gameHash=46b11c090b669a4e,2016,Regular Season
TRKR1/960127,2016_LoL_esports_match_data_from_OraclesElixir.csv,LCK,Spring,0,http://matchhistory.na.leagueoflegends.com/en/#match-details/TRKR1/960127?gameHash=d234214111e9c382,2016,Regular Season
TRKR1/950106,2016_LoL_esports_match_data_from_OraclesElixir.csv,LCK,Spring,0,http://matchhistory.na.leagueoflegends.com/en/#match-details/TRKR1/950106?gameHash=d794af02795cde7c,2016,Regular Season
TRKR1/950113,2016_LoL_esports_match_data_from_OraclesElixir.csv,LCK,Spring,0,http://matchhistory.na.leagueoflegends.com/en/#match-details/TRKR1/950113?gameHash=fe1ee20b8d29e55f,2016,Regular Season
TRKR1/960139,2016_LoL_esports_match_data_from_OraclesElixir.csv,LCK,Spring,0,http://matchhistory.na.leagueoflegends.com/en/#match-details/TRKR1/960139?gameHash=18ce7c1e8cc6430f,2016,Regular Season
TRKR1/950140,2016_LoL_esports_match_data_from_OraclesElixir.csv,LCK,Spring,0,http://matchhistory.na.leagueoflegends.com/en/#match-details/TRKR1/950140?gameHash=66b786a6aa51a6dc,2016,Regular Season
TRKR1/950143,2016_LoL_esports_match_data_from_OraclesElixir.csv,LCK,Spring,0,http://matchhistory.na.leagueoflegends.com/en/#match-details/TRKR1/950143?gameHash=d1dc1ada03d223d1,2016,Regular Season
TRKR1/960177,2016_LoL_esports_match_data_from_OraclesElixir.csv,LCK,Spring,0,http://matchhistory.na.leagueoflegends.com/en/#match-details/TRKR1/960177?gameHash=122017eb8551ee91,2016,Regular Season
TRKR1/950147,2016_LoL_esports_match_data_from_OraclesElixir.csv,LCK,Spring,0,http://matchhistory.na.leagueoflegends.com/en/#match-details/TRKR1/950147?gameHash=11cdb2da27970673,2016,Regular Season
TRKR1/960187,2016_LoL_esports_match_data_from_OraclesElixir.csv,LCK,Spring,0,http://matchhistory.na.leagueoflegends.com/en/#match-details/TRKR1/960187?gameHash=747cafa5127988ae,2016,Regular Season
TRKR1/950271,2016_LoL_esports_match_data_from_OraclesElixir.csv,LCK,Spring,0,http://matchhistory.na.leagueoflegends.com/en/#match-details/TRKR1/950271?gameHash=91e6d95016ce0567,2016,Regular Season
TRKR1/960292,2016_LoL_esports_match_data_from_OraclesElixir.csv,LCK,Spring,0,http://matchhistory.na.leagueoflegends.com/en/#match-details/TRKR1/960292?gameHash=f20d3140d5e1da47,2016,Regular Season
TRKR1/950281,2016_LoL_esports_match_data_from_OraclesElixir.csv,LCK,Spring,0,http://matchhistory.na.leagueoflegends.com/en/#match-details/TRKR1/950281?gameHash=754b802da77c59a6,2016,Regular Season
TRKR1/960304,2016_LoL_esports_match_data_from_OraclesElixir.csv,LCK,Spring,0,http://matchhistory.na.leagueoflegends.com/en/#match-details/TRKR1/960304?gameHash=74c3be5d2faed6d2,2016,Regular Season
TRKR1/960315,2016_LoL_esports_match_data_from_OraclesElixir.csv,LCK,Spring,0,http://matchhistory.na.leagueoflegends.com/en/#match-details/TRKR1/960315?gameHash=d7cd672b925cc103,2016,Regular Season
TRKR1/960364,2016_LoL_esports_match_data_from_OraclesElixir.csv,LCK,Spring,0,http://matchhistory.na.leagueoflegends.com/en/#match-details/TRKR1/960364?gameHash=3147e6bd5bf852de,2016,Regular Season
TRKR1/950350,2016_LoL_esports_match_data_from_OraclesElixir.csv,LCK,Spring,0,http://matchhistory.na.leagueoflegends.com/en/#match-details/TRKR1/950350?gameHash=b65e88c4b6888f7d,2016,Regular Season
TRKR1/960369,2016_LoL_esports_match_data_from_OraclesElixir.csv,LCK,Spring,0,http://matchhistory.na.leagueoflegends.com/en/#match-details/TRKR1/960369?gameHash=2dff218ac44a46a3,2016,Regular Season
TRKR1/960370,2016_LoL_esports_match_data_from_OraclesElixir.csv,LCK,Spring,0,http://matchhistory.na.leagueoflegends.com/en/#match-details/TRKR1/960370?gameHash=63a3e23c8afd46e3,2016,Regular Season
TRKR1/950363,2016_LoL_esports_match_data_from_OraclesElixir.csv,LCK,Spring,0,http://matchhistory.na.leagueoflegends.com/en/#match-details/TRKR1/950363?gameHash=67df9f28999870f5,2016,Regular Season
TRKR1/950480,2016_LoL_esports_match_data_from_OraclesElixir.csv,LCK,Spring,0,http://matchhistory.na.leagueoflegends.com/en/#match-details/TRKR1/950480?gameHash=ec573890fcbf9782,2016,Regular Season
TRKR1/960524,2016_LoL_esports_match_data_from_OraclesElixir.csv,LCK,Spring,0,http://matchhistory.na.leagueoflegends.com/en/#match-details/TRKR1/960524?gameHash=f18c3183b9a17145,2016,Regular Season
TRKR1/950483,2016_LoL_esports_match_data_from_OraclesElixir.csv,LCK,Spring,0,http://matchhistory.na.leagueoflegends.com/en/#match-details/TRKR1/950483?gameHash=4a2e16292f03bb68,2016,Regular Season
TRKR1/960530,2016_LoL_esports_match_data_from_OraclesElixir.csv,LCK,Spring,0,http://matchhistory.na.leagueoflegends.com/en/#match-details/TRKR1/960530?gameHash=d29896bc491c1c6d,2016,Regular Season
TRKR1/950502,2016_LoL_esports_match_data_from_OraclesElixir.csv,LCK,Spring,0,http://matchhistory.na.leagueoflegends.com/en/#match-details/TRKR1/950502?gameHash=152b25d693277472,2016,Regular Season
TRKR1/950503,2016_LoL_esports_match_data_from_OraclesElixir.csv,LCK,Spring,0,http://matchhistory.na.leagueoflegends.com/en/#match-details/TRKR1/950503?gameHash=8c95c71140693931,2016,Regular Season
TRKR1/960586,2016_LoL_esports_match_data_from_OraclesElixir.csv,LCK,Spring,0,http://matchhistory.na.leagueoflegends.com/en/#match-details/TRKR1/960586?gameHash=82d3cb5ff26ada47,2016,Regular Season
TRKR1/950536,2016_LoL_esports_match_data_from_OraclesElixir.csv,LCK,Spring,0,http://matchhistory.na.leagueoflegends.com/en/#match-details/TRKR1/950536?gameHash=831f1421b3eefc77,2016,Regular Season
TRKR1/960588,2016_LoL_esports_match_data_from_OraclesElixir.csv,LCK,Spring,0,http://matchhistory.na.leagueoflegends.com/en/#match-details/TRKR1/960588?gameHash=68c11fd059e89a3d,2016,Regular Season
TRKR1/960600,2016_LoL_esports_match_data_from_OraclesElixir.csv,LCK,Spring,0,http://matchhistory.na.leagueoflegends.com/en/#match-details/TRKR1/960600?gameHash=4668ec446c56b423,2016,Regular Season
TRKR1/950585,2016_LoL_esports_match_data_from_OraclesElixir.csv,LCK,Spring,0,http://matchhistory.na.leagueoflegends.com/en/#match-details/TRKR1/950585?gameHash=b4155346e7728195,2016,Regular Season
TRKR1/960642,2016_LoL_esports_match_data_from_OraclesElixir.csv,LCK,Spring,0,http://matchhistory.na.leagueoflegends.com/en/#match-details/TRKR1/960642?gameHash=c576a4deba12176a,2016,Regular Season
TRKR1/950587,2016_LoL_esports_match_data_from_OraclesElixir.csv,LCK,Spring,0,http://matchhistory.na.leagueoflegends.com/en/#match-details/TRKR1/950587?gameHash=1ecd644f4fcc9422,2016,Regular Season
TRKR1/950589,2016_LoL_esports_match_data_from_OraclesElixir.csv,LCK,Spring,0,http://matchhistory.na.leagueoflegends.com/en/#match-details/TRKR1/950589?gameHash=b602d9c64a58d5b4,2016,Regular Season
TRKR1/960658,2016_LoL_esports_match_data_from_OraclesElixir.csv,LCK,Spring,0,http://matchhistory.na.leagueoflegends.com/en/#match-details/TRKR1/960658?gameHash=f52f8f9cd60d2f9d,2016,Regular Season
TRKR1/960728,2016_LoL_esports_match_data_from_OraclesElixir.csv,LCK,Spring,0,http://matchhistory.na.leagueoflegends.com/en/#match-details/TRKR1/960728?gameHash=ca87e7a6fb8c13f7,2016,Regular Season
TRKR1/950641,2016_LoL_esports_match_data_from_OraclesElixir.csv,LCK,Spring,0,http://matchhistory.na.leagueoflegends.com/en/#match-details/TRKR1/950641?gameHash=03d50976ba570b35,2016,Regular Season
TRKR1/950642,2016_LoL_esports_match_data_from_OraclesElixir.csv,LCK,Spring,0,http://matchhistory.na.leagueoflegends.com/en/#match-details/TRKR1/950642?gameHash=82eb3ccbeb492567,2016,Regular Season
TRKR1/950643,2016_LoL_esports_match_data_from_OraclesElixir.csv,LCK,Spring,0,http://matchhistory.na.leagueoflegends.com/en/#match-details/TRKR1/950643?gameHash=10f0e8237394bafc,2016,Regular Season
TRKR1/950653,2016_LoL_esports_match_data_from_OraclesElixir.csv,LCK,Spring,0,http://matchhistory.na.leagueoflegends.com/en/#match-details/TRKR1/950653?gameHash=7e375a2e13e389fb,2016,Regular Season
TRKR1/970052,2016_LoL_esports_match_data_from_OraclesElixir.csv,LCK,Spring,0,http://matchhistory.na.leagueoflegends.com/en/#match-details/TRKR1/970052?gameHash=cc82ca243f460dd7,2016,Regular Season
TRKR1/970055,2016_LoL_esports_match_data_from_OraclesElixir.csv,LCK,Spring,0,http://matchhistory.na.leagueoflegends.com/en/#match-details/TRKR1/970055?gameHash=9145150bfea8de4b,2016,Regular Season
TRKR1/970057,2016_LoL_esports_match_data_from_OraclesElixir.csv,LCK,Spring,0,http://matchhistory.na.leagueoflegends.com/en/#match-details/TRKR1/970057?gameHash=7def847305a13cd1,2016,Regular Season
TRKR1/980066,2016_LoL_esports_match_data_from_OraclesElixir.csv,LCK,Spring,0,http://matchhistory.na.leagueoflegends.com/en/#match-details/TRKR1/980066?gameHash=52b8b95afd51a87c,2016,Regular Season
TRKR1/980068,2016_LoL_esports_match_data_from_OraclesElixir.csv,LCK,Spring,0,http://matchhistory.na.leagueoflegends.com/en/#match-details/TRKR1/980068?gameHash=30d95a1cf4bd3330,2016,Regular Season
TRKR1/970097,2016_LoL_esports_match_data_from_OraclesElixir.csv,LCK,Spring,0,http://matchhistory.na.leagueoflegends.com/en/#match-details/TRKR1/970097?gameHash=bf2e318055dce397,2016,Regular Season
TRKR1/970111,2016_LoL_esports_match_data_from_OraclesElixir.csv,LCK,Spring,0,http://matchhistory.na.leagueoflegends.com/en/#match-details/TRKR1/970111?gameHash=37485bf88a6754f8,2016,Regular Season
TRKR1/970143,2016_LoL_esports_match_data_from_OraclesElixir.csv,LCK,Spring,0,http://matchhistory.na.leagueoflegends.com/en/#match-details/TRKR1/970143?gameHash=65544588d17190f4,2016,Regular Season
TRKR1/1000029,2016_LoL_esports_match_data_from_OraclesElixir.csv,LCK,Spring,0,http://matchhistory.na.leagueoflegends.com/en/#match-details/TRKR1/1000029?gameHash=220c185a294f712c,2016,Regular Season
TRKR1/990034,2016_LoL_esports_match_data_from_OraclesElixir.csv,LCK,Spring,0,http://matchhistory.na.leagueoflegends.com/en/#match-details/TRKR1/990034?gameHash=14a4fc957ff3010f,2016,Regular Season
TRKR1/990036,2016_LoL_esports_match_data_from_OraclesElixir.csv,LCK,Spring,0,http://matchhistory.na.leagueoflegends.com/en/#match-details/TRKR1/990036?gameHash=3d32c2f84fcce5e7,2016,Regular Season
TRKR1/990047,2016_LoL_esports_match_data_from_OraclesElixir.csv,LCK,Spring,0,http://matchhistory.na.leagueoflegends.com/en/#match-details/TRKR1/990047?gameHash=569b31d3477007e1,2016,Regular Season
TRKR1/990049,2016_LoL_esports_match_data_from_OraclesElixir.csv,LCK,Spring,0,http://matchhistory.na.leagueoflegends.com/en/#match-details/TRKR1/990049?gameHash=711aa97d06a47d99,2016,Regular Season
TRKR1/990092,2016_LoL_esports_match_data_from_OraclesElixir.csv,LCK,Spring,0,http://matchhistory.na.leagueoflegends.com/en/#match-details/TRKR1/990092?gameHash=d85c821cd5b42048,2016,Regular Season
TRKR1/990093,2016_LoL_esports_match_data_from_OraclesElixir.csv,LCK,Spring,0,http://matchhistory.na.leagueoflegends.com/en/#match-details/TRKR1/990093?gameHash=3fbd7921ee771c17,2016,Regular Season
TRKR1/990094,2016_LoL_esports_match_data_from_OraclesElixir.csv,LCK,Spring,0,http://matchhistory.na.leagueoflegends.com/en/#match-details/TRKR1/990094?gameHash=8dda8184187103ac,2016,Regular Season
TRKR1/990104,2016_LoL_esports_match_data_from_OraclesElixir.csv,LCK,Spring,0,http://matchhistory.na.leagueoflegends.com/en/#match-details/TRKR1/990104?gameHash=94d8eb06d904ec29,2016,Regular Season
TRKR1/1000116,2016_LoL_esports_match_data_from_OraclesElixir.csv,LCK,Spring,0,http://matchhistory.na.leagueoflegends.com/en/#match-details/TRKR1/1000116?gameHash=8570a9bcbacc867e,2016,Regular Season
TRKR1/990160,2016_LoL_esports_match_data_from_OraclesElixir.csv,LCK,Spring,0,http://matchhistory.na.leagueoflegends.com/en/#match-details/TRKR1/990160?gameHash=c5b89b68b5e207dc,2016,Regular Season
TRKR1/990163,2016_LoL_esports_match_data_from_OraclesElixir.csv,LCK,Spring,0,http://matchhistory.na.leagueoflegends.com/en/#match-details/TRKR1/990163?gameHash=7617fb9f4ba37d43,2016,Regular Season
TRKR1/1000306,2016_LoL_esports_match_data_from_OraclesElixir.csv,LCK,Spring,0,http://matchhistory.na.leagueoflegends.com/en/#match-details/TRKR1/1000306?gameHash=20cca20bdf0d081e,2016,Regular Season
TRKR1/1000316,2016_LoL_esports_match_data_from_OraclesElixir.csv,LCK,Spring,0,http://matchhistory.na.leagueoflegends.com/en/#match-details/TRKR1/1000316?gameHash=22808a6bba53f55c,2016,Regular Season
TRKR1/1000320,2016_LoL_esports_match_data_from_OraclesElixir.csv,LCK,Spring,0,http://matchhistory.na.leagueoflegends.com/en/#match-details/TRKR1/1000320?gameHash=3cfd3597b4d83a8d,2016,Regular Season
TRKR1/1000331,2016_LoL_esports_match_data_from_OraclesElixir.csv,LCK,Spring,0,http://matchhistory.na.leagueoflegends.com/en/#match-details/TRKR1/1000331?gameHash=a8db72d753fbb0de,2016,Regular Season
TRKR1/990389,2016_LoL_esports_match_data_from_OraclesElixir.csv,LCK,Spring,0,http://matchhistory.na.leagueoflegends.com/en/#match-details/TRKR1/990389?gameHash=fdf2b0d33dbe48a1,2016,Regular Season
TRKR1/990391,2016_LoL_esports_match_data_from_OraclesElixir.csv,LCK,Spring,0,http://matchhistory.na.leagueoflegends.com/en/#match-details/TRKR1/990391?gameHash=d8a700001ac2df07,2016,Regular Season
TRKR1/990398,2016_LoL_esports_match_data_from_OraclesElixir.csv,LCK,Spring,0,http://matchhistory.na.leagueoflegends.com/en/#match-details/TRKR1/990398?gameHash=159f3b8819030da0,2016,Regular Season
TRKR1/990402,2016_LoL_esports_match_data_from_OraclesElixir.csv,LCK,Spring,0,http://matchhistory.na.leagueoflegends.com/en/#match-details/TRKR1/990402?gameHash=71af7fbfffea1e7f,2016,Regular Season
TRKR1/990436,2016_LoL_esports_match_data_from_OraclesElixir.csv,LCK,Spring,0,http://matchhistory.na.leagueoflegends.com/en/#match-details/TRKR1/990436?gameHash=102dee1a99ace808,2016,Regular Season
TRKR1/990441,2016_LoL_esports_match_data_from_OraclesElixir.csv,LCK,Spring,0,http://matchhistory.na.leagueoflegends.com/en/#match-details/TRKR1/990441?gameHash=681a8df68decd698,2016,Regular Season
TRKR1/1000453,2016_LoL_esports_match_data_from_OraclesElixir.csv,LCK,Spring,0,http://matchhistory.na.leagueoflegends.com/en/#match-details/TRKR1/1000453?gameHash=91534ecdd535635a,2016,Regular Season
TRKR1/1000462,2016_LoL_esports_match_data_from_OraclesElixir.csv,LCK,Spring,0,http://matchhistory.na.leagueoflegends.com/en/#match-details/TRKR1/1000462?gameHash=8af1101e51459938,2016,Regular Season
TRKR1/1000469,2016_LoL_esports_match_data_from_OraclesElixir.csv,LCK,Spring,0,http://matchhistory.na.leagueoflegends.com/en/#match-details/TRKR1/1000469?gameHash=64aa536a91c93e07,2016,Regular Season
TRKR1/990508,2016_LoL_esports_match_data_from_OraclesElixir.csv,LCK,Spring,0,http://matchhistory.na.leagueoflegends.com/en/#match-details/TRKR1/990508?gameHash=b9a657b2bee17087,2016,Regular Season
TRKR1/990518,2016_LoL_esports_match_data_from_OraclesElixir.csv,LCK,Spring,0,http://matchhistory.na.leagueoflegends.com/en/#match-details/TRKR1/990518?gameHash=8ce86deb62e80a94,2016,Regular Season
TRKR1/1000512,2016_LoL_esports_match_data_from_OraclesElixir.csv,LCK,Spring,0,http://matchhistory.na.leagueoflegends.com/en/#match-details/TRKR1/1000512?gameHash=2ddfed6fb82a6007,2016,Regular Season
TRKR1/1000523,2016_LoL_esports_match_data_from_OraclesElixir.csv,LCK,Spring,0,http://matchhistory.na.leagueoflegends.com/en/#match-details/TRKR1/1000523?gameHash=2d2749cc5996abe6,2016,Regular Season
TRKR1/1000525,2016_LoL_esports_match_data_from_OraclesElixir.csv,LCK,Spring,0,http://matchhistory.na.leagueoflegends.com/en/#match-details/TRKR1/1000525?gameHash=5eed0fbf8b8e41ac,2016,Regular Season
TRKR1/1010030,2016_LoL_esports_match_data_from_OraclesElixir.csv,LCK,Spring,0,http://matchhistory.na.leagueoflegends.com/en/#match-details/TRKR1/1010030?gameHash=e9004788564b9a64,2016,Regular Season
TRKR1/1010039,2016_LoL_esports_match_data_from_OraclesElixir.csv,LCK,Spring,0,http://matchhistory.na.leagueoflegends.com/en/#match-details/TRKR1/1010039?gameHash=52636a876aa790a3,2016,Regular Season
TRKR1/1010043,2016_LoL_esports_match_data_from_OraclesElixir.csv,LCK,Spring,0,http://matchhistory.na.leagueoflegends.com/en/#match-details/TRKR1/1010043?gameHash=3a4db184e1016c2b,2016,Regular Season
TRKR1/1010053,2016_LoL_esports_match_data_from_OraclesElixir.csv,LCK,Spring,0,http://matchhistory.na.leagueoflegends.com/en/#match-details/TRKR1/1010053?gameHash=ccdd37f030d6b5b8,2016,Regular Season
TRKR1/1010056,2016_LoL_esports_match_data_from_OraclesElixir.csv,LCK,Spring,0,http://matchhistory.na.leagueoflegends.com/en/#match-details/TRKR1/1010056?gameHash=954b61df4e545234,2016,Regular Season
TRKR1/1020096,2016_LoL_esports_match_data_from_OraclesElixir.csv,LCK,Spring,0,http://matchhistory.na.leagueoflegends.com/en/#match-details/TRKR1/1020096?gameHash=685d3c4dbe2fc9cd,2016,Regular Season
TRKR1/1020099,2016_LoL_esports_match_data_from_OraclesElixir.csv,LCK,Spring,0,http://matchhistory.na.leagueoflegends.com/en/#match-details/TRKR1/1020099?gameHash=fa08e736689ab7ee,2016,Regular Season
TRKR1/1020102,2016_LoL_esports_match_data_from_OraclesElixir.csv,LCK,Spring,0,http://matchhistory.na.leagueoflegends.com/en/#match-details/TRKR1/1020102?gameHash=246042c7a24de5da,2016,Regular Season
TRKR1/1020108,2016_LoL_esports_match_data_from_OraclesElixir.csv,LCK,Spring,0,http://matchhistory.na.leagueoflegends.com/en/#match-details/TRKR1/1020108?gameHash=a915f506b9316322,2016,Regular Season
TRKR1/1020118,2016_LoL_esports_match_data_from_OraclesElixir.csv,LCK,Spring,0,http://matchhistory.na.leagueoflegends.com/en/#match-details/TRKR1/1020118?gameHash=b5d9465926790b3c,2016,Regular Season
TRKR1/1020152,2016_LoL_esports_match_data_from_OraclesElixir.csv,LCK,Spring,0,http://matchhistory.na.leagueoflegends.com/en/#match-details/TRKR1/1020152?gameHash=d325249cd9100f2b,2016,Regular Season
TRKR1/1020157,2016_LoL_esports_match_data_from_OraclesElixir.csv,LCK,Spring,0,http://matchhistory.na.leagueoflegends.com/en/#match-details/TRKR1/1020157?gameHash=91b799b148c68a8a,2016,Regular Season
TRKR1/1020160,2016_LoL_esports_match_data_from_OraclesElixir.csv,LCK,Spring,0,http://matchhistory.na.leagueoflegends.com/en/#match-details/TRKR1/1020160?gameHash=49d86a5920f465ee,2016,Regular Season
TRKR1/1020168,2016_LoL_esports_match_data_from_OraclesElixir.csv,LCK,Spring,0,http://matchhistory.na.leagueoflegends.com/en/#match-details/TRKR1/1020168?gameHash=24e6d52a930ceecd,2016,Regular Season
TRKR1/1010153,2016_LoL_esports_match_data_from_OraclesElixir.csv,LCK,Spring,0,http://matchhistory.na.leagueoflegends.com/en/#match-details/TRKR1/1010153?gameHash=d63fc860ef7fafbd,2016,Regular Season
TRKR1/1020224,2016_LoL_esports_match_data_from_OraclesElixir.csv,LCK,Spring,0,http://matchhistory.na.leagueoflegends.com/en/#match-details/TRKR1/1020224?gameHash=4ab32e20de4e530f,2016,Regular Season
TRKR1/1020230,2016_LoL_esports_match_data_from_OraclesElixir.csv,LCK,Spring,0,http://matchhistory.na.leagueoflegends.com/en/#match-details/TRKR1/1020230?gameHash=1888f9356acf6662,2016,Regular Season
TRKR1/1020232,2016_LoL_esports_match_data_from_OraclesElixir.csv,LCK,Spring,0,http://matchhistory.na.leagueoflegends.com/en/#match-details/TRKR1/1020232?gameHash=ec34d343cd27012b,2016,Regular Season
TRKR1/1020245,2016_LoL_esports_match_data_from_OraclesElixir.csv,LCK,Spring,0,http://matchhistory.na.leagueoflegends.com/en/#match-details/TRKR1/1020245?gameHash=56c32d994ffe1aa5,2016,Regular Season
TRKR1/1020246,2016_LoL_esports_match_data_from_OraclesElixir.csv,LCK,Spring,0,http://matchhistory.na.leagueoflegends.com/en/#match-details/TRKR1/1020246?gameHash=4d18a11c57bae8fe,2016,Regular Season
TRKR1/1010321,2016_LoL_esports_match_data_from_OraclesElixir.csv,LCK,Spring,0,http://matchhistory.na.leagueoflegends.com/en/#match-details/TRKR1/1010321?gameHash=3b26d873cb274d09,2016,Regular Season
TRKR1/1010325,2016_LoL_esports_match_data_from_OraclesElixir.csv,LCK,Spring,0,http://matchhistory.na.leagueoflegends.com/en/#match-details/TRKR1/1010325?gameHash=8cc2ebe44abdcf27,2016,Regular Season
TRKR1/1010327,2016_LoL_esports_match_data_from_OraclesElixir.csv,LCK,Spring,0,http://matchhistory.na.leagueoflegends.com/en/#match-details/TRKR1/1010327?gameHash=b06b6f9234cccbef,2016,Regular Season
TRKR1/1010341,2016_LoL_esports_match_data_from_OraclesElixir.csv,LCK,Spring,0,http://matchhistory.na.leagueoflegends.com/en/#match-details/TRKR1/1010341?gameHash=1c156538b1b99af0,2016,Regular Season
TRKR1/1010377,2016_LoL_esports_match_data_from_OraclesElixir.csv,LCK,Spring,0,http://matchhistory.na.leagueoflegends.com/en/#match-details/TRKR1/1010377?gameHash=8ea2fd4a7c3a4cb7,2016,Regular Season
TRKR1/1010379,2016_LoL_esports_match_data_from_OraclesElixir.csv,LCK,Spring,0,http://matchhistory.na.leagueoflegends.com/en/#match-details/TRKR1/1010379?gameHash=235cd65f9b08c9c8,2016,Regular Season
TRKR1/1010380,2016_LoL_esports_match_data_from_OraclesElixir.csv,LCK,Spring,0,http://matchhistory.na.leagueoflegends.com/en/#match-details/TRKR1/1010380?gameHash=f8ec0ad4bb9880e1,2016,Regular Season
TRKR1/1010394,2016_LoL_esports_match_data_from_OraclesElixir.csv,LCK,Spring,0,http://matchhistory.na.leagueoflegends.com/en/#match-details/TRKR1/1010394?gameHash=ed030b9401915c7f,2016,Regular Season
TRKR1/1010399,2016_LoL_esports_match_data_from_OraclesElixir.csv,LCK,Spring,0,http://matchhistory.na.leagueoflegends.com/en/#match-details/TRKR1/1010399?gameHash=28ecf9791d50be19,2016,Regular Season
TRKR1/1020449,2016_LoL_esports_match_data_from_OraclesElixir.csv,LCK,Spring,0,http://matchhistory.na.leagueoflegends.com/en/#match-details/TRKR1/1020449?gameHash=23bd577a7c02296f,2016,Regular Season
TRKR1/1020454,2016_LoL_esports_match_data_from_OraclesElixir.csv,LCK,Spring,0,http://matchhistory.na.leagueoflegends.com/en/#match-details/TRKR1/1020454?gameHash=e35b599767b8945e,2016,Regular Season
TRKR1/1020456,2016_LoL_esports_match_data_from_OraclesElixir.csv,LCK,Spring,0,http://matchhistory.na.leagueoflegends.com/en/#match-details/TRKR1/1020456?gameHash=d19074e8324d60d1,2016,Regular Season
TRKR1/1020465,2016_LoL_esports_match_data_from_OraclesElixir.csv,LCK,Spring,0,http://matchhistory.na.leagueoflegends.com/en/#match-details/TRKR1/1020465?gameHash=231fca5a61529b26,2016,Regular Season
TRKR1/1020467,2016_LoL_esports_match_data_from_OraclesElixir.csv,LCK,Spring,0,http://matchhistory.na.leagueoflegends.com/en/#match-details/TRKR1/1020467?gameHash=24b7706d724d7ef7,2016,Regular Season
TRKR1/1020524,2016_LoL_esports_match_data_from_OraclesElixir.csv,LCK,Spring,0,http://matchhistory.na.leagueoflegends.com/en/#match-details/TRKR1/1020524?gameHash=7b32eedaf04e492d,2016,Regular Season
TRKR1/1020530,2016_LoL_esports_match_data_from_OraclesElixir.csv,LCK,Spring,0,http://matchhistory.na.leagueoflegends.com/en/#match-details/TRKR1/1020530?gameHash=ce47b58f655f9f48,2016,Regular Season
TRKR1/1020538,2016_LoL_esports_match_data_from_OraclesElixir.csv,LCK,Spring,0,http://matchhistory.na.leagueoflegends.com/en/#match-details/TRKR1/1020538?gameHash=cac4fc177bbcc3aa,2016,Regular Season
TRKR1/1020544,2016_LoL_esports_match_data_from_OraclesElixir.csv,LCK,Spring,0,http://matchhistory.na.leagueoflegends.com/en/#match-details/TRKR1/1020544?gameHash=1795513b07ef52b8,2016,Regular Season
TRKR1/1020545,2016_LoL_esports_match_data_from_OraclesElixir.csv,LCK,Spring,0,http://matchhistory.na.leagueoflegends.com/en/#match-details/TRKR1/1020545?gameHash=b8bf3837ec7db2f0,2016,Regular Season
TRKR1/1040036,2016_LoL_esports_match_data_from_OraclesElixir.csv,LCK,Spring,0,http://matchhistory.na.leagueoflegends.com/en/#match-details/TRKR1/1040036?gameHash=dd5593b87cc7d5ba,2016,Regular Season
TRKR1/1040037,2016_LoL_esports_match_data_from_OraclesElixir.csv,LCK,Spring,0,http://matchhistory.na.leagueoflegends.com/en/#match-details/TRKR1/1040037?gameHash=415708803e2fc306,2016,Regular Season
TRKR1/1040039,2016_LoL_esports_match_data_from_OraclesElixir.csv,LCK,Spring,0,http://matchhistory.na.leagueoflegends.com/en/#match-details/TRKR1/1040039?gameHash=595315f019630017,2016,Regular Season
TRKR1/1040054,2016_LoL_esports_match_data_from_OraclesElixir.csv,LCK,Spring,0,http://matchhistory.na.leagueoflegends.com/en/#match-details/TRKR1/1040054?gameHash=d8bc8fe4848a0771,2016,Regular Season
TRKR1/1040059,2016_LoL_esports_match_data_from_OraclesElixir.csv,LCK,Spring,0,http://matchhistory.na.leagueoflegends.com/en/#match-details/TRKR1/1040059?gameHash=2311858eb33d6d12,2016,Regular Season
TRKR1/1030094,2016_LoL_esports_match_data_from_OraclesElixir.csv,LCK,Spring,0,http://matchhistory.na.leagueoflegends.com/en/#match-details/TRKR1/1030094?gameHash=51f4a17a43c1435d,2016,Regular Season
TRKR1/1030095,2016_LoL_esports_match_data_from_OraclesElixir.csv,LCK,Spring,0,http://matchhistory.na.leagueoflegends.com/en/#match-details/TRKR1/1030095?gameHash=c651ca0565a470d0,2016,Regular Season
TRKR1/1030104,2016_LoL_esports_match_data_from_OraclesElixir.csv,LCK,Spring,0,http://matchhistory.na.leagueoflegends.com/en/#match-details/TRKR1/1030104?gameHash=779f824d8498ff71,2016,Regular Season
TRKR1/1030109,2016_LoL_esports_match_data_from_OraclesElixir.csv,LCK,Spring,0,http://matchhistory.na.leagueoflegends.com/en/#match-details/TRKR1/1030109?gameHash=5ea2f7a83ead185e,2016,Regular Season
TRKR1/1030151,2016_LoL_esports_match_data_from_OraclesElixir.csv,LCK,Spring,0,http://matchhistory.na.leagueoflegends.com/en/#match-details/TRKR1/1030151?gameHash=df7a9249edec0e37,2016,Regular Season
TRKR1/1030152,2016_LoL_esports_match_data_from_OraclesElixir.csv,LCK,Spring,0,http://matchhistory.na.leagueoflegends.com/en/#match-details/TRKR1/1030152?gameHash=f8fd3edfd3966faa,2016,Regular Season
TRKR1/1030153,2016_LoL_esports_match_data_from_OraclesElixir.csv,LCK,Spring,0,http://matchhistory.na.leagueoflegends.com/en/#match-details/TRKR1/1030153?gameHash=6157a1a63daa3fa6,2016,Regular Season
TRKR1/1030161,2016_LoL_esports_match_data_from_OraclesElixir.csv,LCK,Spring,0,http://matchhistory.na.leagueoflegends.com/en/#match-details/TRKR1/1030161?gameHash=70fcd3152fb15a38,2016,Regular Season
TRKR1/1030182,2016_LoL_esports_match_data_from_OraclesElixir.csv,LCK,Spring,0,http://matchhistory.na.leagueoflegends.com/en/#match-details/TRKR1/1030182?gameHash=22f58fb3e0cce5d0,2016,Regular Season
TRKR1/1030188,2016_LoL_esports_match_data_from_OraclesElixir.csv,LCK,Spring,0,http://matchhistory.na.leagueoflegends.com/en/#match-details/TRKR1/1030188?gameHash=8132605205261b67,2016,Regular Season
TRKR1/1030190,2016_LoL_esports_match_data_from_OraclesElixir.csv,LCK,Spring,0,http://matchhistory.na.leagueoflegends.com/en/#match-details/TRKR1/1030190?gameHash=448b0c24bb0706c7,2016,Regular Season
TRKR1/1030197,2016_LoL_esports_match_data_from_OraclesElixir.csv,LCK,Spring,0,http://matchhistory.na.leagueoflegends.com/en/#match-details/TRKR1/1030197?gameHash=8ca51c7c327c989d,2016,Regular Season
TRKR1/1040241,2016_LoL_esports_match_data_from_OraclesElixir.csv,LCK,Spring,0,http://matchhistory.na.leagueoflegends.com/en/#match-details/TRKR1/1040241?gameHash=08cace00c3aec3f2,2016,Regular Season
TRKR1/1040460,2016_LoL_esports_match_data_from_OraclesElixir.csv,LCK,Spring,0,http://matchhistory.na.leagueoflegends.com/en/#match-details/TRKR1/1040460?gameHash=e7694a818e257e38,2016,Regular Season
TRKR1/1040465,2016_LoL_esports_match_data_from_OraclesElixir.csv,LCK,Spring,0,http://matchhistory.na.leagueoflegends.com/en/#match-details/TRKR1/1040465?gameHash=1cf8b1c3b5b2fd35,2016,Regular Season
TRKR1/1040466,2016_LoL_esports_match_data_from_OraclesElixir.csv,LCK,Spring,0,http://matchhistory.na.leagueoflegends.com/en/#match-details/TRKR1/1040466?gameHash=4f57c9a0b87fd418,2016,Regular Season
TRKR1/1040469,2016_LoL_esports_match_data_from_OraclesElixir.csv,LCK,Spring,0,http://matchhistory.na.leagueoflegends.com/en/#match-details/TRKR1/1040469?gameHash=ff43fef54380dc46,2016,Regular Season
TRKR1/1040486,2016_LoL_esports_match_data_from_OraclesElixir.csv,LCK,Spring,0,http://matchhistory.na.leagueoflegends.com/en/#match-details/TRKR1/1040486?gameHash=63358dcd098d2b31,2016,Regular Season
TRKR1/1040523,2016_LoL_esports_match_data_from_OraclesElixir.csv,LCK,Spring,0,http://matchhistory.na.leagueoflegends.com/en/#match-details/TRKR1/1040523?gameHash=97f0072a304bf799,2016,Regular Season
TRKR1/1040527,2016_LoL_esports_match_data_from_OraclesElixir.csv,LCK,Spring,0,http://matchhistory.na.leagueoflegends.com/en/#match-details/TRKR1/1040527?gameHash=091c862c58b4fc5d,2016,Regular Season
TRKR1/1040531,2016_LoL_esports_match_data_from_OraclesElixir.csv,LCK,Spring,0,http://matchhistory.na.leagueoflegends.com/en/#match-details/TRKR1/1040531?gameHash=7744d270c308774a,2016,Regular Season
TRKR1/1040547,2016_LoL_esports_match_data_from_OraclesElixir.csv,LCK,Spring,0,http://matchhistory.na.leagueoflegends.com/en/#match-details/TRKR1/1040547?gameHash=b86b4f512806fda3,2016,Regular Season
TRKR1/1040553,2016_LoL_esports_match_data_from_OraclesElixir.csv,LCK,Spring,0,http://matchhistory.na.leagueoflegends.com/en/#match-details/TRKR1/1040553?gameHash=867574647f0780aa,2016,Regular Season
TRKR1/1040609,2016_LoL_esports_match_data_from_OraclesElixir.csv,LCK,Spring,0,http://matchhistory.na.leagueoflegends.com/en/#match-details/TRKR1/1040609?gameHash=c760e584c9c0a95d,2016,Regular Season
TRKR1/1040610,2016_LoL_esports_match_data_from_OraclesElixir.csv,LCK,Spring,0,http://matchhistory.na.leagueoflegends.com/en/#match-details/TRKR1/1040610?gameHash=aa2862bbee700448,2016,Regular Season
TRKR1/1040612,2016_LoL_esports_match_data_from_OraclesElixir.csv,LCK,Spring,0,http://matchhistory.na.leagueoflegends.com/en/#match-details/TRKR1/1040612?gameHash=88dbdfbecc3545b9,2016,Regular Season
TRKR1/1040619,2016_LoL_esports_match_data_from_OraclesElixir.csv,LCK,Spring,0,http://matchhistory.na.leagueoflegends.com/en/#match-details/TRKR1/1040619?gameHash=0c01aad38de177d7,2016,Regular Season
TRKR1/1030608,2016_LoL_esports_match_data_from_OraclesElixir.csv,LCK,Spring,0,http://matchhistory.na.leagueoflegends.com/en/#match-details/TRKR1/1030608?gameHash=02cc26d22aee2848,2016,Regular Season
TRKR1/1030610,2016_LoL_esports_match_data_from_OraclesElixir.csv,LCK,Spring,0,http://matchhistory.na.leagueoflegends.com/en/#match-details/TRKR1/1030610?gameHash=c8a903e85a9f4ce7,2016,Regular Season
TRKR1/1030618,2016_LoL_esports_match_data_from_OraclesElixir.csv,LCK,Spring,0,http://matchhistory.na.leagueoflegends.com/en/#match-details/TRKR1/1030618?gameHash=26f3e0b2e4dfc4e6,2016,Regular Season
TRKR1/1030620,2016_LoL_esports_match_data_from_OraclesElixir.csv,LCK,Spring,0,http://matchhistory.na.leagueoflegends.com/en/#match-details/TRKR1/1030620?gameHash=5e455c7a4e15e02a,2016,Regular Season
TRKR1/1030631,2016_LoL_esports_match_data_from_OraclesElixir.csv,LCK,Spring,0,http://matchhistory.na.leagueoflegends.com/en/#match-details/TRKR1/1030631?gameHash=c29640a395768128,2016,Regular Season
TRKR1/1030633,2016_LoL_esports_match_data_from_OraclesElixir.csv,LCK,Spring,0,http://matchhistory.na.leagueoflegends.com/en/#match-details/TRKR1/1030633?gameHash=003aefd58000cbd6,2016,Regular Season
TRKR1/1030807,2016_LoL_esports_match_data_from_OraclesElixir.csv,LCK,Spring,1,http://matchhistory.na.leagueoflegends.com/en/#match-details/TRKR1/1030807?gameHash=ce13d6084d977ea5,2016,Playoff
TRKR1/1030812,2016_LoL_esports_match_data_from_OraclesElixir.csv,LCK,Spring,1,http://matchhistory.na.leagueoflegends.com/en/#match-details/TRKR1/1030812?gameHash=cd7f5d6ea8eb79dd,2016,Playoff
TRKR1/1040879,2016_LoL_esports_match_data_from_OraclesElixir.csv,LCK,Spring,1,http://matchhistory.na.leagueoflegends.com/en/#match-details/TRKR1/1040879?gameHash=12da6b98a5913c2b,2016,Playoff
TRKR1/1040883,2016_LoL_esports_match_data_from_OraclesElixir.csv,LCK,Spring,1,http://matchhistory.na.leagueoflegends.com/en/#match-details/TRKR1/1040883?gameHash=ff4e3513663319be,2016,Playoff
TRKR1/1040885,2016_LoL_esports_match_data_from_OraclesElixir.csv,LCK,Spring,1,http://matchhistory.na.leagueoflegends.com/en/#match-details/TRKR1/1040885?gameHash=a11641b7b0b37d76,2016,Playoff
TRKR1/1040887,2016_LoL_esports_match_data_from_OraclesElixir.csv,LCK,Spring,1,http://matchhistory.na.leagueoflegends.com/en/#match-details/TRKR1/1040887?gameHash=ec231a99bb2f67cd,2016,Playoff
TRKR1/1030897,2016_LoL_esports_match_data_from_OraclesElixir.csv,LCK,Spring,1,http://matchhistory.na.leagueoflegends.com/en/#match-details/TRKR1/1030897?gameHash=c434cbb332015dc7,2016,Playoff
TRKR1/1030901,2016_LoL_esports_match_data_from_OraclesElixir.csv,LCK,Spring,1,http://matchhistory.na.leagueoflegends.com/en/#match-details/TRKR1/1030901?gameHash=787cb28a02e99aef,2016,Playoff
TRKR1/1030902,2016_LoL_esports_match_data_from_OraclesElixir.csv,LCK,Spring,1,http://matchhistory.na.leagueoflegends.com/en/#match-details/TRKR1/1030902?gameHash=a420f7c76afd19bd,2016,Playoff
TRKR1/1041038,2016_LoL_esports_match_data_from_OraclesElixir.csv,LCK,Spring,1,http://matchhistory.na.leagueoflegends.com/en/#match-details/TRKR1/1041038?gameHash=1a90fd277fa74e7f,2016,Playoff
TRKR1/1041040,2016_LoL_esports_match_data_from_OraclesElixir.csv,LCK,Spring,1,http://matchhistory.na.leagueoflegends.com/en/#match-details/TRKR1/1041040?gameHash=b9c7987880a79639,2016,Playoff
TRKR1/1041041,2016_LoL_esports_match_data_from_OraclesElixir.csv,LCK,Spring,1,http://matchhistory.na.leagueoflegends.com/en/#match-details/TRKR1/1041041?gameHash=d2b613b3b3b313ee,2016,Playoff
TRKR1/1041043,2016_LoL_esports_match_data_from_OraclesElixir.csv,LCK,Spring,1,http://matchhistory.na.leagueoflegends.com/en/#match-details/TRKR1/1041043?gameHash=56f88d133139fb20,2016,Playoff
TRKR1/1050031,2016_LoL_esports_match_data_from_OraclesElixir.csv,LCK,Summer,0,http://matchhistory.na.leagueoflegends.com/en/#match-details/TRKR1/1050031?gameHash=3001a5f578621f28,2016,Promotion
TRKR1/1050036,2016_LoL_esports_match_data_from_OraclesElixir.csv,LCK,Summer,0,http://matchhistory.na.leagueoflegends.com/en/#match-details/TRKR1/1050036?gameHash=220b2687f705edcf,2016,Promotion
TRKR1/1050037,2016_LoL_esports_match_data_from_OraclesElixir.csv,LCK,Summer,0,http://matchhistory.na.leagueoflegends.com/en/#match-details/TRKR1/1050037?gameHash=fbe39341d38b4142,2016,Promotion
TRKR1/1050057,2016_LoL_esports_match_data_from_OraclesElixir.csv,LCK,Summer,0,http://matchhistory.na.leagueoflegends.com/en/#match-details/TRKR1/1050057?gameHash=d2eaf13bcbb3c021,2016,Promotion
TRKR1/1050058,2016_LoL_esports_match_data_from_OraclesElixir.csv,LCK,Summer,0,http://matchhistory.na.leagueoflegends.com/en/#match-details/TRKR1/1050058?gameHash=924f2e8299f9f51f,2016,Promotion
TRKR1/1050059,2016_LoL_esports_match_data_from_OraclesElixir.csv,LCK,Summer,0,http://matchhistory.na.leagueoflegends.com/en/#match-details/TRKR1/1050059?gameHash=25755cf710864c80,2016,Promotion
TRKR1/1050060,2016_LoL_esports_match_data_from_OraclesElixir.csv,LCK,Summer,0,http://matchhistory.na.leagueoflegends.com/en/#match-details/TRKR1/1050060?gameHash=101fe93101f65e64,2016,Promotion
TRKR1/1070145,2016_LoL_esports_match_data_from_OraclesElixir.csv,LCK,Summer,0,http://matchhistory.na.leagueoflegends.com/en/#match-details/TRKR1/1070145?gameHash=b36b305476363b65,2016,Regular Season
TRKR1/1070150,2016_LoL_esports_match_data_from_OraclesElixir.csv,LCK,Summer,0,http://matchhistory.na.leagueoflegends.com/en/#match-details/TRKR1/1070150?gameHash=153887803a66bd44,2016,Regular Season
TRKR1/1070187,2016_LoL_esports_match_data_from_OraclesElixir.csv,LCK,Summer,0,http://matchhistory.na.leagueoflegends.com/en/#match-details/TRKR1/1070187?gameHash=95a6abd14c304678,2016,Regular Season
TRKR1/1070197,2016_LoL_esports_match_data_from_OraclesElixir.csv,LCK,Summer,0,http://matchhistory.na.leagueoflegends.com/en/#match-details/TRKR1/1070197?gameHash=2540d4022c0b3984,2016,Regular Season
TRKR1/1070225,2016_LoL_esports_match_data_from_OraclesElixir.csv,LCK,Summer,0,http://matchhistory.na.leagueoflegends.com/en/#match-details/TRKR1/1070225?gameHash=6c6e02cbaa52d729,2016,Regular Season
TRKR1/1070230,2016_LoL_esports_match_data_from_OraclesElixir.csv,LCK,Summer,0,http://matchhistory.na.leagueoflegends.com/en/#match-details/TRKR1/1070230?gameHash=f01dc586326b789c,2016,Regular Season
TRKR1/1070270,2016_LoL_esports_match_data_from_OraclesElixir.csv,LCK,Summer,0,http://matchhistory.na.leagueoflegends.com/en/#match-details/TRKR1/1070270?gameHash=c0ebad485f8871e6,2016,Regular Season
TRKR1/1070279,2016_LoL_esports_match_data_from_OraclesElixir.csv,LCK,Summer,0,http://matchhistory.na.leagueoflegends.com/en/#match-details/TRKR1/1070279?gameHash=a34458b0a6d25892,2016,Regular Season
TRKR1/1070301,2016_LoL_esports_match_data_from_OraclesElixir.csv,LCK,Summer,0,http://matchhistory.na.leagueoflegends.com/en/#match-details/TRKR1/1070301?gameHash=fb904c0909b43576,2016,Regular Season
TRKR1/1070302,2016_LoL_esports_match_data_from_OraclesElixir.csv,LCK,Summer,0,http://matchhistory.na.leagueoflegends.com/en/#match-details/TRKR1/1070302?gameHash=5d316d93f28e5e72,2016,Regular Season
TRKR1/1080361,2016_LoL_esports_match_data_from_OraclesElixir.csv,LCK,Summer,0,http://matchhistory.na.leagueoflegends.com/en/#match-details/TRKR1/1080361?gameHash=a12b54a736771b8c,2016,Regular Season
TRKR1/1080369,2016_LoL_esports_match_data_from_OraclesElixir.csv,LCK,Summer,0,http://matchhistory.na.leagueoflegends.com/en/#match-details/TRKR1/1080369?gameHash=04913800614ff1ac,2016,Regular Season
TRKR1/1070487,2016_LoL_esports_match_data_from_OraclesElixir.csv,LCK,Summer,0,http://matchhistory.na.leagueoflegends.com/en/#match-details/TRKR1/1070487?gameHash=1a67c4d482db5d2a,2016,Regular Season
TRKR1/1070499,2016_LoL_esports_match_data_from_OraclesElixir.csv,LCK,Summer,0,http://matchhistory.na.leagueoflegends.com/en/#match-details/TRKR1/1070499?gameHash=5257e2ca7be65f2a,2016,Regular Season
TRKR1/1070501,2016_LoL_esports_match_data_from_OraclesElixir.csv,LCK,Summer,0,http://matchhistory.na.leagueoflegends.com/en/#match-details/TRKR1/1070501?gameHash=755a3ad67c6be303,2016,Regular Season
TRKR1/1080426,2016_LoL_esports_match_data_from_OraclesElixir.csv,LCK,Summer,0,http://matchhistory.na.leagueoflegends.com/en/#match-details/TRKR1/1080426?gameHash=4e7fb682330ece9c,2016,Regular Season
TRKR1/1080428,2016_LoL_esports_match_data_from_OraclesElixir.csv,LCK,Summer,0,http://matchhistory.na.leagueoflegends.com/en/#match-details/TRKR1/1080428?gameHash=d241b9334b8d0625,2016,Regular Season
TRKR1/1080430,2016_LoL_esports_match_data_from_OraclesElixir.csv,LCK,Summer,0,http://matchhistory.na.leagueoflegends.com/en/#match-details/TRKR1/1080430?gameHash=d842efb765cad05b,2016,Regular Season
TRKR1/1080443,2016_LoL_esports_match_data_from_OraclesElixir.csv,LCK,Summer,0,http://matchhistory.na.leagueoflegends.com/en/#match-details/TRKR1/1080443?gameHash=7b4da52324bb3633,2016,Regular Season
TRKR1/1080455,2016_LoL_esports_match_data_from_OraclesElixir.csv,LCK,Summer,0,http://matchhistory.na.leagueoflegends.com/en/#match-details/TRKR1/1080455?gameHash=c7a95fa8fad3db7f,2016,Regular Season
TRKR1/1080457,2016_LoL_esports_match_data_from_OraclesElixir.csv,LCK,Summer,0,http://matchhistory.na.leagueoflegends.com/en/#match-details/TRKR1/1080457?gameHash=a4ea65821c333821,2016,Regular Season
TRKR1/1070600,2016_LoL_esports_match_data_from_OraclesElixir.csv,LCK,Summer,0,http://matchhistory.na.leagueoflegends.com/en/#match-details/TRKR1/1070600?gameHash=dc422a0a057a0b42,2016,Regular Season
TRKR1/1070603,2016_LoL_esports_match_data_from_OraclesElixir.csv,LCK,Summer,0,http://matchhistory.na.leagueoflegends.com/en/#match-details/TRKR1/1070603?gameHash=a2eababfd450c31b,2016,Regular Season
TRKR1/1070625,2016_LoL_esports_match_data_from_OraclesElixir.csv,LCK,Summer,0,http://matchhistory.na.leagueoflegends.com/en/#match-details/TRKR1/1070625?gameHash=941fa8e46e4cc718,2016,Regular Season
TRKR1/1070626,2016_LoL_esports_match_data_from_OraclesElixir.csv,LCK,Summer,0,http://matchhistory.na.leagueoflegends.com/en/#match-details/TRKR1/1070626?gameHash=9d168e6974f51db5,2016,Regular Season
TRKR1/1070636,2016_LoL_esports_match_data_from_OraclesElixir.csv,LCK,Summer,0,http://matchhistory.na.leagueoflegends.com/en/#match-details/TRKR1/1070636?gameHash=b696a2d4820f7859,2016,Regular Season
TRKR1/1070643,2016_LoL_esports_match_data_from_OraclesElixir.csv,LCK,Summer,0,http://matchhistory.na.leagueoflegends.com/en/#match-details/TRKR1/1070643?gameHash=64d82d010acca836,2016,Regular Season
TRKR1/1080590,2016_LoL_esports_match_data_from_OraclesElixir.csv,LCK,Summer,0,http://matchhistory.na.leagueoflegends.com/en/#match-details/TRKR1/1080590?gameHash=b2c86ef12aad5eb1,2016,Regular Season
TRKR1/1080595,2016_LoL_esports_match_data_from_OraclesElixir.csv,LCK,Summer,0,http://matchhistory.na.leagueoflegends.com/en/#match-details/TRKR1/1080595?gameHash=466b3bf394a71052,2016,Regular Season
TRKR1/1080614,2016_LoL_esports_match_data_from_OraclesElixir.csv,LCK,Summer,0,http://matchhistory.na.leagueoflegends.com/en/#match-details/TRKR1/1080614?gameHash=2274b861159439a9,2016,Regular Season
TRKR1/1070670,2016_LoL_esports_match_data_from_OraclesElixir.csv,LCK,Summer,0,http://matchhistory.na.leagueoflegends.com/en/#match-details/TRKR1/1070670?gameHash=de2ab6ffce6f1ae7,2016,Regular Season
TRKR1/1080678,2016_LoL_esports_match_data_from_OraclesElixir.csv,LCK,Summer,0,http://matchhistory.na.leagueoflegends.com/en/#match-details/TRKR1/1080678?gameHash=b01762c3906ac768,2016,Regular Season
TRKR1/1080683,2016_LoL_esports_match_data_from_OraclesElixir.csv,LCK,Summer,0,http://matchhistory.na.leagueoflegends.com/en/#match-details/TRKR1/1080683?gameHash=fecc21e748856b03,2016,Regular Season
TRKR1/1070805,2016_LoL_esports_match_data_from_OraclesElixir.csv,LCK,Summer,0,http://matchhistory.na.leagueoflegends.com/en/#match-details/TRKR1/1070805?gameHash=9ce2ef583bed4c33,2016,Regular Season
TRKR1/1070812,2016_LoL_esports_match_data_from_OraclesElixir.csv,LCK,Summer,0,http://matchhistory.na.leagueoflegends.com/en/#match-details/TRKR1/1070812?gameHash=559128f3637783a4,2016,Regular Season
TRKR1/1070814,2016_LoL_esports_match_data_from_OraclesElixir.csv,LCK,Summer,0,http://matchhistory.na.leagueoflegends.com/en/#match-details/TRKR1/1070814?gameHash=8cec9efcab80a21f,2016,Regular Season
TRKR1/1070837,2016_LoL_esports_match_data_from_OraclesElixir.csv,LCK,Summer,0,http://matchhistory.na.leagueoflegends.com/en/#match-details/TRKR1/1070837?gameHash=5694129a98b746ac,2016,Regular Season
TRKR1/1070842,2016_LoL_esports_match_data_from_OraclesElixir.csv,LCK,Summer,0,http://matchhistory.na.leagueoflegends.com/en/#match-details/TRKR1/1070842?gameHash=e3a3618fa241a691,2016,Regular Season
TRKR1/1080796,2016_LoL_esports_match_data_from_OraclesElixir.csv,LCK,Summer,0,http://matchhistory.na.leagueoflegends.com/en/#match-details/TRKR1/1080796?gameHash=ae9ed164631302fd,2016,Regular Season
TRKR1/1080799,2016_LoL_esports_match_data_from_OraclesElixir.csv,LCK,Summer,0,http://matchhistory.na.leagueoflegends.com/en/#match-details/TRKR1/1080799?gameHash=1513cbbe7bb9211b,2016,Regular Season
TRKR1/1080801,2016_LoL_esports_match_data_from_OraclesElixir.csv,LCK,Summer,0,http://matchhistory.na.leagueoflegends.com/en/#match-details/TRKR1/1080801?gameHash=605d9183c757dc45,2016,Regular Season
TRKR1/1070930,2016_LoL_esports_match_data_from_OraclesElixir.csv,LCK,Summer,0,http://matchhistory.na.leagueoflegends.com/en/#match-details/TRKR1/1070930?gameHash=623c33f26bf4f475,2016,Regular Season
TRKR1/1070933,2016_LoL_esports_match_data_from_OraclesElixir.csv,LCK,Summer,0,http://matchhistory.na.leagueoflegends.com/en/#match-details/TRKR1/1070933?gameHash=4d3b6922fde962c8,2016,Regular Season
TRKR1/1080857,2016_LoL_esports_match_data_from_OraclesElixir.csv,LCK,Summer,0,http://matchhistory.na.leagueoflegends.com/en/#match-details/TRKR1/1080857?gameHash=6eee83a687004b6c,2016,Regular Season
TRKR1/1080861,2016_LoL_esports_match_data_from_OraclesElixir.csv,LCK,Summer,0,http://matchhistory.na.leagueoflegends.com/en/#match-details/TRKR1/1080861?gameHash=5f4b03993fbdf6a4,2016,Regular Season
TRKR1/1080874,2016_LoL_esports_match_data_from_OraclesElixir.csv,LCK,Summer,0,http://matchhistory.na.leagueoflegends.com/en/#match-details/TRKR1/1080874?gameHash=8562db293a466b6f,2016,Regular Season
TRKR1/1080879,2016_LoL_esports_match_data_from_OraclesElixir.csv,LCK,Summer,0,http://matchhistory.na.leagueoflegends.com/en/#match-details/TRKR1/1080879?gameHash=a7b8d781e505ac56,2016,Regular Season
TRKR1/1070986,2016_LoL_esports_match_data_from_OraclesElixir.csv,LCK,Summer,0,http://matchhistory.na.leagueoflegends.com/en/#match-details/TRKR1/1070986?gameHash=9dc634523e1b24dc,2016,Regular Season
TRKR1/1070988,2016_LoL_esports_match_data_from_OraclesElixir.csv,LCK,Summer,0,http://matchhistory.na.leagueoflegends.com/en/#match-details/TRKR1/1070988?gameHash=a9472736dc55230f,2016,Regular Season
TRKR1/1070998,2016_LoL_esports_match_data_from_OraclesElixir.csv,LCK,Summer,0,http://matchhistory.na.leagueoflegends.com/en/#match-details/TRKR1/1070998?gameHash=172e5606fa962e29,2016,Regular Season
TRKR1/1071003,2016_LoL_esports_match_data_from_OraclesElixir.csv,LCK,Summer,0,http://matchhistory.na.leagueoflegends.com/en/#match-details/TRKR1/1071003?gameHash=0cd8238034aec606,2016,Regular Season
TRKR1/1090062,2016_LoL_esports_match_data_from_OraclesElixir.csv,LCK,Summer,0,http://matchhistory.na.leagueoflegends.com/en/#match-details/TRKR1/1090062?gameHash=5070194f55068f97,2016,Regular Season
TRKR1/1090069,2016_LoL_esports_match_data_from_OraclesElixir.csv,LCK,Summer,0,http://matchhistory.na.leagueoflegends.com/en/#match-details/TRKR1/1090069?gameHash=eba285235e3902aa,2016,Regular Season
TRKR1/1100132,2016_LoL_esports_match_data_from_OraclesElixir.csv,LCK,Summer,0,http://matchhistory.na.leagueoflegends.com/en/#match-details/TRKR1/1100132?gameHash=3921297eec448784,2016,Regular Season
TRKR1/1100139,2016_LoL_esports_match_data_from_OraclesElixir.csv,LCK,Summer,0,http://matchhistory.na.leagueoflegends.com/en/#match-details/TRKR1/1100139?gameHash=b2e9ca961249e2d2,2016,Regular Season
TRKR1/1100159,2016_LoL_esports_match_data_from_OraclesElixir.csv,LCK,Summer,0,http://matchhistory.na.leagueoflegends.com/en/#match-details/TRKR1/1100159?gameHash=753b8b049e1ddbc1,2016,Regular Season
TRKR1/1100163,2016_LoL_esports_match_data_from_OraclesElixir.csv,LCK,Summer,0,http://matchhistory.na.leagueoflegends.com/en/#match-details/TRKR1/1100163?gameHash=06f7ed66c4a2ebfd,2016,Regular Season
TRKR1/1100170,2016_LoL_esports_match_data_from_OraclesElixir.csv,LCK,Summer,0,http://matchhistory.na.leagueoflegends.com/en/#match-details/TRKR1/1100170?gameHash=06bb5d69b6d46051,2016,Regular Season
TRKR1/1100181,2016_LoL_esports_match_data_from_OraclesElixir.csv,LCK,Summer,0,http://matchhistory.na.leagueoflegends.com/en/#match-details/TRKR1/1100181?gameHash=8adaef010ebb16af,2016,Regular Season
TRKR1/1100186,2016_LoL_esports_match_data_from_OraclesElixir.csv,LCK,Summer,0,http://matchhistory.na.leagueoflegends.com/en/#match-details/TRKR1/1100186?gameHash=56b0ee7f007c69c8,2016,Regular Season
TRKR1/1090251,2016_LoL_esports_match_data_from_OraclesElixir.csv,LCK,Summer,0,http://matchhistory.na.leagueoflegends.com/en/#match-details/TRKR1/1090251?gameHash=0310e0364acebf89,2016,Regular Season
TRKR1/1090255,2016_LoL_esports_match_data_from_OraclesElixir.csv,LCK,Summer,0,http://matchhistory.na.leagueoflegends.com/en/#match-details/TRKR1/1090255?gameHash=78f9e488ab9ef113,2016,Regular Season
TRKR1/1090278,2016_LoL_esports_match_data_from_OraclesElixir.csv,LCK,Summer,0,http://matchhistory.na.leagueoflegends.com/en/#match-details/TRKR1/1090278?gameHash=249bf51c18586ecc,2016,Regular Season
TRKR1/1090279,2016_LoL_esports_match_data_from_OraclesElixir.csv,LCK,Summer,0,http://matchhistory.na.leagueoflegends.com/en/#match-details/TRKR1/1090279?gameHash=b8caa1937640ead8,2016,Regular Season
TRKR1/1090280,2016_LoL_esports_match_data_from_OraclesElixir.csv,LCK,Summer,0,http://matchhistory.na.leagueoflegends.com/en/#match-details/TRKR1/1090280?gameHash=6b79706c4a7cde71,2016,Regular Season
TRKR1/1090288,2016_LoL_esports_match_data_from_OraclesElixir.csv,LCK,Summer,0,http://matchhistory.na.leagueoflegends.com/en/#match-details/TRKR1/1090288?gameHash=b9543329e4868bd3,2016,Regular Season
TRKR1/1090294,2016_LoL_esports_match_data_from_OraclesElixir.csv,LCK,Summer,0,http://matchhistory.na.leagueoflegends.com/en/#match-details/TRKR1/1090294?gameHash=f0a6ae0af2aeb9dd,2016,Regular Season
TRKR1/1090324,2016_LoL_esports_match_data_from_OraclesElixir.csv,LCK,Summer,0,http://matchhistory.na.leagueoflegends.com/en/#match-details/TRKR1/1090324?gameHash=9383a0df787f0a3c,2016,Regular Season
TRKR1/1090325,2016_LoL_esports_match_data_from_OraclesElixir.csv,LCK,Summer,0,http://matchhistory.na.leagueoflegends.com/en/#match-details/TRKR1/1090325?gameHash=194282f35f5e3939,2016,Regular Season
TRKR1/1090326,2016_LoL_esports_match_data_from_OraclesElixir.csv,LCK,Summer,0,http://matchhistory.na.leagueoflegends.com/en/#match-details/TRKR1/1090326?gameHash=cb55ba916175c784,2016,Regular Season
TRKR1/1090333,2016_LoL_esports_match_data_from_OraclesElixir.csv,LCK,Summer,0,http://matchhistory.na.leagueoflegends.com/en/#match-details/TRKR1/1090333?gameHash=c26ca8cf788a0503,2016,Regular Season
TRKR1/1090335,2016_LoL_esports_match_data_from_OraclesElixir.csv,LCK,Summer,0,http://matchhistory.na.leagueoflegends.com/en/#match-details/TRKR1/1090335?gameHash=6569528fd86f3855,2016,Regular Season
TRKR1/1100379,2016_LoL_esports_match_data_from_OraclesElixir.csv,LCK,Summer,0,http://matchhistory.na.leagueoflegends.com/en/#match-details/TRKR1/1100379?gameHash=e00388a9cfa61406,2016,Regular Season
TRKR1/1100389,2016_LoL_esports_match_data_from_OraclesElixir.csv,LCK,Summer,0,http://matchhistory.na.leagueoflegends.com/en/#match-details/TRKR1/1100389?gameHash=72cfa92816620d8a,2016,Regular Season
TRKR1/1090456,2016_LoL_esports_match_data_from_OraclesElixir.csv,LCK,Summer,0,http://matchhistory.na.leagueoflegends.com/en/#match-details/TRKR1/1090456?gameHash=80c8548ff93fbfe2,2016,Regular Season
TRKR1/1090471,2016_LoL_esports_match_data_from_OraclesElixir.csv,LCK,Summer,0,http://matchhistory.na.leagueoflegends.com/en/#match-details/TRKR1/1090471?gameHash=36054590d9363216,2016,Regular Season
TRKR1/1090489,2016_LoL_esports_match_data_from_OraclesElixir.csv,LCK,Summer,0,http://matchhistory.na.leagueoflegends.com/en/#match-details/TRKR1/1090489?gameHash=5f4573f8da55abb9,2016,Regular Season
TRKR1/1090494,2016_LoL_esports_match_data_from_OraclesElixir.csv,LCK,Summer,0,http://matchhistory.na.leagueoflegends.com/en/#match-details/TRKR1/1090494?gameHash=4486397da24ee35a,2016,Regular Season
TRKR1/1100490,2016_LoL_esports_match_data_from_OraclesElixir.csv,LCK,Summer,0,http://matchhistory.na.leagueoflegends.com/en/#match-details/TRKR1/1100490?gameHash=84044d811c82907f,2016,Regular Season
TRKR1/1100500,2016_LoL_esports_match_data_from_OraclesElixir.csv,LCK,Summer,0,http://matchhistory.na.leagueoflegends.com/en/#match-details/TRKR1/1100500?gameHash=72ef61694aefbc8b,2016,Regular Season
TRKR1/1100535,2016_LoL_esports_match_data_from_OraclesElixir.csv,LCK,Summer,0,http://matchhistory.na.leagueoflegends.com/en/#match-details/TRKR1/1100535?gameHash=200aa2cdbe3d5833,2016,Regular Season
TRKR1/1100543,2016_LoL_esports_match_data_from_OraclesElixir.csv,LCK,Summer,0,http://matchhistory.na.leagueoflegends.com/en/#match-details/TRKR1/1100543?gameHash=70d9f041461fb072,2016,Regular Season
TRKR1/1090602,2016_LoL_esports_match_data_from_OraclesElixir.csv,LCK,Summer,0,http://matchhistory.na.leagueoflegends.com/en/#match-details/TRKR1/1090602?gameHash=27cc4ca66a34bb17,2016,Regular Season
TRKR1/1090609,2016_LoL_esports_match_data_from_OraclesElixir.csv,LCK,Summer,0,http://matchhistory.na.leagueoflegends.com/en/#match-details/TRKR1/1090609?gameHash=b561379617c0dc39,2016,Regular Season
TRKR1/1090611,2016_LoL_esports_match_data_from_OraclesElixir.csv,LCK,Summer,0,http://matchhistory.na.leagueoflegends.com/en/#match-details/TRKR1/1090611?gameHash=6644abf9b9c3c18d,2016,Regular Season
TRKR1/1090612,2016_LoL_esports_match_data_from_OraclesElixir.csv,LCK,Summer,0,http://matchhistory.na.leagueoflegends.com/en/#match-details/TRKR1/1090612?gameHash=4380ca3f08676be8,2016,Regular Season
TRKR1/1090630,2016_LoL_esports_match_data_from_OraclesElixir.csv,LCK,Summer,0,http://matchhistory.na.leagueoflegends.com/en/#match-details/TRKR1/1090630?gameHash=84a64f5fe3f76056,2016,Regular Season
TRKR1/1090648,2016_LoL_esports_match_data_from_OraclesElixir.csv,LCK,Summer,0,http://matchhistory.na.leagueoflegends.com/en/#match-details/TRKR1/1090648?gameHash=f214edf1f3e4f25e,2016,Regular Season
TRKR1/1090650,2016_LoL_esports_match_data_from_OraclesElixir.csv,LCK,Summer,0,http://matchhistory.na.leagueoflegends.com/en/#match-details/TRKR1/1090650?gameHash=82a20ce0c439aef3,2016,Regular Season
TRKR1/1090655,2016_LoL_esports_match_data_from_OraclesElixir.csv,LCK,Summer,0,http://matchhistory.na.leagueoflegends.com/en/#match-details/TRKR1/1090655?gameHash=f838c76710496a1f,2016,Regular Season
TRKR1/1090658,2016_LoL_esports_match_data_from_OraclesElixir.csv,LCK,Summer,0,http://matchhistory.na.leagueoflegends.com/en/#match-details/TRKR1/1090658?gameHash=c9d0657a1c405c22,2016,Regular Season
TRKR1/1090666,2016_LoL_esports_match_data_from_OraclesElixir.csv,LCK,Summer,0,http://matchhistory.na.leagueoflegends.com/en/#match-details/TRKR1/1090666?gameHash=e3d35ca7fb9bfce2,2016,Regular Season
TRKR1/1110053,2016_LoL_esports_match_data_from_OraclesElixir.csv,LCK,Summer,0,http://matchhistory.na.leagueoflegends.com/en/#match-details/TRKR1/1110053?gameHash=178ed9f0a1f22bda,2016,Regular Season
TRKR1/1110065,2016_LoL_esports_match_data_from_OraclesElixir.csv,LCK,Summer,0,http://matchhistory.na.leagueoflegends.com/en/#match-details/TRKR1/1110065?gameHash=e7881a6f40747f74,2016,Regular Season
TRKR1/1110120,2016_LoL_esports_match_data_from_OraclesElixir.csv,LCK,Summer,0,http://matchhistory.na.leagueoflegends.com/en/#match-details/TRKR1/1110120?gameHash=67f8d747da9629c3,2016,Regular Season
TRKR1/1110139,2016_LoL_esports_match_data_from_OraclesElixir.csv,LCK,Summer,0,http://matchhistory.na.leagueoflegends.com/en/#match-details/TRKR1/1110139?gameHash=6c2fa2e0bda419dd,2016,Regular Season
TRKR1/1110140,2016_LoL_esports_match_data_from_OraclesElixir.csv,LCK,Summer,0,http://matchhistory.na.leagueoflegends.com/en/#match-details/TRKR1/1110140?gameHash=27dfbe74ceb7385b,2016,Regular Season
TRKR1/1110166,2016_LoL_esports_match_data_from_OraclesElixir.csv,LCK,Summer,0,http://matchhistory.na.leagueoflegends.com/en/#match-details/TRKR1/1110166?gameHash=02a3e78ea1ea6e23,2016,Regular Season
TRKR1/1110170,2016_LoL_esports_match_data_from_OraclesElixir.csv,LCK,Summer,0,http://matchhistory.na.leagueoflegends.com/en/#match-details/TRKR1/1110170?gameHash=aeefb41d70b217b6,2016,Regular Season
TRKR1/1110173,2016_LoL_esports_match_data_from_OraclesElixir.csv,LCK,Summer,0,http://matchhistory.na.leagueoflegends.com/en/#match-details/TRKR1/1110173?gameHash=15722992105eecdc,2016,Regular Season
TRKR1/1120204,2016_LoL_esports_match_data_from_OraclesElixir.csv,LCK,Summer,0,http://matchhistory.na.leagueoflegends.com/en/#match-details/TRKR1/1120204?gameHash=be6c94e386f5d012,2016,Regular Season
TRKR1/1120219,2016_LoL_esports_match_data_from_OraclesElixir.csv,LCK,Summer,0,http://matchhistory.na.leagueoflegends.com/en/#match-details/TRKR1/1120219?gameHash=12483662b0a3c3d7,2016,Regular Season
TRKR1/1120222,2016_LoL_esports_match_data_from_OraclesElixir.csv,LCK,Summer,0,http://matchhistory.na.leagueoflegends.com/en/#match-details/TRKR1/1120222?gameHash=4d4433eea655dc63,2016,Regular Season
TRKR1/1110331,2016_LoL_esports_match_data_from_OraclesElixir.csv,LCK,Summer,0,http://matchhistory.na.leagueoflegends.com/en/#match-details/TRKR1/1110331?gameHash=cb833cdcffea9a32,2016,Regular Season
TRKR1/1110349,2016_LoL_esports_match_data_from_OraclesElixir.csv,LCK,Summer,0,http://matchhistory.na.leagueoflegends.com/en/#match-details/TRKR1/1110349?gameHash=e55790c8b2baef07,2016,Regular Season
TRKR1/1110350,2016_LoL_esports_match_data_from_OraclesElixir.csv,LCK,Summer,0,http://matchhistory.na.leagueoflegends.com/en/#match-details/TRKR1/1110350?gameHash=224581cffed91677,2016,Regular Season
TRKR1/1120423,2016_LoL_esports_match_data_from_OraclesElixir.csv,LCK,Summer,0,http://matchhistory.na.leagueoflegends.com/en/#match-details/TRKR1/1120423?gameHash=9d4bf9464028f07b,2016,Regular Season
TRKR1/1120433,2016_LoL_esports_match_data_from_OraclesElixir.csv,LCK,Summer,0,http://matchhistory.na.leagueoflegends.com/en/#match-details/TRKR1/1120433?gameHash=8ebf221f50361ae0,2016,Regular Season
TRKR1/1120460,2016_LoL_esports_match_data_from_OraclesElixir.csv,LCK,Summer,0,http://matchhistory.na.leagueoflegends.com/en/#match-details/TRKR1/1120460?gameHash=1b708d8171ce2ab5,2016,Regular Season
TRKR1/1120466,2016_LoL_esports_match_data_from_OraclesElixir.csv,LCK,Summer,0,http://matchhistory.na.leagueoflegends.com/en/#match-details/TRKR1/1120466?gameHash=a46ba1dd037e3137,2016,Regular Season
TRKR1/1110468,2016_LoL_esports_match_data_from_OraclesElixir.csv,LCK,Summer,0,http://matchhistory.na.leagueoflegends.com/en/#match-details/TRKR1/1110468?gameHash=f1b7a731e23754fe,2016,Regular Season
TRKR1/1110475,2016_LoL_esports_match_data_from_OraclesElixir.csv,LCK,Summer,0,http://matchhistory.na.leagueoflegends.com/en/#match-details/TRKR1/1110475?gameHash=a0ac872fb22b58e9,2016,Regular Season
TRKR1/1110533,2016_LoL_esports_match_data_from_OraclesElixir.csv,LCK,Summer,0,http://matchhistory.na.leagueoflegends.com/en/#match-details/TRKR1/1110533?gameHash=c4b5d48ac46c195e,2016,Regular Season
TRKR1/1110540,2016_LoL_esports_match_data_from_OraclesElixir.csv,LCK,Summer,0,http://matchhistory.na.leagueoflegends.com/en/#match-details/TRKR1/1110540?gameHash=fb541ffe748a09b4,2016,Regular Season
TRKR1/1120549,2016_LoL_esports_match_data_from_OraclesElixir.csv,LCK,Summer,0,http://matchhistory.na.leagueoflegends.com/en/#match-details/TRKR1/1120549?gameHash=0a6dd1a22f416be4,2016,Regular Season
TRKR1/1120561,2016_LoL_esports_match_data_from_OraclesElixir.csv,LCK,Summer,0,http://matchhistory.na.leagueoflegends.com/en/#match-details/TRKR1/1120561?gameHash=a05f4dc55e6094bf,2016,Regular Season
TRKR1/1120569,2016_LoL_esports_match_data_from_OraclesElixir.csv,LCK,Summer,0,http://matchhistory.na.leagueoflegends.com/en/#match-details/TRKR1/1120569?gameHash=bdebbd99454e91a2,2016,Regular Season
TRKR1/1120572,2016_LoL_esports_match_data_from_OraclesElixir.csv,LCK,Summer,0,http://matchhistory.na.leagueoflegends.com/en/#match-details/TRKR1/1120572?gameHash=6c1c791cf12d3b7e,2016,Regular Season
TRKR1/1120574,2016_LoL_esports_match_data_from_OraclesElixir.csv,LCK,Summer,0,http://matchhistory.na.leagueoflegends.com/en/#match-details/TRKR1/1120574?gameHash=ead867c2a16dad73,2016,Regular Season
TRKR1/1120588,2016_LoL_esports_match_data_from_OraclesElixir.csv,LCK,Summer,0,http://matchhistory.na.leagueoflegends.com/en/#match-details/TRKR1/1120588?gameHash=116195c2d05978be,2016,Regular Season
TRKR1/1120591,2016_LoL_esports_match_data_from_OraclesElixir.csv,LCK,Summer,0,http://matchhistory.na.leagueoflegends.com/en/#match-details/TRKR1/1120591?gameHash=e35cf6832aca94a1,2016,Regular Season
TRKR1/1120592,2016_LoL_esports_match_data_from_OraclesElixir.csv,LCK,Summer,0,http://matchhistory.na.leagueoflegends.com/en/#match-details/TRKR1/1120592?gameHash=4ef8fe69db5b6c27,2016,Regular Season
TRKR1/1120595,2016_LoL_esports_match_data_from_OraclesElixir.csv,LCK,Summer,0,http://matchhistory.na.leagueoflegends.com/en/#match-details/TRKR1/1120595?gameHash=864ed9082c4671ea,2016,Regular Season
TRKR1/1120612,2016_LoL_esports_match_data_from_OraclesElixir.csv,LCK,Summer,0,http://matchhistory.na.leagueoflegends.com/en/#match-details/TRKR1/1120612?gameHash=937453558016fcce,2016,Regular Season
TRKR1/1120613,2016_LoL_esports_match_data_from_OraclesElixir.csv,LCK,Summer,0,http://matchhistory.na.leagueoflegends.com/en/#match-details/TRKR1/1120613?gameHash=40f74c32a47e2e91,2016,Regular Season
TRKR1/1130055,2016_LoL_esports_match_data_from_OraclesElixir.csv,LCK,Summer,0,http://matchhistory.na.leagueoflegends.com/en/#match-details/TRKR1/1130055?gameHash=1a6d16420252ae7e,2016,Regular Season
TRKR1/1130062,2016_LoL_esports_match_data_from_OraclesElixir.csv,LCK,Summer,0,http://matchhistory.na.leagueoflegends.com/en/#match-details/TRKR1/1130062?gameHash=386be7ef80fd4077,2016,Regular Season
TRKR1/1130135,2016_LoL_esports_match_data_from_OraclesElixir.csv,LCK,Summer,0,http://matchhistory.na.leagueoflegends.com/en/#match-details/TRKR1/1130135?gameHash=59a0e046b697ed54,2016,Regular Season
TRKR1/1130143,2016_LoL_esports_match_data_from_OraclesElixir.csv,LCK,Summer,0,http://matchhistory.na.leagueoflegends.com/en/#match-details/TRKR1/1130143?gameHash=8edcbba632ebb415,2016,Regular Season
TRKR1/1130187,2016_LoL_esports_match_data_from_OraclesElixir.csv,LCK,Summer,0,http://matchhistory.na.leagueoflegends.com/en/#match-details/TRKR1/1130187?gameHash=daccd95bc98dd37a,2016,Regular Season
TRKR1/1130203,2016_LoL_esports_match_data_from_OraclesElixir.csv,LCK,Summer,0,http://matchhistory.na.leagueoflegends.com/en/#match-details/TRKR1/1130203?gameHash=3912ccce6ee10f66,2016,Regular Season
TRKR1/1130222,2016_LoL_esports_match_data_from_OraclesElixir.csv,LCK,Summer,0,http://matchhistory.na.leagueoflegends.com/en/#match-details/TRKR1/1130222?gameHash=172d1ccea634070b,2016,Regular Season
TRKR1/1130226,2016_LoL_esports_match_data_from_OraclesElixir.csv,LCK,Summer,0,http://matchhistory.na.leagueoflegends.com/en/#match-details/TRKR1/1130226?gameHash=4892e4d7867afda3,2016,Regular Season
TRKR1/1130229,2016_LoL_esports_match_data_from_OraclesElixir.csv,LCK,Summer,0,http://matchhistory.na.leagueoflegends.com/en/#match-details/TRKR1/1130229?gameHash=fd081687b8bd468b,2016,Regular Season
TRKR1/1130274,2016_LoL_esports_match_data_from_OraclesElixir.csv,LCK,Summer,0,http://matchhistory.na.leagueoflegends.com/en/#match-details/TRKR1/1130274?gameHash=7aa6def54d9974f6,2016,Regular Season
TRKR1/1130279,2016_LoL_esports_match_data_from_OraclesElixir.csv,LCK,Summer,0,http://matchhistory.na.leagueoflegends.com/en/#match-details/TRKR1/1130279?gameHash=29ab7627add71cf9,2016,Regular Season
TRKR1/1130302,2016_LoL_esports_match_data_from_OraclesElixir.csv,LCK,Summer,0,http://matchhistory.na.leagueoflegends.com/en/#match-details/TRKR1/1130302?gameHash=41922214389a3675,2016,Regular Season
TRKR1/1130310,2016_LoL_esports_match_data_from_OraclesElixir.csv,LCK,Summer,0,http://matchhistory.na.leagueoflegends.com/en/#match-details/TRKR1/1130310?gameHash=aa0eff0c96f9c7d0,2016,Regular Season
TRKR1/1130314,2016_LoL_esports_match_data_from_OraclesElixir.csv,LCK,Summer,0,http://matchhistory.na.leagueoflegends.com/en/#match-details/TRKR1/1130314?gameHash=aae79c4720f3d076,2016,Regular Season
TRKR1/1130318,2016_LoL_esports_match_data_from_OraclesElixir.csv,LCK,Summer,0,http://matchhistory.na.leagueoflegends.com/en/#match-details/TRKR1/1130318?gameHash=6b92fa1dd458c25a,2016,Regular Season
TRKR1/1130337,2016_LoL_esports_match_data_from_OraclesElixir.csv,LCK,Summer,0,http://matchhistory.na.leagueoflegends.com/en/#match-details/TRKR1/1130337?gameHash=7b68ab3f1d6ebe91,2016,Regular Season
TRKR1/1130349,2016_LoL_esports_match_data_from_OraclesElixir.csv,LCK,Summer,0,http://matchhistory.na.leagueoflegends.com/en/#match-details/TRKR1/1130349?gameHash=b458d507bcebb75a,2016,Regular Season
TRKR1/1130353,2016_LoL_esports_match_data_from_OraclesElixir.csv,LCK,Summer,0,http://matchhistory.na.leagueoflegends.com/en/#match-details/TRKR1/1130353?gameHash=166ba95a0c3e13a5,2016,Regular Season
TRKR1/1130367,2016_LoL_esports_match_data_from_OraclesElixir.csv,LCK,Summer,0,http://matchhistory.na.leagueoflegends.com/en/#match-details/TRKR1/1130367?gameHash=3c7467d3c0084710,2016,Regular Season
TRKR1/1130370,2016_LoL_esports_match_data_from_OraclesElixir.csv,LCK,Summer,0,http://matchhistory.na.leagueoflegends.com/en/#match-details/TRKR1/1130370?gameHash=fe9c18fc657850f4,2016,Regular Season
TRKR1/1130373,2016_LoL_esports_match_data_from_OraclesElixir.csv,LCK,Summer,0,http://matchhistory.na.leagueoflegends.com/en/#match-details/TRKR1/1130373?gameHash=249d2b6a6c883500,2016,Regular Season
TRKR1/1130474,2016_LoL_esports_match_data_from_OraclesElixir.csv,LCK,Summer,0,http://matchhistory.na.leagueoflegends.com/en/#match-details/TRKR1/1130474?gameHash=5c6e79dd1fe4e33a,2016,Regular Season
TRKR1/1130482,2016_LoL_esports_match_data_from_OraclesElixir.csv,LCK,Summer,0,http://matchhistory.na.leagueoflegends.com/en/#match-details/TRKR1/1130482?gameHash=82976220e57fba7a,2016,Regular Season
TRKR1/1140526,2016_LoL_esports_match_data_from_OraclesElixir.csv,LCK,Summer,0,http://matchhistory.na.leagueoflegends.com/en/#match-details/TRKR1/1140526?gameHash=cf4989c40a337927,2016,Regular Season
TRKR1/1140538,2016_LoL_esports_match_data_from_OraclesElixir.csv,LCK,Summer,0,http://matchhistory.na.leagueoflegends.com/en/#match-details/TRKR1/1140538?gameHash=c4b2e70e97ae5fe6,2016,Regular Season
TRKR1/1130572,2016_LoL_esports_match_data_from_OraclesElixir.csv,LCK,Summer,0,http://matchhistory.na.leagueoflegends.com/en/#match-details/TRKR1/1130572?gameHash=950a1ef47ff1f092,2016,Regular Season
TRKR1/1130578,2016_LoL_esports_match_data_from_OraclesElixir.csv,LCK,Summer,0,http://matchhistory.na.leagueoflegends.com/en/#match-details/TRKR1/1130578?gameHash=a539aa7c08003c41,2016,Regular Season
TRKR1/1140595,2016_LoL_esports_match_data_from_OraclesElixir.csv,LCK,Summer,0,http://matchhistory.na.leagueoflegends.com/en/#match-details/TRKR1/1140595?gameHash=1d6006dbe6866081,2016,Regular Season
TRKR1/1140607,2016_LoL_esports_match_data_from_OraclesElixir.csv,LCK,Summer,0,http://matchhistory.na.leagueoflegends.com/en/#match-details/TRKR1/1140607?gameHash=9ae6c81a3b07d6c0,2016,Regular Season
TRKR1/1140608,2016_LoL_esports_match_data_from_OraclesElixir.csv,LCK,Summer,0,http://matchhistory.na.leagueoflegends.com/en/#match-details/TRKR1/1140608?gameHash=31c856043e537199,2016,Regular Season
TRKR1/1140666,2016_LoL_esports_match_data_from_OraclesElixir.csv,LCK,Summer,0,http://matchhistory.na.leagueoflegends.com/en/#match-details/TRKR1/1140666?gameHash=198df12c6b9433a9,2016,Regular Season
TRKR1/1140685,2016_LoL_esports_match_data_from_OraclesElixir.csv,LCK,Summer,0,http://matchhistory.na.leagueoflegends.com/en/#match-details/TRKR1/1140685?gameHash=3f38a995b65aeb96,2016,Regular Season
TRKR1/1140705,2016_LoL_esports_match_data_from_OraclesElixir.csv,LCK,Summer,0,http://matchhistory.na.leagueoflegends.com/en/#match-details/TRKR1/1140705?gameHash=411b62f3020541f5,2016,Regular Season
TRKR1/1140712,2016_LoL_esports_match_data_from_OraclesElixir.csv,LCK,Summer,0,http://matchhistory.na.leagueoflegends.com/en/#match-details/TRKR1/1140712?gameHash=5cd9d33794f934bb,2016,Regular Season
TRKR1/1140715,2016_LoL_esports_match_data_from_OraclesElixir.csv,LCK,Summer,0,http://matchhistory.na.leagueoflegends.com/en/#match-details/TRKR1/1140715?gameHash=b5a4641e8ee30036,2016,Regular Season
TRKR1/1140718,2016_LoL_esports_match_data_from_OraclesElixir.csv,LCK,Summer,0,http://matchhistory.na.leagueoflegends.com/en/#match-details/TRKR1/1140718?gameHash=c781fd07cb819c8f,2016,Regular Season
TRKR1/1140737,2016_LoL_esports_match_data_from_OraclesElixir.csv,LCK,Summer,0,http://matchhistory.na.leagueoflegends.com/en/#match-details/TRKR1/1140737?gameHash=04ad96cea3acd7df,2016,Regular Season
TRKR1/1140767,2016_LoL_esports_match_data_from_OraclesElixir.csv,LCK,Summer,0,http://matchhistory.na.leagueoflegends.com/en/#match-details/TRKR1/1140767?gameHash=7fc7963e37551b48,2016,Regular Season
TRKR1/1140786,2016_LoL_esports_match_data_from_OraclesElixir.csv,LCK,Summer,0,http://matchhistory.na.leagueoflegends.com/en/#match-details/TRKR1/1140786?gameHash=a87c704d15ba7bf9,2016,Regular Season
TRKR1/1140808,2016_LoL_esports_match_data_from_OraclesElixir.csv,LCK,Summer,0,http://matchhistory.na.leagueoflegends.com/en/#match-details/TRKR1/1140808?gameHash=b2c4619de23cf1e7,2016,Regular Season
TRKR1/1140814,2016_LoL_esports_match_data_from_OraclesElixir.csv,LCK,Summer,0,http://matchhistory.na.leagueoflegends.com/en/#match-details/TRKR1/1140814?gameHash=956b78908ef5a74d,2016,Regular Season
TRKR1/1140817,2016_LoL_esports_match_data_from_OraclesElixir.csv,LCK,Summer,0,http://matchhistory.na.leagueoflegends.com/en/#match-details/TRKR1/1140817?gameHash=ccd259f9581515bd,2016,Regular Season
TRKR1/1150027,2016_LoL_esports_match_data_from_OraclesElixir.csv,LCK,Summer,0,http://matchhistory.na.leagueoflegends.com/en/#match-details/TRKR1/1150027?gameHash=275bcc096174243c,2016,Regular Season
TRKR1/1150031,2016_LoL_esports_match_data_from_OraclesElixir.csv,LCK,Summer,0,http://matchhistory.na.leagueoflegends.com/en/#match-details/TRKR1/1150031?gameHash=036e6cef9568efd8,2016,Regular Season
TRKR1/1150035,2016_LoL_esports_match_data_from_OraclesElixir.csv,LCK,Summer,0,http://matchhistory.na.leagueoflegends.com/en/#match-details/TRKR1/1150035?gameHash=77c67fd819bab97c,2016,Regular Season
TRKR1/1150107,2016_LoL_esports_match_data_from_OraclesElixir.csv,LCK,Summer,0,http://matchhistory.na.leagueoflegends.com/en/#match-details/TRKR1/1150107?gameHash=1ddf3e3e2e621314,2016,Regular Season
TRKR1/1150112,2016_LoL_esports_match_data_from_OraclesElixir.csv,LCK,Summer,0,http://matchhistory.na.leagueoflegends.com/en/#match-details/TRKR1/1150112?gameHash=da9427db614c5874,2016,Regular Season
TRKR1/1150114,2016_LoL_esports_match_data_from_OraclesElixir.csv,LCK,Summer,0,http://matchhistory.na.leagueoflegends.com/en/#match-details/TRKR1/1150114?gameHash=b13a3411cc2e242b,2016,Regular Season
TRKR1/1160150,2016_LoL_esports_match_data_from_OraclesElixir.csv,LCK,Summer,0,http://matchhistory.na.leagueoflegends.com/en/#match-details/TRKR1/1160150?gameHash=7907f018580db86c,2016,Regular Season
TRKR1/1160155,2016_LoL_esports_match_data_from_OraclesElixir.csv,LCK,Summer,0,http://matchhistory.na.leagueoflegends.com/en/#match-details/TRKR1/1160155?gameHash=afe418d3be519226,2016,Regular Season
TRKR1/1160184,2016_LoL_esports_match_data_from_OraclesElixir.csv,LCK,Summer,0,http://matchhistory.na.leagueoflegends.com/en/#match-details/TRKR1/1160184?gameHash=9c14461b4b2137c1,2016,Regular Season
TRKR1/1160199,2016_LoL_esports_match_data_from_OraclesElixir.csv,LCK,Summer,0,http://matchhistory.na.leagueoflegends.com/en/#match-details/TRKR1/1160199?gameHash=e3360e3b4294ac7b,2016,Regular Season
TRKR1/1160229,2016_LoL_esports_match_data_from_OraclesElixir.csv,LCK,Summer,0,http://matchhistory.na.leagueoflegends.com/en/#match-details/TRKR1/1160229?gameHash=0464ba4b2048d781,2016,Regular Season
TRKR1/1160238,2016_LoL_esports_match_data_from_OraclesElixir.csv,LCK,Summer,0,http://matchhistory.na.leagueoflegends.com/en/#match-details/TRKR1/1160238?gameHash=5ba9830d5202e40b,2016,Regular Season
TRKR1/1160268,2016_LoL_esports_match_data_from_OraclesElixir.csv,LCK,Summer,0,http://matchhistory.na.leagueoflegends.com/en/#match-details/TRKR1/1160268?gameHash=63e8959658881392,2016,Regular Season
TRKR1/1160274,2016_LoL_esports_match_data_from_OraclesElixir.csv,LCK,Summer,0,http://matchhistory.na.leagueoflegends.com/en/#match-details/TRKR1/1160274?gameHash=802a76f76e3cebad,2016,Regular Season
TRKR1/1160276,2016_LoL_esports_match_data_from_OraclesElixir.csv,LCK,Summer,0,http://matchhistory.na.leagueoflegends.com/en/#match-details/TRKR1/1160276?gameHash=9b465be1382c6d42,2016,Regular Season
TRKR1/1160277,2016_LoL_esports_match_data_from_OraclesElixir.csv,LCK,Summer,0,http://matchhistory.na.leagueoflegends.com/en/#match-details/TRKR1/1160277?gameHash=8d418b2c44278ff1,2016,Regular Season
TRKR1/1160289,2016_LoL_esports_match_data_from_OraclesElixir.csv,LCK,Summer,0,http://matchhistory.na.leagueoflegends.com/en/#match-details/TRKR1/1160289?gameHash=2c85a680c0e21686,2016,Regular Season
TRKR1/1160290,2016_LoL_esports_match_data_from_OraclesElixir.csv,LCK,Summer,0,http://matchhistory.na.leagueoflegends.com/en/#match-details/TRKR1/1160290?gameHash=da40e569a6da376d,2016,Regular Season
TRKR1/1160313,2016_LoL_esports_match_data_from_OraclesElixir.csv,LCK,Summer,0,http://matchhistory.na.leagueoflegends.com/en/#match-details/TRKR1/1160313?gameHash=c69005a3539fcd5c,2016,Regular Season
TRKR1/1160317,2016_LoL_esports_match_data_from_OraclesElixir.csv,LCK,Summer,0,http://matchhistory.na.leagueoflegends.com/en/#match-details/TRKR1/1160317?gameHash=c9338e76e8b6cf4a,2016,Regular Season
TRKR1/1160320,2016_LoL_esports_match_data_from_OraclesElixir.csv,LCK,Summer,0,http://matchhistory.na.leagueoflegends.com/en/#match-details/TRKR1/1160320?gameHash=723ffae653f6be66,2016,Regular Season
TRKR1/1160340,2016_LoL_esports_match_data_from_OraclesElixir.csv,LCK,Summer,0,http://matchhistory.na.leagueoflegends.com/en/#match-details/TRKR1/1160340?gameHash=0e77fe9ce1eeb96b,2016,Regular Season
TRKR1/1160350,2016_LoL_esports_match_data_from_OraclesElixir.csv,LCK,Summer,0,http://matchhistory.na.leagueoflegends.com/en/#match-details/TRKR1/1160350?gameHash=d4c6a228c75ff379,2016,Regular Season
TRKR1/1150428,2016_LoL_esports_match_data_from_OraclesElixir.csv,LCK,Summer,0,http://matchhistory.na.leagueoflegends.com/en/#match-details/TRKR1/1150428?gameHash=f081f780d4ae9b07,2016,Regular Season
TRKR1/1150436,2016_LoL_esports_match_data_from_OraclesElixir.csv,LCK,Summer,0,http://matchhistory.na.leagueoflegends.com/en/#match-details/TRKR1/1150436?gameHash=39bd570af20ae1f6,2016,Regular Season
TRKR1/1160456,2016_LoL_esports_match_data_from_OraclesElixir.csv,LCK,Summer,0,http://matchhistory.na.leagueoflegends.com/en/#match-details/TRKR1/1160456?gameHash=a3cf7651d70832c8,2016,Regular Season
TRKR1/1150511,2016_LoL_esports_match_data_from_OraclesElixir.csv,LCK,Summer,0,http://matchhistory.na.leagueoflegends.com/en/#match-details/TRKR1/1150511?gameHash=0b4c26291a757a2d,2016,Regular Season
TRKR1/1150522,2016_LoL_esports_match_data_from_OraclesElixir.csv,LCK,Summer,0,http://matchhistory.na.leagueoflegends.com/en/#match-details/TRKR1/1150522?gameHash=d0dbbc9bcea92895,2016,Regular Season
TRKR1/1150526,2016_LoL_esports_match_data_from_OraclesElixir.csv,LCK,Summer,0,http://matchhistory.na.leagueoflegends.com/en/#match-details/TRKR1/1150526?gameHash=9a92d37d14359da5,2016,Regular Season
TRKR1/1160524,2016_LoL_esports_match_data_from_OraclesElixir.csv,LCK,Summer,0,http://matchhistory.na.leagueoflegends.com/en/#match-details/TRKR1/1160524?gameHash=1f347e0856bf3c32,2016,Regular Season
TRKR1/1160535,2016_LoL_esports_match_data_from_OraclesElixir.csv,LCK,Summer,0,http://matchhistory.na.leagueoflegends.com/en/#match-details/TRKR1/1160535?gameHash=d8697a24c0aef0f2,2016,Regular Season
TRKR1/1160545,2016_LoL_esports_match_data_from_OraclesElixir.csv,LCK,Summer,0,http://matchhistory.na.leagueoflegends.com/en/#match-details/TRKR1/1160545?gameHash=00986b51908a63c3,2016,Regular Season
TRKR1/1150594,2016_LoL_esports_match_data_from_OraclesElixir.csv,LCK,Summer,0,http://matchhistory.na.leagueoflegends.com/en/#match-details/TRKR1/1150594?gameHash=1cf2f45534d5e685,2016,Regular Season
TRKR1/1150596,2016_LoL_esports_match_data_from_OraclesElixir.csv,LCK,Summer,0,http://matchhistory.na.leagueoflegends.com/en/#match-details/TRKR1/1150596?gameHash=bfa475e5ad81fd05,2016,Regular Season
TRKR1/1150631,2016_LoL_esports_match_data_from_OraclesElixir.csv,LCK,Summer,0,http://matchhistory.na.leagueoflegends.com/en/#match-details/TRKR1/1150631?gameHash=42fca4f01bf1830e,2016,Regular Season
TRKR1/1150638,2016_LoL_esports_match_data_from_OraclesElixir.csv,LCK,Summer,0,http://matchhistory.na.leagueoflegends.com/en/#match-details/TRKR1/1150638?gameHash=2d929a8b39e9b8bb,2016,Regular Season
TRKR1/1160604,2016_LoL_esports_match_data_from_OraclesElixir.csv,LCK,Summer,0,http://matchhistory.na.leagueoflegends.com/en/#match-details/TRKR1/1160604?gameHash=abee0d79bbe64762,2016,Regular Season
TRKR1/1160610,2016_LoL_esports_match_data_from_OraclesElixir.csv,LCK,Summer,0,http://matchhistory.na.leagueoflegends.com/en/#match-details/TRKR1/1160610?gameHash=4acdea717ea1ec3c,2016,Regular Season
TRKR1/1150674,2016_LoL_esports_match_data_from_OraclesElixir.csv,LCK,Summer,0,http://matchhistory.na.leagueoflegends.com/en/#match-details/TRKR1/1150674?gameHash=edadadfd06e536ee,2016,Regular Season
TRKR1/1150679,2016_LoL_esports_match_data_from_OraclesElixir.csv,LCK,Summer,0,http://matchhistory.na.leagueoflegends.com/en/#match-details/TRKR1/1150679?gameHash=3d58feba2dddac1a,2016,Regular Season
TRKR1/1150700,2016_LoL_esports_match_data_from_OraclesElixir.csv,LCK,Summer,0,http://matchhistory.na.leagueoflegends.com/en/#match-details/TRKR1/1150700?gameHash=83349490d9ddce2f,2016,Regular Season
TRKR1/1150701,2016_LoL_esports_match_data_from_OraclesElixir.csv,LCK,Summer,0,http://matchhistory.na.leagueoflegends.com/en/#match-details/TRKR1/1150701?gameHash=cbf715984dd2acca,2016,Regular Season
TRKR1/1150702,2016_LoL_esports_match_data_from_OraclesElixir.csv,LCK,Summer,0,http://matchhistory.na.leagueoflegends.com/en/#match-details/TRKR1/1150702?gameHash=f2f1dc7aabae2b7a,2016,Regular Season
TRKR1/1150712,2016_LoL_esports_match_data_from_OraclesElixir.csv,LCK,Summer,0,http://matchhistory.na.leagueoflegends.com/en/#match-details/TRKR1/1150712?gameHash=7e4f2464ffaf7fc6,2016,Regular Season
TRKR1/1150714,2016_LoL_esports_match_data_from_OraclesElixir.csv,LCK,Summer,0,http://matchhistory.na.leagueoflegends.com/en/#match-details/TRKR1/1150714?gameHash=d97cd491c8b307f3,2016,Regular Season
TRKR1/1180043,2016_LoL_esports_match_data_from_OraclesElixir.csv,LCK,Summer,1,http://matchhistory.na.leagueoflegends.com/en/#match-details/TRKR1/1180043?gameHash=99ea2dc7c2318483,2016,Playoff
TRKR1/1180051,2016_LoL_esports_match_data_from_OraclesElixir.csv,LCK,Summer,1,http://matchhistory.na.leagueoflegends.com/en/#match-details/TRKR1/1180051?gameHash=e563026aaa0fc4ff,2016,Playoff
TRKR1/1170116,2016_LoL_esports_match_data_from_OraclesElixir.csv,LCK,Summer,1,http://matchhistory.na.leagueoflegends.com/en/#match-details/TRKR1/1170116?gameHash=15c514146c922d64,2016,Playoff
TRKR1/1170118,2016_LoL_esports_match_data_from_OraclesElixir.csv,LCK,Summer,1,http://matchhistory.na.leagueoflegends.com/en/#match-details/TRKR1/1170118?gameHash=34c4ed6abfbc616b,2016,Playoff
TRKR1/1170120,2016_LoL_esports_match_data_from_OraclesElixir.csv,LCK,Summer,1,http://matchhistory.na.leagueoflegends.com/en/#match-details/TRKR1/1170120?gameHash=4ff0523ee48eb766,2016,Playoff
TRKR1/1180136,2016_LoL_esports_match_data_from_OraclesElixir.csv,LCK,Summer,1,http://matchhistory.na.leagueoflegends.com/en/#match-details/TRKR1/1180136?gameHash=5ebca57778edee3e,2016,Playoff
TRKR1/1180140,2016_LoL_esports_match_data_from_OraclesElixir.csv,LCK,Summer,1,http://matchhistory.na.leagueoflegends.com/en/#match-details/TRKR1/1180140?gameHash=049ca2add45db410,2016,Playoff
TRKR1/1180142,2016_LoL_esports_match_data_from_OraclesElixir.csv,LCK,Summer,1,http://matchhistory.na.leagueoflegends.com/en/#match-details/TRKR1/1180142?gameHash=a37f861d119b11a3,2016,Playoff
TRKR1/1180143,2016_LoL_esports_match_data_from_OraclesElixir.csv,LCK,Summer,1,http://matchhistory.na.leagueoflegends.com/en/#match-details/TRKR1/1180143?gameHash=6e7ff25d33e80381,2016,Playoff
TRKR1/1180145,2016_LoL_esports_match_data_from_OraclesElixir.csv,LCK,Summer,1,http://matchhistory.na.leagueoflegends.com/en/#match-details/TRKR1/1180145?gameHash=04a408ebb33a317c,2016,Playoff
TRKR1/1180446,2016_LoL_esports_match_data_from_OraclesElixir.csv,LCK,Summer,1,http://matchhistory.na.leagueoflegends.com/en/#match-details/TRKR1/1180446?gameHash=e98df77d072e32e3,2016,Playoff
TRKR1/1180447,2016_LoL_esports_match_data_from_OraclesElixir.csv,LCK,Summer,1,http://matchhistory.na.leagueoflegends.com/en/#match-details/TRKR1/1180447?gameHash=e3a1b5a504e3d292,2016,Playoff
TRKR1/1180449,2016_LoL_esports_match_data_from_OraclesElixir.csv,LCK,Summer,1,http://matchhistory.na.leagueoflegends.com/en/#match-details/TRKR1/1180449?gameHash=5fbe4e112f7c750e,2016,Playoff
TRKR1/1180453,2016_LoL_esports_match_data_from_OraclesElixir.csv,LCK,Summer,1,http://matchhistory.na.leagueoflegends.com/en/#match-details/TRKR1/1180453?gameHash=f518ab9d1620dd3a,2016,Playoff
TRKR1/1180454,2016_LoL_esports_match_data_from_OraclesElixir.csv,LCK,Summer,1,http://matchhistory.na.leagueoflegends.com/en/#match-details/TRKR1/1180454?gameHash=98d933e1fcf3c5f1,2016,Playoff
TRKR1/1170484,2016_LoL_esports_match_data_from_OraclesElixir.csv,LCK,Spring,0,http://matchhistory.na.leagueoflegends.com/en/#match-details/TRKR1/1170484?gameHash=2b0304edb7c2cac9,2016,Promotion
TRKR1/1170490,2016_LoL_esports_match_data_from_OraclesElixir.csv,LCK,Spring,0,http://matchhistory.na.leagueoflegends.com/en/#match-details/TRKR1/1170490?gameHash=a80991bccec0ca6e,2016,Promotion
TRKR1/1170491,2016_LoL_esports_match_data_from_OraclesElixir.csv,LCK,Spring,0,http://matchhistory.na.leagueoflegends.com/en/#match-details/TRKR1/1170491?gameHash=7444def73f99d433,2016,Promotion
TRKR1/1170492,2016_LoL_esports_match_data_from_OraclesElixir.csv,LCK,Spring,0,http://matchhistory.na.leagueoflegends.com/en/#match-details/TRKR1/1170492?gameHash=93e5f01e3090dc41,2016,Promotion
TRKR1/1170499,2016_LoL_esports_match_data_from_OraclesElixir.csv,LCK,Spring,0,http://matchhistory.na.leagueoflegends.com/en/#match-details/TRKR1/1170499?gameHash=e9a29549c241cdef,2016,Promotion
TRKR1/1170500,2016_LoL_esports_match_data_from_OraclesElixir.csv,LCK,Spring,0,http://matchhistory.na.leagueoflegends.com/en/#match-details/TRKR1/1170500?gameHash=bc89921edb2ccdc7,2016,Promotion
TRKR1/1170506,2016_LoL_esports_match_data_from_OraclesElixir.csv,LCK,Spring,0,http://matchhistory.na.leagueoflegends.com/en/#match-details/TRKR1/1170506?gameHash=7f098a330b031b4d,2016,Promotion
TRKR1/1170563,2016_LoL_esports_match_data_from_OraclesElixir.csv,LCK,Spring,0,http://matchhistory.na.leagueoflegends.com/en/#match-details/TRKR1/1170563?gameHash=17a37aab9f86687e,2016,Promotion
TRKR1/1170565,2016_LoL_esports_match_data_from_OraclesElixir.csv,LCK,Spring,0,http://matchhistory.na.leagueoflegends.com/en/#match-details/TRKR1/1170565?gameHash=e2f6aee2cbe669ba,2016,Promotion
TRKR1/1170566,2016_LoL_esports_match_data_from_OraclesElixir.csv,LCK,Spring,0,http://matchhistory.na.leagueoflegends.com/en/#match-details/TRKR1/1170566?gameHash=ed31062d8afc92aa,2016,Promotion
TRKR1/1170568,2016_LoL_esports_match_data_from_OraclesElixir.csv,LCK,Spring,0,http://matchhistory.na.leagueoflegends.com/en/#match-details/TRKR1/1170568?gameHash=7c306ddb7f011b4d,2016,Promotion
TRKR1/1170608,2016_LoL_esports_match_data_from_OraclesElixir.csv,LCK,Spring,0,http://matchhistory.na.leagueoflegends.com/en/#match-details/TRKR1/1170608?gameHash=63b0a834d19621e0,2016,Promotion
TRKR1/1170617,2016_LoL_esports_match_data_from_OraclesElixir.csv,LCK,Spring,0,http://matchhistory.na.leagueoflegends.com/en/#match-details/TRKR1/1170617?gameHash=1aad434777491189,2016,Promotion
TRKR1/1170620,2016_LoL_esports_match_data_from_OraclesElixir.csv,LCK,Spring,0,http://matchhistory.na.leagueoflegends.com/en/#match-details/TRKR1/1170620?gameHash=d06c5ed550a87c2a,2016,Promotion
TRKR1/1180674,2016_LoL_esports_match_data_from_OraclesElixir.csv,LCK,,0,http://matchhistory.na.leagueoflegends.com/en/#match-details/TRKR1/1180674?gameHash=566dbe4614f5fd52,2016,Regional Qualifier
TRKR1/1180677,2016_LoL_esports_match_data_from_OraclesElixir.csv,LCK,,0,http://matchhistory.na.leagueoflegends.com/en/#match-details/TRKR1/1180677?gameHash=672f70b5f2da18d9,2016,Regional Qualifier
TRKR1/1180680,2016_LoL_esports_match_data_from_OraclesElixir.csv,LCK,,0,http://matchhistory.na.leagueoflegends.com/en/#match-details/TRKR1/1180680?gameHash=a1759ee72a0914a8,2016,Regional Qualifier
TRKR1/1180681,2016_LoL_esports_match_data_from_OraclesElixir.csv,LCK,,0,http://matchhistory.na.leagueoflegends.com/en/#match-details/TRKR1/1180681?gameHash=6c5c9cf0ed7fdf51,2016,Regional Qualifier
TRKR1/1180684,2016_LoL_esports_match_data_from_OraclesElixir.csv,LCK,,0,http://matchhistory.na.leagueoflegends.com/en/#match-details/TRKR1/1180684?gameHash=5edb42081c5fda7f,2016,Regional Qualifier
TRKR1/1180720,2016_LoL_esports_match_data_from_OraclesElixir.csv,LCK,,0,http://matchhistory.na.leagueoflegends.com/en/#match-details/TRKR1/1180720?gameHash=57da419966042df4,2016,Regional Qualifier
TRKR1/1180721,2016_LoL_esports_match_data_from_OraclesElixir.csv,LCK,,0,http://matchhistory.na.leagueoflegends.com/en/#match-details/TRKR1/1180721?gameHash=575d2844ba005ae0,2016,Regional Qualifier
TRKR1/1180722,2016_LoL_esports_match_data_from_OraclesElixir.csv,LCK,,0,http://matchhistory.na.leagueoflegends.com/en/#match-details/TRKR1/1180722?gameHash=c3bf828d5dfc8348,2016,Regional Qualifier
TRKR1/1180724,2016_LoL_esports_match_data_from_OraclesElixir.csv,LCK,,0,http://matchhistory.na.leagueoflegends.com/en/#match-details/TRKR1/1180724?gameHash=9cce6b80f26dd583,2016,Regional Qualifier
TRKR1/1180758,2016_LoL_esports_match_data_from_OraclesElixir.csv,LCK,,0,http://matchhistory.na.leagueoflegends.com/en/#match-details/TRKR1/1180758?gameHash=fa3e6ca973532037,2016,Regional Qualifier
TRKR1/1180772,2016_LoL_esports_match_data_from_OraclesElixir.csv,LCK,,0,http://matchhistory.na.leagueoflegends.com/en/#match-details/TRKR1/1180772?gameHash=a16a1e94a03c0094,2016,Regional Qualifier
TRKR1/1180773,2016_LoL_esports_match_data_from_OraclesElixir.csv,LCK,,0,http://matchhistory.na.leagueoflegends.com/en/#match-details/TRKR1/1180773?gameHash=a0890eb247ff5c8e,2016,Regional Qualifier
TRKR1/1180774,2016_LoL_esports_match_data_from_OraclesElixir.csv,LCK,,0,http://matchhistory.na.leagueoflegends.com/en/#match-details/TRKR1/1180774?gameHash=882c684cae565af7,2016,Regional Qualifier
TRKR1/1180776,2016_LoL_esports_match_data_from_OraclesElixir.csv,LCK,,0,http://matchhistory.na.leagueoflegends.com/en/#match-details/TRKR1/1180776?gameHash=bd0e0dd63ae79de9,2016,Regional Qualifier
ESPORTSTMNT06/30267,2017_LoL_esports_match_data_from_OraclesElixir.csv,LCK,Spring,0,http://matchhistory.na.leagueoflegends.com/en/#match-details/ESPORTSTMNT06/30267?gameHash=5cf0893182b9e113,2017,Regular Season
ESPORTSTMNT06/30279,2017_LoL_esports_match_data_from_OraclesElixir.csv,LCK,Spring,0,http://matchhistory.na.leagueoflegends.com/en/#match-details/ESPORTSTMNT06/30279?gameHash=2cbf09c183061635,2017,Regular Season
ESPORTSTMNT06/30284,2017_LoL_esports_match_data_from_OraclesElixir.csv,LCK,Spring,0,http://matchhistory.na.leagueoflegends.com/en/#match-details/ESPORTSTMNT06/30284?gameHash=1182d84df2c13028,2017,Regular Season
ESPORTSTMNT06/30306,2017_LoL_esports_match_data_from_OraclesElixir.csv,LCK,Spring,0,http://matchhistory.na.leagueoflegends.com/en/#match-details/ESPORTSTMNT06/30306?gameHash=ffaf51a4b1c445c3,2017,Regular Season
ESPORTSTMNT06/30313,2017_LoL_esports_match_data_from_OraclesElixir.csv,LCK,Spring,0,http://matchhistory.na.leagueoflegends.com/en/#match-details/ESPORTSTMNT06/30313?gameHash=128e35daaf0a5e80,2017,Regular Season
ESPORTSTMNT06/30347,2017_LoL_esports_match_data_from_OraclesElixir.csv,LCK,Spring,0,http://matchhistory.na.leagueoflegends.com/en/#match-details/ESPORTSTMNT06/30347?gameHash=452ddbd77317f49d,2017,Regular Season
ESPORTSTMNT06/20369,2017_LoL_esports_match_data_from_OraclesElixir.csv,LCK,Spring,0,http://matchhistory.na.leagueoflegends.com/en/#match-details/ESPORTSTMNT06/20369?gameHash=bd1aba7fc5f0839e,2017,Regular Season
ESPORTSTMNT06/30358,2017_LoL_esports_match_data_from_OraclesElixir.csv,LCK,Spring,0,http://matchhistory.na.leagueoflegends.com/en/#match-details/ESPORTSTMNT06/30358?gameHash=d20516a3e8f47202,2017,Regular Season
ESPORTSTMNT06/20394,2017_LoL_esports_match_data_from_OraclesElixir.csv,LCK,Spring,0,http://matchhistory.na.leagueoflegends.com/en/#match-details/ESPORTSTMNT06/20394?gameHash=fa5c1e63d964de1f,2017,Regular Season
ESPORTSTMNT06/30380,2017_LoL_esports_match_data_from_OraclesElixir.csv,LCK,Spring,0,http://matchhistory.na.leagueoflegends.com/en/#match-details/ESPORTSTMNT06/30380?gameHash=817c91d98b4d79fc,2017,Regular Season
ESPORTSTMNT06/30432,2017_LoL_esports_match_data_from_OraclesElixir.csv,LCK,Spring,0,http://matchhistory.na.leagueoflegends.com/en/#match-details/ESPORTSTMNT06/30432?gameHash=032ec6732c142a08,2017,Regular Season
ESPORTSTMNT06/30435,2017_LoL_esports_match_data_from_OraclesElixir.csv,LCK,Spring,0,http://matchhistory.na.leagueoflegends.com/en/#match-details/ESPORTSTMNT06/30435?gameHash=4b0041ec6b0729f6,2017,Regular Season
ESPORTSTMNT06/30437,2017_LoL_esports_match_data_from_OraclesElixir.csv,LCK,Spring,0,http://matchhistory.na.leagueoflegends.com/en/#match-details/ESPORTSTMNT06/30437?gameHash=fd3d3d96fcc139f5,2017,Regular Season
ESPORTSTMNT06/30447,2017_LoL_esports_match_data_from_OraclesElixir.csv,LCK,Spring,0,http://matchhistory.na.leagueoflegends.com/en/#match-details/ESPORTSTMNT06/30447?gameHash=1297109bc8944711,2017,Regular Season
ESPORTSTMNT06/20444,2017_LoL_esports_match_data_from_OraclesElixir.csv,LCK,Spring,0,http://matchhistory.na.leagueoflegends.com/en/#match-details/ESPORTSTMNT06/20444?gameHash=0448c97e526ab0f7,2017,Regular Season
ESPORTSTMNT06/20446,2017_LoL_esports_match_data_from_OraclesElixir.csv,LCK,Spring,0,http://matchhistory.na.leagueoflegends.com/en/#match-details/ESPORTSTMNT06/20446?gameHash=59efe6b31bd9ae9b,2017,Regular Season
ESPORTSTMNT06/30585,2017_LoL_esports_match_data_from_OraclesElixir.csv,LCK,Spring,0,http://matchhistory.na.leagueoflegends.com/en/#match-details/ESPORTSTMNT06/30585?gameHash=a5da4fb99bd6ac7d,2017,Regular Season
ESPORTSTMNT06/30592,2017_LoL_esports_match_data_from_OraclesElixir.csv,LCK,Spring,0,http://matchhistory.na.leagueoflegends.com/en/#match-details/ESPORTSTMNT06/30592?gameHash=8e8c7ba375751744,2017,Regular Season
ESPORTSTMNT06/30619,2017_LoL_esports_match_data_from_OraclesElixir.csv,LCK,Spring,0,http://matchhistory.na.leagueoflegends.com/en/#match-details/ESPORTSTMNT06/30619?gameHash=3419debeadb1790c,2017,Regular Season
ESPORTSTMNT06/20710,2017_LoL_esports_match_data_from_OraclesElixir.csv,LCK,Spring,0,http://matchhistory.na.leagueoflegends.com/en/#match-details/ESPORTSTMNT06/20710?gameHash=61e450af8152b2f5,2017,Regular Season
ESPORTSTMNT06/20716,2017_LoL_esports_match_data_from_OraclesElixir.csv,LCK,Spring,0,http://matchhistory.na.leagueoflegends.com/en/#match-details/ESPORTSTMNT06/20716?gameHash=4e7dc684791509d9,2017,Regular Season
ESPORTSTMNT06/20747,2017_LoL_esports_match_data_from_OraclesElixir.csv,LCK,Spring,0,http://matchhistory.na.leagueoflegends.com/en/#match-details/ESPORTSTMNT06/20747?gameHash=f23ff88287133b62,2017,Regular Season
ESPORTSTMNT06/20750,2017_LoL_esports_match_data_from_OraclesElixir.csv,LCK,Spring,0,http://matchhistory.na.leagueoflegends.com/en/#match-details/ESPORTSTMNT06/20750?gameHash=cfe2b5d3cff7ea80,2017,Regular Season
ESPORTSTMNT06/20754,2017_LoL_esports_match_data_from_OraclesElixir.csv,LCK,Spring,0,http://matchhistory.na.leagueoflegends.com/en/#match-details/ESPORTSTMNT06/20754?gameHash=72f6a6aab69bf89a,2017,Regular Season
ESPORTSTMNT06/20757,2017_LoL_esports_match_data_from_OraclesElixir.csv,LCK,Spring,0,http://matchhistory.na.leagueoflegends.com/en/#match-details/ESPORTSTMNT06/20757?gameHash=9b46ef0015471991,2017,Regular Season
ESPORTSTMNT06/20797,2017_LoL_esports_match_data_from_OraclesElixir.csv,LCK,Spring,0,http://matchhistory.na.leagueoflegends.com/en/#match-details/ESPORTSTMNT06/20797?gameHash=2e71404014847480,2017,Regular Season
ESPORTSTMNT06/30782,2017_LoL_esports_match_data_from_OraclesElixir.csv,LCK,Spring,0,http://matchhistory.na.leagueoflegends.com/en/#match-details/ESPORTSTMNT06/30782?gameHash=2e76ae3d0d71ac8c,2017,Regular Season
ESPORTSTMNT06/30787,2017_LoL_esports_match_data_from_OraclesElixir.csv,LCK,Spring,0,http://matchhistory.na.leagueoflegends.com/en/#match-details/ESPORTSTMNT06/30787?gameHash=9eb7561aa3b13f3a,2017,Regular Season
ESPORTSTMNT06/30795,2017_LoL_esports_match_data_from_OraclesElixir.csv,LCK,Spring,0,http://matchhistory.na.leagueoflegends.com/en/#match-details/ESPORTSTMNT06/30795?gameHash=05e7ce7165b3a533,2017,Regular Season
ESPORTSTMNT06/30813,2017_LoL_esports_match_data_from_OraclesElixir.csv,LCK,Spring,0,http://matchhistory.na.leagueoflegends.com/en/#match-details/ESPORTSTMNT06/30813?gameHash=97e6aee9cbd0d945,2017,Regular Season
ESPORTSTMNT06/30826,2017_LoL_esports_match_data_from_OraclesElixir.csv,LCK,Spring,0,http://matchhistory.na.leagueoflegends.com/en/#match-details/ESPORTSTMNT06/30826?gameHash=d88465e4e29896da,2017,Regular Season
ESPORTSTMNT06/30837,2017_LoL_esports_match_data_from_OraclesElixir.csv,LCK,Spring,0,http://matchhistory.na.leagueoflegends.com/en/#match-details/ESPORTSTMNT06/30837?gameHash=f758db5b80a284eb,2017,Regular Season
ESPORTSTMNT06/20985,2017_LoL_esports_match_data_from_OraclesElixir.csv,LCK,Spring,0,http://matchhistory.na.leagueoflegends.com/en/#match-details/ESPORTSTMNT06/20985?gameHash=0a0e8846b9dd4ef7,2017,Regular Season
ESPORTSTMNT06/20986,2017_LoL_esports_match_data_from_OraclesElixir.csv,LCK,Spring,0,http://matchhistory.na.leagueoflegends.com/en/#match-details/ESPORTSTMNT06/20986?gameHash=ad0434d359f7e282,2017,Regular Season
ESPORTSTMNT06/31035,2017_LoL_esports_match_data_from_OraclesElixir.csv,LCK,Spring,0,http://matchhistory.na.leagueoflegends.com/en/#match-details/ESPORTSTMNT06/31035?gameHash=ccf659531f48273e,2017,Regular Season
ESPORTSTMNT06/21163,2017_LoL_esports_match_data_from_OraclesElixir.csv,LCK,Spring,0,http://matchhistory.na.leagueoflegends.com/en/#match-details/ESPORTSTMNT06/21163?gameHash=94710a6701bce17e,2017,Regular Season
ESPORTSTMNT06/31046,2017_LoL_esports_match_data_from_OraclesElixir.csv,LCK,Spring,0,http://matchhistory.na.leagueoflegends.com/en/#match-details/ESPORTSTMNT06/31046?gameHash=4539714bbb1d9508,2017,Regular Season
ESPORTSTMNT06/31051,2017_LoL_esports_match_data_from_OraclesElixir.csv,LCK,Spring,0,http://matchhistory.na.leagueoflegends.com/en/#match-details/ESPORTSTMNT06/31051?gameHash=925dd8a52e4e07f6,2017,Regular Season
ESPORTSTMNT06/31053,2017_LoL_esports_match_data_from_OraclesElixir.csv,LCK,Spring,0,http://matchhistory.na.leagueoflegends.com/en/#match-details/ESPORTSTMNT06/31053?gameHash=ec6844ddbbc39592,2017,Regular Season
ESPORTSTMNT06/31185,2017_LoL_esports_match_data_from_OraclesElixir.csv,LCK,Spring,0,http://matchhistory.na.leagueoflegends.com/en/#match-details/ESPORTSTMNT06/31185?gameHash=f21fe9a3d7a6802b,2017,Regular Season
ESPORTSTMNT06/31201,2017_LoL_esports_match_data_from_OraclesElixir.csv,LCK,Spring,0,http://matchhistory.na.leagueoflegends.com/en/#match-details/ESPORTSTMNT06/31201?gameHash=463433b4ec9dd9f3,2017,Regular Season
ESPORTSTMNT06/21351,2017_LoL_esports_match_data_from_OraclesElixir.csv,LCK,Spring,0,http://matchhistory.na.leagueoflegends.com/en/#match-details/ESPORTSTMNT06/21351?gameHash=4dcf6597f797a001,2017,Regular Season
ESPORTSTMNT06/31214,2017_LoL_esports_match_data_from_OraclesElixir.csv,LCK,Spring,0,http://matchhistory.na.leagueoflegends.com/en/#match-details/ESPORTSTMNT06/31214?gameHash=ef22182321d55cf4,2017,Regular Season
ESPORTSTMNT06/31267,2017_LoL_esports_match_data_from_OraclesElixir.csv,LCK,Spring,0,http://matchhistory.na.leagueoflegends.com/en/#match-details/ESPORTSTMNT06/31267?gameHash=61f6c2170b8b77aa,2017,Regular Season
ESPORTSTMNT06/31272,2017_LoL_esports_match_data_from_OraclesElixir.csv,LCK,Spring,0,http://matchhistory.na.leagueoflegends.com/en/#match-details/ESPORTSTMNT06/31272?gameHash=6ae705278dbd9d79,2017,Regular Season
ESPORTSTMNT06/31275,2017_LoL_esports_match_data_from_OraclesElixir.csv,LCK,Spring,0,http://matchhistory.na.leagueoflegends.com/en/#match-details/ESPORTSTMNT06/31275?gameHash=c090f4c1b7e5556e,2017,Regular Season
ESPORTSTMNT06/31277,2017_LoL_esports_match_data_from_OraclesElixir.csv,LCK,Spring,0,http://matchhistory.na.leagueoflegends.com/en/#match-details/ESPORTSTMNT06/31277?gameHash=ab7583efe6e1c8da,2017,Regular Season
ESPORTSTMNT06/31298,2017_LoL_esports_match_data_from_OraclesElixir.csv,LCK,Spring,0,http://matchhistory.na.leagueoflegends.com/en/#match-details/ESPORTSTMNT06/31298?gameHash=dbf9f8f16e7f1090,2017,Regular Season
ESPORTSTMNT06/50079,2017_LoL_esports_match_data_from_OraclesElixir.csv,LCK,Spring,0,http://matchhistory.na.leagueoflegends.com/en/#match-details/ESPORTSTMNT06/50079?gameHash=34aba62c58e95776,2017,Regular Season
ESPORTSTMNT06/40067,2017_LoL_esports_match_data_from_OraclesElixir.csv,LCK,Spring,0,http://matchhistory.na.leagueoflegends.com/en/#match-details/ESPORTSTMNT06/40067?gameHash=bdbf7fd35fde25c4,2017,Regular Season
ESPORTSTMNT06/40068,2017_LoL_esports_match_data_from_OraclesElixir.csv,LCK,Spring,0,http://matchhistory.na.leagueoflegends.com/en/#match-details/ESPORTSTMNT06/40068?gameHash=e1f9480de3deb220,2017,Regular Season
ESPORTSTMNT06/40071,2017_LoL_esports_match_data_from_OraclesElixir.csv,LCK,Spring,0,http://matchhistory.na.leagueoflegends.com/en/#match-details/ESPORTSTMNT06/40071?gameHash=e3468429107b3ead,2017,Regular Season
ESPORTSTMNT06/40085,2017_LoL_esports_match_data_from_OraclesElixir.csv,LCK,Spring,0,http://matchhistory.na.leagueoflegends.com/en/#match-details/ESPORTSTMNT06/40085?gameHash=75e819197c80efa7,2017,Regular Season
ESPORTSTMNT06/40112,2017_LoL_esports_match_data_from_OraclesElixir.csv,LCK,Spring,0,http://matchhistory.na.leagueoflegends.com/en/#match-details/ESPORTSTMNT06/40112?gameHash=67a704831cc0e4dc,2017,Regular Season
ESPORTSTMNT06/50145,2017_LoL_esports_match_data_from_OraclesElixir.csv,LCK,Spring,0,http://matchhistory.na.leagueoflegends.com/en/#match-details/ESPORTSTMNT06/50145?gameHash=97a65df62d6c7fda,2017,Regular Season
ESPORTSTMNT06/40126,2017_LoL_esports_match_data_from_OraclesElixir.csv,LCK,Spring,0,http://matchhistory.na.leagueoflegends.com/en/#match-details/ESPORTSTMNT06/40126?gameHash=fff9913c8be5e3fd,2017,Regular Season
ESPORTSTMNT06/50164,2017_LoL_esports_match_data_from_OraclesElixir.csv,LCK,Spring,0,http://matchhistory.na.leagueoflegends.com/en/#match-details/ESPORTSTMNT06/50164?gameHash=447d598f0e0d58e3,2017,Regular Season
ESPORTSTMNT06/50203,2017_LoL_esports_match_data_from_OraclesElixir.csv,LCK,Spring,0,http://matchhistory.na.leagueoflegends.com/en/#match-details/ESPORTSTMNT06/50203?gameHash=51e2c51b72159420,2017,Regular Season
ESPORTSTMNT06/50204,2017_LoL_esports_match_data_from_OraclesElixir.csv,LCK,Spring,0,http://matchhistory.na.leagueoflegends.com/en/#match-details/ESPORTSTMNT06/50204?gameHash=1c42dfc4e19a190a,2017,Regular Season
ESPORTSTMNT06/50207,2017_LoL_esports_match_data_from_OraclesElixir.csv,LCK,Spring,0,http://matchhistory.na.leagueoflegends.com/en/#match-details/ESPORTSTMNT06/50207?gameHash=869fa140e20d4128,2017,Regular Season
ESPORTSTMNT06/50217,2017_LoL_esports_match_data_from_OraclesElixir.csv,LCK,Spring,0,http://matchhistory.na.leagueoflegends.com/en/#match-details/ESPORTSTMNT06/50217?gameHash=6bc6eac33fd4b4c3,2017,Regular Season
ESPORTSTMNT06/40205,2017_LoL_esports_match_data_from_OraclesElixir.csv,LCK,Spring,0,http://matchhistory.na.leagueoflegends.com/en/#match-details/ESPORTSTMNT06/40205?gameHash=402a2fc1c47ebb41,2017,Regular Season
ESPORTSTMNT06/50326,2017_LoL_esports_match_data_from_OraclesElixir.csv,LCK,Spring,0,http://matchhistory.na.leagueoflegends.com/en/#match-details/ESPORTSTMNT06/50326?gameHash=d02c04c444df4056,2017,Regular Season
ESPORTSTMNT06/50331,2017_LoL_esports_match_data_from_OraclesElixir.csv,LCK,Spring,0,http://matchhistory.na.leagueoflegends.com/en/#match-details/ESPORTSTMNT06/50331?gameHash=0c657fe1e7da84ea,2017,Regular Season
ESPORTSTMNT06/40397,2017_LoL_esports_match_data_from_OraclesElixir.csv,LCK,Spring,0,http://matchhistory.na.leagueoflegends.com/en/#match-details/ESPORTSTMNT06/40397?gameHash=a0897e0665c287b6,2017,Regular Season
ESPORTSTMNT06/40426,2017_LoL_esports_match_data_from_OraclesElixir.csv,LCK,Spring,0,http://matchhistory.na.leagueoflegends.com/en/#match-details/ESPORTSTMNT06/40426?gameHash=f4b1aa8cbf905e23,2017,Regular Season
ESPORTSTMNT06/40430,2017_LoL_esports_match_data_from_OraclesElixir.csv,LCK,Spring,0,http://matchhistory.na.leagueoflegends.com/en/#match-details/ESPORTSTMNT06/40430?gameHash=4feeca4fcad6d9aa,2017,Regular Season
ESPORTSTMNT06/40484,2017_LoL_esports_match_data_from_OraclesElixir.csv,LCK,Spring,0,http://matchhistory.na.leagueoflegends.com/en/#match-details/ESPORTSTMNT06/40484?gameHash=01dd2d806162619a,2017,Regular Season
ESPORTSTMNT06/40492,2017_LoL_esports_match_data_from_OraclesElixir.csv,LCK,Spring,0,http://matchhistory.na.leagueoflegends.com/en/#match-details/ESPORTSTMNT06/40492?gameHash=5fe1f4232eaafe16,2017,Regular Season
ESPORTSTMNT06/40496,2017_LoL_esports_match_data_from_OraclesElixir.csv,LCK,Spring,0,http://matchhistory.na.leagueoflegends.com/en/#match-details/ESPORTSTMNT06/40496?gameHash=df8344b71d881b0c,2017,Regular Season
ESPORTSTMNT06/40515,2017_LoL_esports_match_data_from_OraclesElixir.csv,LCK,Spring,0,http://matchhistory.na.leagueoflegends.com/en/#match-details/ESPORTSTMNT06/40515?gameHash=4ffbd2ca32949315,2017,Regular Season
ESPORTSTMNT06/40517,2017_LoL_esports_match_data_from_OraclesElixir.csv,LCK,Spring,0,http://matchhistory.na.leagueoflegends.com/en/#match-details/ESPORTSTMNT06/40517?gameHash=e1b7438b06a4c3af,2017,Regular Season
ESPORTSTMNT06/40580,2017_LoL_esports_match_data_from_OraclesElixir.csv,LCK,Spring,0,http://matchhistory.na.leagueoflegends.com/en/#match-details/ESPORTSTMNT06/40580?gameHash=1ca05af35976160b,2017,Regular Season
ESPORTSTMNT06/40583,2017_LoL_esports_match_data_from_OraclesElixir.csv,LCK,Spring,0,http://matchhistory.na.leagueoflegends.com/en/#match-details/ESPORTSTMNT06/40583?gameHash=b05872760257985d,2017,Regular Season
ESPORTSTMNT06/40584,2017_LoL_esports_match_data_from_OraclesElixir.csv,LCK,Spring,0,http://matchhistory.na.leagueoflegends.com/en/#match-details/ESPORTSTMNT06/40584?gameHash=2b51626af0ab61f9,2017,Regular Season
ESPORTSTMNT06/40602,2017_LoL_esports_match_data_from_OraclesElixir.csv,LCK,Spring,0,http://matchhistory.na.leagueoflegends.com/en/#match-details/ESPORTSTMNT06/40602?gameHash=c2945a594a3c5778,2017,Regular Season
ESPORTSTMNT06/40607,2017_LoL_esports_match_data_from_OraclesElixir.csv,LCK,Spring,0,http://matchhistory.na.leagueoflegends.com/en/#match-details/ESPORTSTMNT06/40607?gameHash=8e155807e0dab56e,2017,Regular Season
ESPORTSTMNT06/50535,2017_LoL_esports_match_data_from_OraclesElixir.csv,LCK,Spring,0,http://matchhistory.na.leagueoflegends.com/en/#match-details/ESPORTSTMNT06/50535?gameHash=497053491075f2ac,2017,Regular Season
ESPORTSTMNT06/50540,2017_LoL_esports_match_data_from_OraclesElixir.csv,LCK,Spring,0,http://matchhistory.na.leagueoflegends.com/en/#match-details/ESPORTSTMNT06/50540?gameHash=50f436f687232042,2017,Regular Season
ESPORTSTMNT06/50542,2017_LoL_esports_match_data_from_OraclesElixir.csv,LCK,Spring,0,http://matchhistory.na.leagueoflegends.com/en/#match-details/ESPORTSTMNT06/50542?gameHash=d87e692408d2e3e5,2017,Regular Season
ESPORTSTMNT06/50556,2017_LoL_esports_match_data_from_OraclesElixir.csv,LCK,Spring,0,http://matchhistory.na.leagueoflegends.com/en/#match-details/ESPORTSTMNT06/50556?gameHash=100bddb1ebe0884a,2017,Regular Season
ESPORTSTMNT06/40681,2017_LoL_esports_match_data_from_OraclesElixir.csv,LCK,Spring,0,http://matchhistory.na.leagueoflegends.com/en/#match-details/ESPORTSTMNT06/40681?gameHash=c640f917d71e8df8,2017,Regular Season
ESPORTSTMNT06/50595,2017_LoL_esports_match_data_from_OraclesElixir.csv,LCK,Spring,0,http://matchhistory.na.leagueoflegends.com/en/#match-details/ESPORTSTMNT06/50595?gameHash=62c0f557cf480f79,2017,Regular Season
ESPORTSTMNT06/50615,2017_LoL_esports_match_data_from_OraclesElixir.csv,LCK,Spring,0,http://matchhistory.na.leagueoflegends.com/en/#match-details/ESPORTSTMNT06/50615?gameHash=5be816e673a3ba5a,2017,Regular Season
ESPORTSTMNT06/50649,2017_LoL_esports_match_data_from_OraclesElixir.csv,LCK,Spring,0,http://matchhistory.na.leagueoflegends.com/en/#match-details/ESPORTSTMNT06/50649?gameHash=2e1386a9d21b8ff0,2017,Regular Season
ESPORTSTMNT06/40790,2017_LoL_esports_match_data_from_OraclesElixir.csv,LCK,Spring,0,http://matchhistory.na.leagueoflegends.com/en/#match-details/ESPORTSTMNT06/40790?gameHash=6d07feb7f9eee492,2017,Regular Season
ESPORTSTMNT06/40914,2017_LoL_esports_match_data_from_OraclesElixir.csv,LCK,Spring,0,http://matchhistory.na.leagueoflegends.com/en/#match-details/ESPORTSTMNT06/40914?gameHash=289d9254654334df,2017,Regular Season
ESPORTSTMNT06/40924,2017_LoL_esports_match_data_from_OraclesElixir.csv,LCK,Spring,0,http://matchhistory.na.leagueoflegends.com/en/#match-details/ESPORTSTMNT06/40924?gameHash=33a3de4ee7b82507,2017,Regular Season
ESPORTSTMNT06/50861,2017_LoL_esports_match_data_from_OraclesElixir.csv,LCK,Spring,0,http://matchhistory.na.leagueoflegends.com/en/#match-details/ESPORTSTMNT06/50861?gameHash=bd815469a5a8842e,2017,Regular Season
ESPORTSTMNT06/50863,2017_LoL_esports_match_data_from_OraclesElixir.csv,LCK,Spring,0,http://matchhistory.na.leagueoflegends.com/en/#match-details/ESPORTSTMNT06/50863?gameHash=5670657940d1020f,2017,Regular Season
ESPORTSTMNT06/41011,2017_LoL_esports_match_data_from_OraclesElixir.csv,LCK,Spring,0,http://matchhistory.na.leagueoflegends.com/en/#match-details/ESPORTSTMNT06/41011?gameHash=0c93d2340007ebf9,2017,Regular Season
ESPORTSTMNT06/41015,2017_LoL_esports_match_data_from_OraclesElixir.csv,LCK,Spring,0,http://matchhistory.na.leagueoflegends.com/en/#match-details/ESPORTSTMNT06/41015?gameHash=0418fe2b0ce96318,2017,Regular Season
ESPORTSTMNT06/41017,2017_LoL_esports_match_data_from_OraclesElixir.csv,LCK,Spring,0,http://matchhistory.na.leagueoflegends.com/en/#match-details/ESPORTSTMNT06/41017?gameHash=f4ef83d6cc8a95c5,2017,Regular Season
ESPORTSTMNT06/41033,2017_LoL_esports_match_data_from_OraclesElixir.csv,LCK,Spring,0,http://matchhistory.na.leagueoflegends.com/en/#match-details/ESPORTSTMNT06/41033?gameHash=0ddf22cf6af50bf3,2017,Regular Season
ESPORTSTMNT06/41034,2017_LoL_esports_match_data_from_OraclesElixir.csv,LCK,Spring,0,http://matchhistory.na.leagueoflegends.com/en/#match-details/ESPORTSTMNT06/41034?gameHash=9284a7d3195c199b,2017,Regular Season
ESPORTSTMNT06/70367,2017_LoL_esports_match_data_from_OraclesElixir.csv,LCK,Spring,0,http://matchhistory.na.leagueoflegends.com/en/#match-details/ESPORTSTMNT06/70367?gameHash=cb7f0c7100a503bd,2017,Regular Season
ESPORTSTMNT06/70369,2017_LoL_esports_match_data_from_OraclesElixir.csv,LCK,Spring,0,http://matchhistory.na.leagueoflegends.com/en/#match-details/ESPORTSTMNT06/70369?gameHash=46515b3542466c83,2017,Regular Season
ESPORTSTMNT06/70370,2017_LoL_esports_match_data_from_OraclesElixir.csv,LCK,Spring,0,http://matchhistory.na.leagueoflegends.com/en/#match-details/ESPORTSTMNT06/70370?gameHash=db0a448ca0b09cfc,2017,Regular Season
ESPORTSTMNT06/70373,2017_LoL_esports_match_data_from_OraclesElixir.csv,LCK,Spring,0,http://matchhistory.na.leagueoflegends.com/en/#match-details/ESPORTSTMNT06/70373?gameHash=14ec28f5c66e1a98,2017,Regular Season
ESPORTSTMNT06/70391,2017_LoL_esports_match_data_from_OraclesElixir.csv,LCK,Spring,0,http://matchhistory.na.leagueoflegends.com/en/#match-details/ESPORTSTMNT06/70391?gameHash=be9f233cddf2ddae,2017,Regular Season
ESPORTSTMNT06/70430,2017_LoL_esports_match_data_from_OraclesElixir.csv,LCK,Spring,0,http://matchhistory.na.leagueoflegends.com/en/#match-details/ESPORTSTMNT06/70430?gameHash=3f41fe4646c85997,2017,Regular Season
ESPORTSTMNT06/70439,2017_LoL_esports_match_data_from_OraclesElixir.csv,LCK,Spring,0,http://matchhistory.na.leagueoflegends.com/en/#match-details/ESPORTSTMNT06/70439?gameHash=15dc2f93edd76079,2017,Regular Season
ESPORTSTMNT06/60487,2017_LoL_esports_match_data_from_OraclesElixir.csv,LCK,Spring,0,http://matchhistory.na.leagueoflegends.com/en/#match-details/ESPORTSTMNT06/60487?gameHash=dd4aacfa7e1683ae,2017,Regular Season
ESPORTSTMNT06/70478,2017_LoL_esports_match_data_from_OraclesElixir.csv,LCK,Spring,0,http://matchhistory.na.leagueoflegends.com/en/#match-details/ESPORTSTMNT06/70478?gameHash=4ba064d507e7d485,2017,Regular Season
ESPORTSTMNT06/70481,2017_LoL_esports_match_data_from_OraclesElixir.csv,LCK,Spring,0,http://matchhistory.na.leagueoflegends.com/en/#match-details/ESPORTSTMNT06/70481?gameHash=16649bc38792f96d,2017,Regular Season
ESPORTSTMNT06/60554,2017_LoL_esports_match_data_from_OraclesElixir.csv,LCK,Spring,0,http://matchhistory.na.leagueoflegends.com/en/#match-details/ESPORTSTMNT06/60554?gameHash=4a167a3a2badda6a,2017,Regular Season
ESPORTSTMNT06/60555,2017_LoL_esports_match_data_from_OraclesElixir.csv,LCK,Spring,0,http://matchhistory.na.leagueoflegends.com/en/#match-details/ESPORTSTMNT06/60555?gameHash=a9481c79fe3bdff4,2017,Regular Season
ESPORTSTMNT06/60570,2017_LoL_esports_match_data_from_OraclesElixir.csv,LCK,Spring,0,http://matchhistory.na.leagueoflegends.com/en/#match-details/ESPORTSTMNT06/60570?gameHash=a10ab94c5dd5aa48,2017,Regular Season
ESPORTSTMNT06/60589,2017_LoL_esports_match_data_from_OraclesElixir.csv,LCK,Spring,0,http://matchhistory.na.leagueoflegends.com/en/#match-details/ESPORTSTMNT06/60589?gameHash=8ec1043f6cc389a0,2017,Regular Season
ESPORTSTMNT06/60593,2017_LoL_esports_match_data_from_OraclesElixir.csv,LCK,Spring,0,http://matchhistory.na.leagueoflegends.com/en/#match-details/ESPORTSTMNT06/60593?gameHash=d01c6e74e9a0614c,2017,Regular Season
ESPORTSTMNT06/70728,2017_LoL_esports_match_data_from_OraclesElixir.csv,LCK,Spring,0,http://matchhistory.na.leagueoflegends.com/en/#match-details/ESPORTSTMNT06/70728?gameHash=1ef2a07af2902889,2017,Regular Season
ESPORTSTMNT06/70730,2017_LoL_esports_match_data_from_OraclesElixir.csv,LCK,Spring,0,http://matchhistory.na.leagueoflegends.com/en/#match-details/ESPORTSTMNT06/70730?gameHash=70808517a34881b0,2017,Regular Season
ESPORTSTMNT06/60780,2017_LoL_esports_match_data_from_OraclesElixir.csv,LCK,Spring,0,http://matchhistory.na.leagueoflegends.com/en/#match-details/ESPORTSTMNT06/60780?gameHash=d2b5f6f4590a0501,2017,Regular Season
ESPORTSTMNT06/70776,2017_LoL_esports_match_data_from_OraclesElixir.csv,LCK,Spring,0,http://matchhistory.na.leagueoflegends.com/en/#match-details/ESPORTSTMNT06/70776?gameHash=0e477fff64377f93,2017,Regular Season
ESPORTSTMNT06/70781,2017_LoL_esports_match_data_from_OraclesElixir.csv,LCK,Spring,0,http://matchhistory.na.leagueoflegends.com/en/#match-details/ESPORTSTMNT06/70781?gameHash=242ba98622e281b0,2017,Regular Season
ESPORTSTMNT06/60884,2017_LoL_esports_match_data_from_OraclesElixir.csv,LCK,Spring,0,http://matchhistory.na.leagueoflegends.com/en/#match-details/ESPORTSTMNT06/60884?gameHash=2e9c0b3942d847b6,2017,Regular Season
ESPORTSTMNT06/60897,2017_LoL_esports_match_data_from_OraclesElixir.csv,LCK,Spring,0,http://matchhistory.na.leagueoflegends.com/en/#match-details/ESPORTSTMNT06/60897?gameHash=5e5948949488ec3b,2017,Regular Season
ESPORTSTMNT06/60899,2017_LoL_esports_match_data_from_OraclesElixir.csv,LCK,Spring,0,http://matchhistory.na.leagueoflegends.com/en/#match-details/ESPORTSTMNT06/60899?gameHash=5f35fd1f72b35284,2017,Regular Season
ESPORTSTMNT06/60930,2017_LoL_esports_match_data_from_OraclesElixir.csv,LCK,Spring,0,http://matchhistory.na.leagueoflegends.com/en/#match-details/ESPORTSTMNT06/60930?gameHash=196a1d7f78289262,2017,Regular Season
ESPORTSTMNT06/60934,2017_LoL_esports_match_data_from_OraclesElixir.csv,LCK,Spring,0,http://matchhistory.na.leagueoflegends.com/en/#match-details/ESPORTSTMNT06/60934?gameHash=84f18ef635d7257d,2017,Regular Season
ESPORTSTMNT06/60938,2017_LoL_esports_match_data_from_OraclesElixir.csv,LCK,Spring,0,http://matchhistory.na.leagueoflegends.com/en/#match-details/ESPORTSTMNT06/60938?gameHash=6df478721156ec0e,2017,Regular Season
ESPORTSTMNT06/90101,2017_LoL_esports_match_data_from_OraclesElixir.csv,LCK,Spring,0,http://matchhistory.na.leagueoflegends.com/en/#match-details/ESPORTSTMNT06/90101?gameHash=5b73d2dac2a434ca,2017,Regular Season
ESPORTSTMNT06/90109,2017_LoL_esports_match_data_from_OraclesElixir.csv,LCK,Spring,0,http://matchhistory.na.leagueoflegends.com/en/#match-details/ESPORTSTMNT06/90109?gameHash=7b433f93b4f6a55b,2017,Regular Season
ESPORTSTMNT06/90113,2017_LoL_esports_match_data_from_OraclesElixir.csv,LCK,Spring,0,http://matchhistory.na.leagueoflegends.com/en/#match-details/ESPORTSTMNT06/90113?gameHash=944a5e4c99aa7701,2017,Regular Season
ESPORTSTMNT06/90146,2017_LoL_esports_match_data_from_OraclesElixir.csv,LCK,Spring,0,http://matchhistory.na.leagueoflegends.com/en/#match-details/ESPORTSTMNT06/90146?gameHash=4c50e0fcc7fbf489,2017,Regular Season
ESPORTSTMNT06/80183,2017_LoL_esports_match_data_from_OraclesElixir.csv,LCK,Spring,0,http://matchhistory.na.leagueoflegends.com/en/#match-details/ESPORTSTMNT06/80183?gameHash=56e8ba5ea9485eee,2017,Regular Season
ESPORTSTMNT06/80194,2017_LoL_esports_match_data_from_OraclesElixir.csv,LCK,Spring,0,http://matchhistory.na.leagueoflegends.com/en/#match-details/ESPORTSTMNT06/80194?gameHash=f63514e51beb6237,2017,Regular Season
ESPORTSTMNT06/80197,2017_LoL_esports_match_data_from_OraclesElixir.csv,LCK,Spring,0,http://matchhistory.na.leagueoflegends.com/en/#match-details/ESPORTSTMNT06/80197?gameHash=24a36e4dce4e105b,2017,Regular Season
ESPORTSTMNT06/80219,2017_LoL_esports_match_data_from_OraclesElixir.csv,LCK,Spring,0,http://matchhistory.na.leagueoflegends.com/en/#match-details/ESPORTSTMNT06/80219?gameHash=e96610e5bf92df7c,2017,Regular Season
ESPORTSTMNT06/80223,2017_LoL_esports_match_data_from_OraclesElixir.csv,LCK,Spring,0,http://matchhistory.na.leagueoflegends.com/en/#match-details/ESPORTSTMNT06/80223?gameHash=b61db76b2154769b,2017,Regular Season
ESPORTSTMNT06/80229,2017_LoL_esports_match_data_from_OraclesElixir.csv,LCK,Spring,0,http://matchhistory.na.leagueoflegends.com/en/#match-details/ESPORTSTMNT06/80229?gameHash=5286a9ba2afef55b,2017,Regular Season
ESPORTSTMNT06/90289,2017_LoL_esports_match_data_from_OraclesElixir.csv,LCK,Spring,0,http://matchhistory.na.leagueoflegends.com/en/#match-details/ESPORTSTMNT06/90289?gameHash=20a6fa5a22d3d952,2017,Regular Season
ESPORTSTMNT06/90303,2017_LoL_esports_match_data_from_OraclesElixir.csv,LCK,Spring,0,http://matchhistory.na.leagueoflegends.com/en/#match-details/ESPORTSTMNT06/90303?gameHash=d577c17ae08e3621,2017,Regular Season
ESPORTSTMNT06/90308,2017_LoL_esports_match_data_from_OraclesElixir.csv,LCK,Spring,0,http://matchhistory.na.leagueoflegends.com/en/#match-details/ESPORTSTMNT06/90308?gameHash=cf0109b1382ebe4c,2017,Regular Season
ESPORTSTMNT06/90324,2017_LoL_esports_match_data_from_OraclesElixir.csv,LCK,Spring,0,http://matchhistory.na.leagueoflegends.com/en/#match-details/ESPORTSTMNT06/90324?gameHash=29e7488c947deaee,2017,Regular Season
ESPORTSTMNT06/80472,2017_LoL_esports_match_data_from_OraclesElixir.csv,LCK,Spring,0,http://matchhistory.na.leagueoflegends.com/en/#match-details/ESPORTSTMNT06/80472?gameHash=bf9868a943c32a51,2017,Regular Season
ESPORTSTMNT06/80475,2017_LoL_esports_match_data_from_OraclesElixir.csv,LCK,Spring,0,http://matchhistory.na.leagueoflegends.com/en/#match-details/ESPORTSTMNT06/80475?gameHash=ba1de8623b961ba8,2017,Regular Season
ESPORTSTMNT06/80491,2017_LoL_esports_match_data_from_OraclesElixir.csv,LCK,Spring,0,http://matchhistory.na.leagueoflegends.com/en/#match-details/ESPORTSTMNT06/80491?gameHash=48e451ead2485529,2017,Regular Season
ESPORTSTMNT06/80524,2017_LoL_esports_match_data_from_OraclesElixir.csv,LCK,Spring,0,http://matchhistory.na.leagueoflegends.com/en/#match-details/ESPORTSTMNT06/80524?gameHash=1b5729189afe840c,2017,Regular Season
ESPORTSTMNT06/90570,2017_LoL_esports_match_data_from_OraclesElixir.csv,LCK,Spring,0,http://matchhistory.na.leagueoflegends.com/en/#match-details/ESPORTSTMNT06/90570?gameHash=fdbd178ffa73d508,2017,Regular Season
ESPORTSTMNT06/90577,2017_LoL_esports_match_data_from_OraclesElixir.csv,LCK,Spring,0,http://matchhistory.na.leagueoflegends.com/en/#match-details/ESPORTSTMNT06/90577?gameHash=0eacfe6f8a4cfb3d,2017,Regular Season
ESPORTSTMNT06/80660,2017_LoL_esports_match_data_from_OraclesElixir.csv,LCK,Spring,0,http://matchhistory.na.leagueoflegends.com/en/#match-details/ESPORTSTMNT06/80660?gameHash=631b5d136fa2571b,2017,Regular Season
ESPORTSTMNT06/90604,2017_LoL_esports_match_data_from_OraclesElixir.csv,LCK,Spring,0,http://matchhistory.na.leagueoflegends.com/en/#match-details/ESPORTSTMNT06/90604?gameHash=beccaf158bdc34ca,2017,Regular Season
ESPORTSTMNT06/90726,2017_LoL_esports_match_data_from_OraclesElixir.csv,LCK,Spring,0,http://matchhistory.euw.leagueoflegends.com/en/#match-details/ESPORTSTMNT06/90726?gameHash=c90339268eba60c3,2017,Regular Season
ESPORTSTMNT06/90736,2017_LoL_esports_match_data_from_OraclesElixir.csv,LCK,Spring,0,http://matchhistory.euw.leagueoflegends.com/en/#match-details/ESPORTSTMNT06/90736?gameHash=bdd45f2e45ea665b,2017,Regular Season
ESPORTSTMNT06/90738,2017_LoL_esports_match_data_from_OraclesElixir.csv,LCK,Spring,0,http://matchhistory.euw.leagueoflegends.com/en/#match-details/ESPORTSTMNT06/90738?gameHash=5f4a0ac97d24fd55,2017,Regular Season
ESPORTSTMNT06/90741,2017_LoL_esports_match_data_from_OraclesElixir.csv,LCK,Spring,0,http://matchhistory.euw.leagueoflegends.com/en/#match-details/ESPORTSTMNT06/90741?gameHash=a4adda6435bc3b26,2017,Regular Season
ESPORTSTMNT06/90754,2017_LoL_esports_match_data_from_OraclesElixir.csv,LCK,Spring,0,http://matchhistory.euw.leagueoflegends.com/en/#match-details/ESPORTSTMNT06/90754?gameHash=cd81a989802813a3,2017,Regular Season
ESPORTSTMNT06/90761,2017_LoL_esports_match_data_from_OraclesElixir.csv,LCK,Spring,0,http://matchhistory.euw.leagueoflegends.com/en/#match-details/ESPORTSTMNT06/90761?gameHash=c8acd365218bae3f,2017,Regular Season
ESPORTSTMNT06/80865,2017_LoL_esports_match_data_from_OraclesElixir.csv,LCK,Spring,0,http://matchhistory.euw.leagueoflegends.com/en/#match-details/ESPORTSTMNT06/80865?gameHash=9c827bc6768fa93d,2017,Regular Season
ESPORTSTMNT06/80877,2017_LoL_esports_match_data_from_OraclesElixir.csv,LCK,Spring,0,http://matchhistory.euw.leagueoflegends.com/en/#match-details/ESPORTSTMNT06/80877?gameHash=b300d21bbff59d7a,2017,Regular Season
ESPORTSTMNT06/80879,2017_LoL_esports_match_data_from_OraclesElixir.csv,LCK,Spring,0,http://matchhistory.euw.leagueoflegends.com/en/#match-details/ESPORTSTMNT06/80879?gameHash=3921c12f9753048e,2017,Regular Season
ESPORTSTMNT06/80880,2017_LoL_esports_match_data_from_OraclesElixir.csv,LCK,Spring,0,http://matchhistory.euw.leagueoflegends.com/en/#match-details/ESPORTSTMNT06/80880?gameHash=824031cdeb2ba88e,2017,Regular Season
ESPORTSTMNT06/80891,2017_LoL_esports_match_data_from_OraclesElixir.csv,LCK,Spring,0,http://matchhistory.euw.leagueoflegends.com/en/#match-details/ESPORTSTMNT06/80891?gameHash=f5f627666797d937,2017,Regular Season
ESPORTSTMNT06/90917,2017_LoL_esports_match_data_from_OraclesElixir.csv,LCK,Spring,0,http://matchhistory.euw.leagueoflegends.com/en/#match-details/ESPORTSTMNT06/90917?gameHash=fb83dc44945b9197,2017,Regular Season
ESPORTSTMNT06/90920,2017_LoL_esports_match_data_from_OraclesElixir.csv,LCK,Spring,0,http://matchhistory.euw.leagueoflegends.com/en/#match-details/ESPORTSTMNT06/90920?gameHash=47111ff42c582d26,2017,Regular Season
ESPORTSTMNT06/90926,2017_LoL_esports_match_data_from_OraclesElixir.csv,LCK,Spring,0,http://matchhistory.euw.leagueoflegends.com/en/#match-details/ESPORTSTMNT06/90926?gameHash=709fc0cd19317b6d,2017,Regular Season
ESPORTSTMNT06/90937,2017_LoL_esports_match_data_from_OraclesElixir.csv,LCK,Spring,0,http://matchhistory.euw.leagueoflegends.com/en/#match-details/ESPORTSTMNT06/90937?gameHash=ae1759f5040cfe2d,2017,Regular Season
ESPORTSTMNT06/90948,2017_LoL_esports_match_data_from_OraclesElixir.csv,LCK,Spring,0,http://matchhistory.euw.leagueoflegends.com/en/#match-details/ESPORTSTMNT06/90948?gameHash=8663200f2463917c,2017,Regular Season
ESPORTSTMNT06/90954,2017_LoL_esports_match_data_from_OraclesElixir.csv,LCK,Spring,0,http://matchhistory.euw.leagueoflegends.com/en/#match-details/ESPORTSTMNT06/90954?gameHash=1932450739953244,2017,Regular Season
ESPORTSTMNT06/81032,2017_LoL_esports_match_data_from_OraclesElixir.csv,LCK,Spring,0,http://matchhistory.euw.leagueoflegends.com/en/#match-details/ESPORTSTMNT06/81032?gameHash=8836d419a2da31eb,2017,Regular Season
ESPORTSTMNT06/81068,2017_LoL_esports_match_data_from_OraclesElixir.csv,LCK,Spring,0,http://matchhistory.euw.leagueoflegends.com/en/#match-details/ESPORTSTMNT06/81068?gameHash=0fceb9a2c8ccff23,2017,Regular Season
ESPORTSTMNT06/81073,2017_LoL_esports_match_data_from_OraclesElixir.csv,LCK,Spring,0,http://matchhistory.euw.leagueoflegends.com/en/#match-details/ESPORTSTMNT06/81073?gameHash=5f2352346559905a,2017,Regular Season
ESPORTSTMNT06/81092,2017_LoL_esports_match_data_from_OraclesElixir.csv,LCK,Spring,0,http://matchhistory.euw.leagueoflegends.com/en/#match-details/ESPORTSTMNT06/81092?gameHash=6f782e014aee38af,2017,Regular Season
ESPORTSTMNT06/81115,2017_LoL_esports_match_data_from_OraclesElixir.csv,LCK,Spring,0,http://matchhistory.euw.leagueoflegends.com/en/#match-details/ESPORTSTMNT06/81115?gameHash=611cedec81b45af3,2017,Regular Season
ESPORTSTMNT06/81179,2017_LoL_esports_match_data_from_OraclesElixir.csv,LCK,Spring,0,http://matchhistory.na.leagueoflegends.com/en/#match-details/ESPORTSTMNT06/81179?gameHash=c303a374524ec671,2017,Regular Season
ESPORTSTMNT06/81184,2017_LoL_esports_match_data_from_OraclesElixir.csv,LCK,Spring,0,http://matchhistory.na.leagueoflegends.com/en/#match-details/ESPORTSTMNT06/81184?gameHash=7ceb7e657b09fc46,2017,Regular Season
ESPORTSTMNT06/81186,2017_LoL_esports_match_data_from_OraclesElixir.csv,LCK,Spring,0,http://matchhistory.na.leagueoflegends.com/en/#match-details/ESPORTSTMNT06/81186?gameHash=e2260787fad85c61,2017,Regular Season
ESPORTSTMNT06/81201,2017_LoL_esports_match_data_from_OraclesElixir.csv,LCK,Spring,0,http://matchhistory.na.leagueoflegends.com/en/#match-details/ESPORTSTMNT06/81201?gameHash=40beeec32583bda4,2017,Regular Season
ESPORTSTMNT06/110036,2017_LoL_esports_match_data_from_OraclesElixir.csv,LCK,Spring,0,http://matchhistory.na.leagueoflegends.com/en/#match-details/ESPORTSTMNT06/110036?gameHash=14244d6d8e14ef8d,2017,Regular Season
ESPORTSTMNT06/110043,2017_LoL_esports_match_data_from_OraclesElixir.csv,LCK,Spring,0,http://matchhistory.na.leagueoflegends.com/en/#match-details/ESPORTSTMNT06/110043?gameHash=ac2f70d568042f38,2017,Regular Season
ESPORTSTMNT06/110044,2017_LoL_esports_match_data_from_OraclesElixir.csv,LCK,Spring,0,http://matchhistory.na.leagueoflegends.com/en/#match-details/ESPORTSTMNT06/110044?gameHash=4c3cd1ad8ca14b58,2017,Regular Season
ESPORTSTMNT06/110062,2017_LoL_esports_match_data_from_OraclesElixir.csv,LCK,Spring,0,http://matchhistory.na.leagueoflegends.com/en/#match-details/ESPORTSTMNT06/110062?gameHash=44b72b93f46562f2,2017,Regular Season
ESPORTSTMNT06/110065,2017_LoL_esports_match_data_from_OraclesElixir.csv,LCK,Spring,0,http://matchhistory.na.leagueoflegends.com/en/#match-details/ESPORTSTMNT06/110065?gameHash=9a0941c946bbe2df,2017,Regular Season
ESPORTSTMNT06/140016,2017_LoL_esports_match_data_from_OraclesElixir.csv,LCK,Spring,0,http://matchhistory.na.leagueoflegends.com/en/#match-details/ESPORTSTMNT06/140016?gameHash=9212c67bc0e59f63,2017,Regular Season
ESPORTSTMNT06/140043,2017_LoL_esports_match_data_from_OraclesElixir.csv,LCK,Spring,0,http://matchhistory.na.leagueoflegends.com/en/#match-details/ESPORTSTMNT06/140043?gameHash=1208f907001325de,2017,Regular Season
ESPORTSTMNT06/140045,2017_LoL_esports_match_data_from_OraclesElixir.csv,LCK,Spring,0,http://matchhistory.na.leagueoflegends.com/en/#match-details/ESPORTSTMNT06/140045?gameHash=4594f15b14dba734,2017,Regular Season
ESPORTSTMNT06/140050,2017_LoL_esports_match_data_from_OraclesElixir.csv,LCK,Spring,0,http://matchhistory.na.leagueoflegends.com/en/#match-details/ESPORTSTMNT06/140050?gameHash=5204b1653ece9144,2017,Regular Season
ESPORTSTMNT06/140062,2017_LoL_esports_match_data_from_OraclesElixir.csv,LCK,Spring,0,http://matchhistory.na.leagueoflegends.com/en/#match-details/ESPORTSTMNT06/140062?gameHash=e933ce05a049c963,2017,Regular Season
ESPORTSTMNT06/140064,2017_LoL_esports_match_data_from_OraclesElixir.csv,LCK,Spring,0,http://matchhistory.na.leagueoflegends.com/en/#match-details/ESPORTSTMNT06/140064?gameHash=b90ba3694037944a,2017,Regular Season
ESPORTSTMNT06/140094,2017_LoL_esports_match_data_from_OraclesElixir.csv,LCK,Spring,0,http://matchhistory.na.leagueoflegends.com/en/#match-details/ESPORTSTMNT06/140094?gameHash=f7d474f5ead80c6c,2017,Regular Season
ESPORTSTMNT06/140102,2017_LoL_esports_match_data_from_OraclesElixir.csv,LCK,Spring,0,http://matchhistory.na.leagueoflegends.com/en/#match-details/ESPORTSTMNT06/140102?gameHash=f1c511f0de78f122,2017,Regular Season
ESPORTSTMNT06/140104,2017_LoL_esports_match_data_from_OraclesElixir.csv,LCK,Spring,0,http://matchhistory.na.leagueoflegends.com/en/#match-details/ESPORTSTMNT06/140104?gameHash=db618fc430d93eca,2017,Regular Season
ESPORTSTMNT06/140107,2017_LoL_esports_match_data_from_OraclesElixir.csv,LCK,Spring,0,http://matchhistory.na.leagueoflegends.com/en/#match-details/ESPORTSTMNT06/140107?gameHash=1030cc0000d80604,2017,Regular Season
ESPORTSTMNT06/140118,2017_LoL_esports_match_data_from_OraclesElixir.csv,LCK,Spring,0,http://matchhistory.na.leagueoflegends.com/en/#match-details/ESPORTSTMNT06/140118?gameHash=700cf54f3133436f,2017,Regular Season
ESPORTSTMNT06/140120,2017_LoL_esports_match_data_from_OraclesElixir.csv,LCK,Spring,0,http://matchhistory.na.leagueoflegends.com/en/#match-details/ESPORTSTMNT06/140120?gameHash=b36a2e3074b9b454,2017,Regular Season
ESPORTSTMNT06/130222,2017_LoL_esports_match_data_from_OraclesElixir.csv,LCK,Spring,0,http://matchhistory.na.leagueoflegends.com/en/#match-details/ESPORTSTMNT06/130222?gameHash=655ed7199e9e7290,2017,Regular Season
ESPORTSTMNT06/130256,2017_LoL_esports_match_data_from_OraclesElixir.csv,LCK,Spring,0,http://matchhistory.na.leagueoflegends.com/en/#match-details/ESPORTSTMNT06/130256?gameHash=9d5f36a09aad9177,2017,Regular Season
ESPORTSTMNT06/130257,2017_LoL_esports_match_data_from_OraclesElixir.csv,LCK,Spring,0,http://matchhistory.na.leagueoflegends.com/en/#match-details/ESPORTSTMNT06/130257?gameHash=6825cbeab7f156a6,2017,Regular Season
ESPORTSTMNT06/130295,2017_LoL_esports_match_data_from_OraclesElixir.csv,LCK,Spring,0,http://matchhistory.na.leagueoflegends.com/en/#match-details/ESPORTSTMNT06/130295?gameHash=6c2c2a7b62df9578,2017,Regular Season
ESPORTSTMNT06/130299,2017_LoL_esports_match_data_from_OraclesElixir.csv,LCK,Spring,0,http://matchhistory.na.leagueoflegends.com/en/#match-details/ESPORTSTMNT06/130299?gameHash=bd41dada0b6e9193,2017,Regular Season
ESPORTSTMNT06/140353,2017_LoL_esports_match_data_from_OraclesElixir.csv,LCK,Spring,0,http://matchhistory.na.leagueoflegends.com/en/#match-details/ESPORTSTMNT06/140353?gameHash=3585eaf0cd2c859b,2017,Regular Season
ESPORTSTMNT06/140363,2017_LoL_esports_match_data_from_OraclesElixir.csv,LCK,Spring,0,http://matchhistory.na.leagueoflegends.com/en/#match-details/ESPORTSTMNT06/140363?gameHash=9a9c9f3e1dcacbce,2017,Regular Season
ESPORTSTMNT06/140364,2017_LoL_esports_match_data_from_OraclesElixir.csv,LCK,Spring,0,http://matchhistory.na.leagueoflegends.com/en/#match-details/ESPORTSTMNT06/140364?gameHash=92f29cc2fb2b8f3a,2017,Regular Season
ESPORTSTMNT06/140392,2017_LoL_esports_match_data_from_OraclesElixir.csv,LCK,Spring,0,http://matchhistory.na.leagueoflegends.com/en/#match-details/ESPORTSTMNT06/140392?gameHash=4dc4b734e1b86b39,2017,Regular Season
ESPORTSTMNT06/140394,2017_LoL_esports_match_data_from_OraclesElixir.csv,LCK,Spring,0,http://matchhistory.na.leagueoflegends.com/en/#match-details/ESPORTSTMNT06/140394?gameHash=f415fa0835ec34cb,2017,Regular Season
ESPORTSTMNT06/130525,2017_LoL_esports_match_data_from_OraclesElixir.csv,LCK,Spring,0,http://matchhistory.na.leagueoflegends.com/en/#match-details/ESPORTSTMNT06/130525?gameHash=986f74e88280d41e,2017,Regular Season
ESPORTSTMNT06/130528,2017_LoL_esports_match_data_from_OraclesElixir.csv,LCK,Spring,0,http://matchhistory.na.leagueoflegends.com/en/#match-details/ESPORTSTMNT06/130528?gameHash=ce6f93ec5735b31b,2017,Regular Season
ESPORTSTMNT06/130531,2017_LoL_esports_match_data_from_OraclesElixir.csv,LCK,Spring,0,http://matchhistory.na.leagueoflegends.com/en/#match-details/ESPORTSTMNT06/130531?gameHash=ec6d9e30cfd194b6,2017,Regular Season
ESPORTSTMNT06/130535,2017_LoL_esports_match_data_from_OraclesElixir.csv,LCK,Spring,0,http://matchhistory.na.leagueoflegends.com/en/#match-details/ESPORTSTMNT06/130535?gameHash=aa7de6943b151b84,2017,Regular Season
ESPORTSTMNT06/130549,2017_LoL_esports_match_data_from_OraclesElixir.csv,LCK,Spring,0,http://matchhistory.na.leagueoflegends.com/en/#match-details/ESPORTSTMNT06/130549?gameHash=4565c8f3841f31aa,2017,Regular Season
ESPORTSTMNT06/130593,2017_LoL_esports_match_data_from_OraclesElixir.csv,LCK,Spring,0,http://matchhistory.na.leagueoflegends.com/en/#match-details/ESPORTSTMNT06/130593?gameHash=a0453a42a62ea40e,2017,Regular Season
ESPORTSTMNT06/130616,2017_LoL_esports_match_data_from_OraclesElixir.csv,LCK,Spring,0,http://matchhistory.na.leagueoflegends.com/en/#match-details/ESPORTSTMNT06/130616?gameHash=02028334d7d140fa,2017,Regular Season
ESPORTSTMNT06/130619,2017_LoL_esports_match_data_from_OraclesElixir.csv,LCK,Spring,0,http://matchhistory.na.leagueoflegends.com/en/#match-details/ESPORTSTMNT06/130619?gameHash=71ddcb5ffd2b4d38,2017,Regular Season
ESPORTSTMNT06/130632,2017_LoL_esports_match_data_from_OraclesElixir.csv,LCK,Spring,0,http://matchhistory.na.leagueoflegends.com/en/#match-details/ESPORTSTMNT06/130632?gameHash=f41ac464dd418e5b,2017,Regular Season
ESPORTSTMNT06/130637,2017_LoL_esports_match_data_from_OraclesElixir.csv,LCK,Spring,0,http://matchhistory.na.leagueoflegends.com/en/#match-details/ESPORTSTMNT06/130637?gameHash=5195ee8326466f7a,2017,Regular Season
ESPORTSTMNT06/140673,2017_LoL_esports_match_data_from_OraclesElixir.csv,LCK,Spring,0,http://matchhistory.na.leagueoflegends.com/en/#match-details/ESPORTSTMNT06/140673?gameHash=35fb9998884c8ce1,2017,Regular Season
ESPORTSTMNT06/140696,2017_LoL_esports_match_data_from_OraclesElixir.csv,LCK,Spring,0,http://matchhistory.na.leagueoflegends.com/en/#match-details/ESPORTSTMNT06/140696?gameHash=8bc73c6de92f4e7c,2017,Regular Season
ESPORTSTMNT06/140697,2017_LoL_esports_match_data_from_OraclesElixir.csv,LCK,Spring,0,http://matchhistory.na.leagueoflegends.com/en/#match-details/ESPORTSTMNT06/140697?gameHash=394ae82c6f5f4b1c,2017,Regular Season
ESPORTSTMNT06/140699,2017_LoL_esports_match_data_from_OraclesElixir.csv,LCK,Spring,0,http://matchhistory.na.leagueoflegends.com/en/#match-details/ESPORTSTMNT06/140699?gameHash=dcf9a4c090a37d0b,2017,Regular Season
ESPORTSTMNT06/140710,2017_LoL_esports_match_data_from_OraclesElixir.csv,LCK,Spring,0,http://matchhistory.na.leagueoflegends.com/en/#match-details/ESPORTSTMNT06/140710?gameHash=09b4260bc296eb42,2017,Regular Season
ESPORTSTMNT06/140713,2017_LoL_esports_match_data_from_OraclesElixir.csv,LCK,Spring,0,http://matchhistory.na.leagueoflegends.com/en/#match-details/ESPORTSTMNT06/140713?gameHash=e31cde15b3c35be3,2017,Regular Season
ESPORTSTMNT06/140812,2017_LoL_esports_match_data_from_OraclesElixir.csv,LCK,Spring,0,http://matchhistory.na.leagueoflegends.com/en/#match-details/ESPORTSTMNT06/140812?gameHash=c95730778287edf3,2017,Regular Season
ESPORTSTMNT06/140821,2017_LoL_esports_match_data_from_OraclesElixir.csv,LCK,Spring,0,http://matchhistory.na.leagueoflegends.com/en/#match-details/ESPORTSTMNT06/140821?gameHash=ea45fe0456337f18,2017,Regular Season
ESPORTSTMNT06/140826,2017_LoL_esports_match_data_from_OraclesElixir.csv,LCK,Spring,0,http://matchhistory.na.leagueoflegends.com/en/#match-details/ESPORTSTMNT06/140826?gameHash=bd2294dd3462a75b,2017,Regular Season
ESPORTSTMNT06/140847,2017_LoL_esports_match_data_from_OraclesElixir.csv,LCK,Spring,0,http://matchhistory.na.leagueoflegends.com/en/#match-details/ESPORTSTMNT06/140847?gameHash=088793e961a98ba3,2017,Regular Season
ESPORTSTMNT06/140924,2017_LoL_esports_match_data_from_OraclesElixir.csv,LCK,Spring,0,http://matchhistory.na.leagueoflegends.com/en/#match-details/ESPORTSTMNT06/140924?gameHash=cfb9a8b590726a52,2017,Regular Season
ESPORTSTMNT06/140928,2017_LoL_esports_match_data_from_OraclesElixir.csv,LCK,Spring,0,http://matchhistory.na.leagueoflegends.com/en/#match-details/ESPORTSTMNT06/140928?gameHash=337e6847642c0758,2017,Regular Season
ESPORTSTMNT06/140930,2017_LoL_esports_match_data_from_OraclesElixir.csv,LCK,Spring,0,http://matchhistory.na.leagueoflegends.com/en/#match-details/ESPORTSTMNT06/140930?gameHash=92271b4382f16aaa,2017,Regular Season
ESPORTSTMNT06/140947,2017_LoL_esports_match_data_from_OraclesElixir.csv,LCK,Spring,0,http://matchhistory.na.leagueoflegends.com/en/#match-details/ESPORTSTMNT06/140947?gameHash=3350d043ac747003,2017,Regular Season
ESPORTSTMNT06/140950,2017_LoL_esports_match_data_from_OraclesElixir.csv,LCK,Spring,0,http://matchhistory.na.leagueoflegends.com/en/#match-details/ESPORTSTMNT06/140950?gameHash=11614ee6f1ff3790,2017,Regular Season
ESPORTSTMNT06/140965,2017_LoL_esports_match_data_from_OraclesElixir.csv,LCK,Spring,0,http://matchhistory.na.leagueoflegends.com/en/#match-details/ESPORTSTMNT06/140965?gameHash=9a56ff6ddbe22af3,2017,Regular Season
ESPORTSTMNT06/160160,2017_LoL_esports_match_data_from_OraclesElixir.csv,LCK,Spring,1,http://matchhistory.na.leagueoflegends.com/en/#match-details/ESPORTSTMNT06/160160?gameHash=e4e86629b666613c,2017,Playoff
ESPORTSTMNT06/160172,2017_LoL_esports_match_data_from_OraclesElixir.csv,LCK,Spring,1,http://matchhistory.na.leagueoflegends.com/en/#match-details/ESPORTSTMNT06/160172?gameHash=ff2405178c19fe69,2017,Playoff
ESPORTSTMNT06/160298,2017_LoL_esports_match_data_from_OraclesElixir.csv,LCK,Spring,1,http://matchhistory.na.leagueoflegends.com/en/#match-details/ESPORTSTMNT06/160298?gameHash=db09b736c1753cab,2017,Playoff
ESPORTSTMNT06/160309,2017_LoL_esports_match_data_from_OraclesElixir.csv,LCK,Spring,1,http://matchhistory.na.leagueoflegends.com/en/#match-details/ESPORTSTMNT06/160309?gameHash=b4a5f6f4c3a5902f,2017,Playoff
ESPORTSTMNT06/160311,2017_LoL_esports_match_data_from_OraclesElixir.csv,LCK,Spring,1,http://matchhistory.na.leagueoflegends.com/en/#match-details/ESPORTSTMNT06/160311?gameHash=9b3d29550b5ae5ea,2017,Playoff
ESPORTSTMNT06/150413,2017_LoL_esports_match_data_from_OraclesElixir.csv,LCK,Spring,1,http://matchhistory.na.leagueoflegends.com/en/#match-details/ESPORTSTMNT06/150413?gameHash=a2932a243a0fabfc,2017,Playoff
ESPORTSTMNT06/150422,2017_LoL_esports_match_data_from_OraclesElixir.csv,LCK,Spring,1,http://matchhistory.na.leagueoflegends.com/en/#match-details/ESPORTSTMNT06/150422?gameHash=30431d918df788c6,2017,Playoff
ESPORTSTMNT06/150423,2017_LoL_esports_match_data_from_OraclesElixir.csv,LCK,Spring,1,http://matchhistory.na.leagueoflegends.com/en/#match-details/ESPORTSTMNT06/150423?gameHash=2f74912b1c481b09,2017,Playoff
ESPORTSTMNT06/170084,2017_LoL_esports_match_data_from_OraclesElixir.csv,LCK,Spring,1,http://matchhistory.na.leagueoflegends.com/en/#match-details/ESPORTSTMNT06/170084?gameHash=79184fc02b5544db,2017,Playoff
ESPORTSTMNT06/170093,2017_LoL_esports_match_data_from_OraclesElixir.csv,LCK,Spring,1,http://matchhistory.na.leagueoflegends.com/en/#match-details/ESPORTSTMNT06/170093?gameHash=47e0556f123b2106,2017,Playoff
ESPORTSTMNT06/180040,2017_LoL_esports_match_data_from_OraclesElixir.csv,LCK,Spring,1,http://matchhistory.na.leagueoflegends.com/en/#match-details/ESPORTSTMNT06/180040?gameHash=c0a7a93d151421ac,2017,Playoff
ESPORTSTMNT06/170165,2017_LoL_esports_match_data_from_OraclesElixir.csv,LCK,Summer,0,http://matchhistory.na.leagueoflegends.com/en/#match-details/ESPORTSTMNT06/170165?gameHash=e2679e326d8766a1,2017,Promotion
ESPORTSTMNT06/170170,2017_LoL_esports_match_data_from_OraclesElixir.csv,LCK,Summer,0,http://matchhistory.na.leagueoflegends.com/en/#match-details/ESPORTSTMNT06/170170?gameHash=3bc6c0dbcab56708,2017,Promotion
ESPORTSTMNT06/170173,2017_LoL_esports_match_data_from_OraclesElixir.csv,LCK,Summer,0,http://matchhistory.na.leagueoflegends.com/en/#match-details/ESPORTSTMNT06/170173?gameHash=66679cd6eb62e079,2017,Promotion
ESPORTSTMNT06/170180,2017_LoL_esports_match_data_from_OraclesElixir.csv,LCK,Summer,0,http://matchhistory.na.leagueoflegends.com/en/#match-details/ESPORTSTMNT06/170180?gameHash=2b0410ac814c4e68,2017,Promotion
ESPORTSTMNT06/170181,2017_LoL_esports_match_data_from_OraclesElixir.csv,LCK,Summer,0,http://matchhistory.na.leagueoflegends.com/en/#match-details/ESPORTSTMNT06/170181?gameHash=ed59cf5bf309a31a,2017,Promotion
ESPORTSTMNT06/170182,2017_LoL_esports_match_data_from_OraclesElixir.csv,LCK,Summer,0,http://matchhistory.na.leagueoflegends.com/en/#match-details/ESPORTSTMNT06/170182?gameHash=fb307d20d7aedfc5,2017,Promotion
ESPORTSTMNT06/170186,2017_LoL_esports_match_data_from_OraclesElixir.csv,LCK,Summer,0,http://matchhistory.na.leagueoflegends.com/en/#match-details/ESPORTSTMNT06/170186?gameHash=2897b0961129170a,2017,Promotion
ESPORTSTMNT06/180164,2017_LoL_esports_match_data_from_OraclesElixir.csv,LCK,Summer,0,http://matchhistory.na.leagueoflegends.com/en/#match-details/ESPORTSTMNT06/180164?gameHash=f4585fc38eb91cdf,2017,Promotion
ESPORTSTMNT06/180171,2017_LoL_esports_match_data_from_OraclesElixir.csv,LCK,Summer,0,http://matchhistory.na.leagueoflegends.com/en/#match-details/ESPORTSTMNT06/180171?gameHash=7309f0837622973d,2017,Promotion
ESPORTSTMNT06/180175,2017_LoL_esports_match_data_from_OraclesElixir.csv,LCK,Summer,0,http://matchhistory.na.leagueoflegends.com/en/#match-details/ESPORTSTMNT06/180175?gameHash=8a0843efda7ae995,2017,Promotion
ESPORTSTMNT06/180176,2017_LoL_esports_match_data_from_OraclesElixir.csv,LCK,Summer,0,http://matchhistory.na.leagueoflegends.com/en/#match-details/ESPORTSTMNT06/180176?gameHash=60799601e4bc1a0a,2017,Promotion
ESPORTSTMNT06/180224,2017_LoL_esports_match_data_from_OraclesElixir.csv,LCK,Summer,0,http://matchhistory.na.leagueoflegends.com/en/#match-details/ESPORTSTMNT06/180224?gameHash=a35d56758fb5b078,2017,Promotion
ESPORTSTMNT06/180228,2017_LoL_esports_match_data_from_OraclesElixir.csv,LCK,Summer,0,http://matchhistory.na.leagueoflegends.com/en/#match-details/ESPORTSTMNT06/180228?gameHash=f04171e453314e8f,2017,Promotion
ESPORTSTMNT06/180230,2017_LoL_esports_match_data_from_OraclesElixir.csv,LCK,Summer,0,http://matchhistory.na.leagueoflegends.com/en/#match-details/ESPORTSTMNT06/180230?gameHash=d6ea7ce3c76c19ee,2017,Promotion
ESPORTSTMNT06/180231,2017_LoL_esports_match_data_from_OraclesElixir.csv,LCK,Summer,0,http://matchhistory.na.leagueoflegends.com/en/#match-details/ESPORTSTMNT06/180231?gameHash=25889577ca35d44a,2017,Promotion
ESPORTSTMNT06/240067,2017_LoL_esports_match_data_from_OraclesElixir.csv,LCK,Summer,0,http://matchhistory.na.leagueoflegends.com/en/#match-details/ESPORTSTMNT06/240067?gameHash=00416ed438e29f14,2017,Regular Season
ESPORTSTMNT06/240080,2017_LoL_esports_match_data_from_OraclesElixir.csv,LCK,Summer,0,http://matchhistory.na.leagueoflegends.com/en/#match-details/ESPORTSTMNT06/240080?gameHash=5172e5ff96310a6f,2017,Regular Season
ESPORTSTMNT06/240081,2017_LoL_esports_match_data_from_OraclesElixir.csv,LCK,Summer,0,http://matchhistory.na.leagueoflegends.com/en/#match-details/ESPORTSTMNT06/240081?gameHash=a65efa208725746c,2017,Regular Season
ESPORTSTMNT06/240086,2017_LoL_esports_match_data_from_OraclesElixir.csv,LCK,Summer,0,http://matchhistory.na.leagueoflegends.com/en/#match-details/ESPORTSTMNT06/240086?gameHash=340ff4a1620c77f6,2017,Regular Season
ESPORTSTMNT06/240103,2017_LoL_esports_match_data_from_OraclesElixir.csv,LCK,Summer,0,http://matchhistory.na.leagueoflegends.com/en/#match-details/ESPORTSTMNT06/240103?gameHash=2041a87ba42442c3,2017,Regular Season
ESPORTSTMNT06/240140,2017_LoL_esports_match_data_from_OraclesElixir.csv,LCK,Summer,0,http://matchhistory.na.leagueoflegends.com/en/#match-details/ESPORTSTMNT06/240140?gameHash=3ffc7a89e61cf159,2017,Regular Season
ESPORTSTMNT06/240141,2017_LoL_esports_match_data_from_OraclesElixir.csv,LCK,Summer,0,http://matchhistory.na.leagueoflegends.com/en/#match-details/ESPORTSTMNT06/240141?gameHash=c8d5e3fc14aba49a,2017,Regular Season
ESPORTSTMNT06/240145,2017_LoL_esports_match_data_from_OraclesElixir.csv,LCK,Summer,0,http://matchhistory.na.leagueoflegends.com/en/#match-details/ESPORTSTMNT06/240145?gameHash=60aa10cf86fa148a,2017,Regular Season
ESPORTSTMNT06/240148,2017_LoL_esports_match_data_from_OraclesElixir.csv,LCK,Summer,0,http://matchhistory.na.leagueoflegends.com/en/#match-details/ESPORTSTMNT06/240148?gameHash=2ec1c7a0af7235d9,2017,Regular Season
ESPORTSTMNT06/240162,2017_LoL_esports_match_data_from_OraclesElixir.csv,LCK,Summer,0,http://matchhistory.na.leagueoflegends.com/en/#match-details/ESPORTSTMNT06/240162?gameHash=b50e1df55b310b75,2017,Regular Season
ESPORTSTMNT06/250218,2017_LoL_esports_match_data_from_OraclesElixir.csv,LCK,Summer,0,http://matchhistory.na.leagueoflegends.com/en/#match-details/ESPORTSTMNT06/250218?gameHash=5472f38b19f957b0,2017,Regular Season
ESPORTSTMNT06/250221,2017_LoL_esports_match_data_from_OraclesElixir.csv,LCK,Summer,0,http://matchhistory.na.leagueoflegends.com/en/#match-details/ESPORTSTMNT06/250221?gameHash=f7f0211e5e1c2a69,2017,Regular Season
ESPORTSTMNT06/250224,2017_LoL_esports_match_data_from_OraclesElixir.csv,LCK,Summer,0,http://matchhistory.na.leagueoflegends.com/en/#match-details/ESPORTSTMNT06/250224?gameHash=b57b8941bf284683,2017,Regular Season
ESPORTSTMNT06/250228,2017_LoL_esports_match_data_from_OraclesElixir.csv,LCK,Summer,0,http://matchhistory.na.leagueoflegends.com/en/#match-details/ESPORTSTMNT06/250228?gameHash=5f02fede7a5b3c71,2017,Regular Season
ESPORTSTMNT06/250245,2017_LoL_esports_match_data_from_OraclesElixir.csv,LCK,Summer,0,http://matchhistory.na.leagueoflegends.com/en/#match-details/ESPORTSTMNT06/250245?gameHash=577a1a20ec7431bb,2017,Regular Season
ESPORTSTMNT06/250398,2017_LoL_esports_match_data_from_OraclesElixir.csv,LCK,Summer,0,http://matchhistory.na.leagueoflegends.com/en/#match-details/ESPORTSTMNT06/250398?gameHash=38a82a1927e62e70,2017,Regular Season
ESPORTSTMNT06/250411,2017_LoL_esports_match_data_from_OraclesElixir.csv,LCK,Summer,0,http://matchhistory.na.leagueoflegends.com/en/#match-details/ESPORTSTMNT06/250411?gameHash=83a3885161eadf22,2017,Regular Season
ESPORTSTMNT06/250412,2017_LoL_esports_match_data_from_OraclesElixir.csv,LCK,Summer,0,http://matchhistory.na.leagueoflegends.com/en/#match-details/ESPORTSTMNT06/250412?gameHash=91ab710363138240,2017,Regular Season
ESPORTSTMNT06/250438,2017_LoL_esports_match_data_from_OraclesElixir.csv,LCK,Summer,0,http://matchhistory.na.leagueoflegends.com/en/#match-details/ESPORTSTMNT06/250438?gameHash=ebb2a5daca8432a9,2017,Regular Season
ESPORTSTMNT06/250440,2017_LoL_esports_match_data_from_OraclesElixir.csv,LCK,Summer,0,http://matchhistory.na.leagueoflegends.com/en/#match-details/ESPORTSTMNT06/250440?gameHash=2e5b4663cd30dc41,2017,Regular Season
ESPORTSTMNT06/250447,2017_LoL_esports_match_data_from_OraclesElixir.csv,LCK,Summer,0,http://matchhistory.na.leagueoflegends.com/en/#match-details/ESPORTSTMNT06/250447?gameHash=e4d1ce6cb377fd86,2017,Regular Season
ESPORTSTMNT06/250502,2017_LoL_esports_match_data_from_OraclesElixir.csv,LCK,Summer,0,http://matchhistory.na.leagueoflegends.com/en/#match-details/ESPORTSTMNT06/250502?gameHash=9715dfd86178d7da,2017,Regular Season
ESPORTSTMNT06/250503,2017_LoL_esports_match_data_from_OraclesElixir.csv,LCK,Summer,0,http://matchhistory.na.leagueoflegends.com/en/#match-details/ESPORTSTMNT06/250503?gameHash=71bed22c0e7d9371,2017,Regular Season
ESPORTSTMNT06/250504,2017_LoL_esports_match_data_from_OraclesElixir.csv,LCK,Summer,0,http://matchhistory.na.leagueoflegends.com/en/#match-details/ESPORTSTMNT06/250504?gameHash=805db5abd1aac9ad,2017,Regular Season
ESPORTSTMNT06/250523,2017_LoL_esports_match_data_from_OraclesElixir.csv,LCK,Summer,0,http://matchhistory.na.leagueoflegends.com/en/#match-details/ESPORTSTMNT06/250523?gameHash=6cd8373f92e5770c,2017,Regular Season
ESPORTSTMNT06/250594,2017_LoL_esports_match_data_from_OraclesElixir.csv,LCK,Summer,0,http://matchhistory.na.leagueoflegends.com/en/#match-details/ESPORTSTMNT06/250594?gameHash=76aa9fa792379148,2017,Regular Season
ESPORTSTMNT06/250606,2017_LoL_esports_match_data_from_OraclesElixir.csv,LCK,Summer,0,http://matchhistory.na.leagueoflegends.com/en/#match-details/ESPORTSTMNT06/250606?gameHash=70a4aaf391ca0810,2017,Regular Season
ESPORTSTMNT06/250609,2017_LoL_esports_match_data_from_OraclesElixir.csv,LCK,Summer,0,http://matchhistory.na.leagueoflegends.com/en/#match-details/ESPORTSTMNT06/250609?gameHash=53d6f117165335d5,2017,Regular Season
ESPORTSTMNT06/250611,2017_LoL_esports_match_data_from_OraclesElixir.csv,LCK,Summer,0,http://matchhistory.na.leagueoflegends.com/en/#match-details/ESPORTSTMNT06/250611?gameHash=d25d6fb9131ebaa1,2017,Regular Season
ESPORTSTMNT06/250619,2017_LoL_esports_match_data_from_OraclesElixir.csv,LCK,Summer,0,http://matchhistory.na.leagueoflegends.com/en/#match-details/ESPORTSTMNT06/250619?gameHash=6895e612786d4bbe,2017,Regular Season
ESPORTSTMNT06/250623,2017_LoL_esports_match_data_from_OraclesElixir.csv,LCK,Summer,0,http://matchhistory.na.leagueoflegends.com/en/#match-details/ESPORTSTMNT06/250623?gameHash=40ca1c24ca5b72aa,2017,Regular Season
ESPORTSTMNT06/250653,2017_LoL_esports_match_data_from_OraclesElixir.csv,LCK,Summer,0,http://matchhistory.na.leagueoflegends.com/en/#match-details/ESPORTSTMNT06/250653?gameHash=954628cd4c5b8388,2017,Regular Season
ESPORTSTMNT06/250658,2017_LoL_esports_match_data_from_OraclesElixir.csv,LCK,Summer,0,http://matchhistory.na.leagueoflegends.com/en/#match-details/ESPORTSTMNT06/250658?gameHash=ca0a75112749cf04,2017,Regular Season
ESPORTSTMNT06/240667,2017_LoL_esports_match_data_from_OraclesElixir.csv,LCK,Summer,0,http://matchhistory.na.leagueoflegends.com/en/#match-details/ESPORTSTMNT06/240667?gameHash=23e85b85492055aa,2017,Regular Season
ESPORTSTMNT06/240685,2017_LoL_esports_match_data_from_OraclesElixir.csv,LCK,Summer,0,http://matchhistory.na.leagueoflegends.com/en/#match-details/ESPORTSTMNT06/240685?gameHash=3d1c605ddd7f3b9c,2017,Regular Season
ESPORTSTMNT06/240691,2017_LoL_esports_match_data_from_OraclesElixir.csv,LCK,Summer,0,http://matchhistory.na.leagueoflegends.com/en/#match-details/ESPORTSTMNT06/240691?gameHash=4bd1efe5a6ba11f1,2017,Regular Season
ESPORTSTMNT06/250720,2017_LoL_esports_match_data_from_OraclesElixir.csv,LCK,Summer,0,http://matchhistory.na.leagueoflegends.com/en/#match-details/ESPORTSTMNT06/250720?gameHash=70d518405224c586,2017,Regular Season
ESPORTSTMNT06/250725,2017_LoL_esports_match_data_from_OraclesElixir.csv,LCK,Summer,0,http://matchhistory.na.leagueoflegends.com/en/#match-details/ESPORTSTMNT06/250725?gameHash=36fbf77f2e9f424b,2017,Regular Season
ESPORTSTMNT06/250733,2017_LoL_esports_match_data_from_OraclesElixir.csv,LCK,Summer,0,http://matchhistory.na.leagueoflegends.com/en/#match-details/ESPORTSTMNT06/250733?gameHash=29db5e5edccea626,2017,Regular Season
ESPORTSTMNT06/250740,2017_LoL_esports_match_data_from_OraclesElixir.csv,LCK,Summer,0,http://matchhistory.na.leagueoflegends.com/en/#match-details/ESPORTSTMNT06/250740?gameHash=2746e0ef92da355f,2017,Regular Season
ESPORTSTMNT06/250743,2017_LoL_esports_match_data_from_OraclesElixir.csv,LCK,Summer,0,http://matchhistory.na.leagueoflegends.com/en/#match-details/ESPORTSTMNT06/250743?gameHash=808494802307a536,2017,Regular Season
ESPORTSTMNT06/250860,2017_LoL_esports_match_data_from_OraclesElixir.csv,LCK,Summer,0,http://matchhistory.na.leagueoflegends.com/en/#match-details/ESPORTSTMNT06/250860?gameHash=cdb1997fc4bad3fd,2017,Regular Season
ESPORTSTMNT06/250883,2017_LoL_esports_match_data_from_OraclesElixir.csv,LCK,Summer,0,http://matchhistory.na.leagueoflegends.com/en/#match-details/ESPORTSTMNT06/250883?gameHash=e3fc7e987e4506d9,2017,Regular Season
ESPORTSTMNT06/250885,2017_LoL_esports_match_data_from_OraclesElixir.csv,LCK,Summer,0,http://matchhistory.na.leagueoflegends.com/en/#match-details/ESPORTSTMNT06/250885?gameHash=146e885ad8c0b88c,2017,Regular Season
ESPORTSTMNT06/250898,2017_LoL_esports_match_data_from_OraclesElixir.csv,LCK,Summer,0,http://matchhistory.na.leagueoflegends.com/en/#match-details/ESPORTSTMNT06/250898?gameHash=c20375d2ec4371b8,2017,Regular Season
ESPORTSTMNT06/250910,2017_LoL_esports_match_data_from_OraclesElixir.csv,LCK,Summer,0,http://matchhistory.na.leagueoflegends.com/en/#match-details/ESPORTSTMNT06/250910?gameHash=9d854eea3358b7e2,2017,Regular Season
ESPORTSTMNT06/250969,2017_LoL_esports_match_data_from_OraclesElixir.csv,LCK,Summer,0,http://matchhistory.na.leagueoflegends.com/en/#match-details/ESPORTSTMNT06/250969?gameHash=7a9cc8c9cc2f7178,2017,Regular Season
ESPORTSTMNT06/250976,2017_LoL_esports_match_data_from_OraclesElixir.csv,LCK,Summer,0,http://matchhistory.na.leagueoflegends.com/en/#match-details/ESPORTSTMNT06/250976?gameHash=c2abcbb6907d83a0,2017,Regular Season
ESPORTSTMNT06/250977,2017_LoL_esports_match_data_from_OraclesElixir.csv,LCK,Summer,0,http://matchhistory.na.leagueoflegends.com/en/#match-details/ESPORTSTMNT06/250977?gameHash=b77a1dd54cadb137,2017,Regular Season
ESPORTSTMNT06/250994,2017_LoL_esports_match_data_from_OraclesElixir.csv,LCK,Summer,0,http://matchhistory.na.leagueoflegends.com/en/#match-details/ESPORTSTMNT06/250994?gameHash=bbbac7d602ce1c71,2017,Regular Season
ESPORTSTMNT06/270019,2017_LoL_esports_match_data_from_OraclesElixir.csv,LCK,Summer,0,http://matchhistory.na.leagueoflegends.com/en/#match-details/ESPORTSTMNT06/270019?gameHash=d289f98ad7f58c45,2017,Regular Season
ESPORTSTMNT06/270042,2017_LoL_esports_match_data_from_OraclesElixir.csv,LCK,Summer,0,http://matchhistory.na.leagueoflegends.com/en/#match-details/ESPORTSTMNT06/270042?gameHash=47fe15eeff6651f0,2017,Regular Season
ESPORTSTMNT06/270070,2017_LoL_esports_match_data_from_OraclesElixir.csv,LCK,Summer,0,http://matchhistory.na.leagueoflegends.com/en/#match-details/ESPORTSTMNT06/270070?gameHash=7ee879488d7bc029,2017,Regular Season
ESPORTSTMNT06/270074,2017_LoL_esports_match_data_from_OraclesElixir.csv,LCK,Summer,0,http://matchhistory.na.leagueoflegends.com/en/#match-details/ESPORTSTMNT06/270074?gameHash=b64e11122aa10468,2017,Regular Season
ESPORTSTMNT06/260087,2017_LoL_esports_match_data_from_OraclesElixir.csv,LCK,Summer,0,http://matchhistory.na.leagueoflegends.com/en/#match-details/ESPORTSTMNT06/260087?gameHash=bd159c887933b6f4,2017,Regular Season
ESPORTSTMNT06/260104,2017_LoL_esports_match_data_from_OraclesElixir.csv,LCK,Summer,0,http://matchhistory.na.leagueoflegends.com/en/#match-details/ESPORTSTMNT06/260104?gameHash=d5f8e15475c38e10,2017,Regular Season
ESPORTSTMNT06/260109,2017_LoL_esports_match_data_from_OraclesElixir.csv,LCK,Summer,0,http://matchhistory.na.leagueoflegends.com/en/#match-details/ESPORTSTMNT06/260109?gameHash=10011e386a989c04,2017,Regular Season
ESPORTSTMNT06/260140,2017_LoL_esports_match_data_from_OraclesElixir.csv,LCK,Summer,0,http://matchhistory.na.leagueoflegends.com/en/#match-details/ESPORTSTMNT06/260140?gameHash=5447bd45083ae81f,2017,Regular Season
ESPORTSTMNT06/260143,2017_LoL_esports_match_data_from_OraclesElixir.csv,LCK,Summer,0,http://matchhistory.na.leagueoflegends.com/en/#match-details/ESPORTSTMNT06/260143?gameHash=5100f06ef075d699,2017,Regular Season
ESPORTSTMNT06/260168,2017_LoL_esports_match_data_from_OraclesElixir.csv,LCK,Summer,0,http://matchhistory.na.leagueoflegends.com/en/#match-details/ESPORTSTMNT06/260168?gameHash=ac65ff2778746881,2017,Regular Season
ESPORTSTMNT06/260172,2017_LoL_esports_match_data_from_OraclesElixir.csv,LCK,Summer,0,http://matchhistory.na.leagueoflegends.com/en/#match-details/ESPORTSTMNT06/260172?gameHash=4510b74057606352,2017,Regular Season
ESPORTSTMNT06/260173,2017_LoL_esports_match_data_from_OraclesElixir.csv,LCK,Summer,0,http://matchhistory.na.leagueoflegends.com/en/#match-details/ESPORTSTMNT06/260173?gameHash=c5cc7c15ac79ab96,2017,Regular Season
ESPORTSTMNT06/260176,2017_LoL_esports_match_data_from_OraclesElixir.csv,LCK,Summer,0,http://matchhistory.na.leagueoflegends.com/en/#match-details/ESPORTSTMNT06/260176?gameHash=7439614efd652609,2017,Regular Season
ESPORTSTMNT06/260182,2017_LoL_esports_match_data_from_OraclesElixir.csv,LCK,Summer,0,http://matchhistory.na.leagueoflegends.com/en/#match-details/ESPORTSTMNT06/260182?gameHash=0cbfab2a93352fc2,2017,Regular Season
ESPORTSTMNT06/260185,2017_LoL_esports_match_data_from_OraclesElixir.csv,LCK,Summer,0,http://matchhistory.na.leagueoflegends.com/en/#match-details/ESPORTSTMNT06/260185?gameHash=e6d8f4b12ada8216,2017,Regular Season
ESPORTSTMNT06/270350,2017_LoL_esports_match_data_from_OraclesElixir.csv,LCK,Summer,0,http://matchhistory.na.leagueoflegends.com/en/#match-details/ESPORTSTMNT06/270350?gameHash=b3a04e08c99ccab9,2017,Regular Season
ESPORTSTMNT06/270359,2017_LoL_esports_match_data_from_OraclesElixir.csv,LCK,Summer,0,http://matchhistory.na.leagueoflegends.com/en/#match-details/ESPORTSTMNT06/270359?gameHash=f16d191aa4301dfa,2017,Regular Season
ESPORTSTMNT06/270376,2017_LoL_esports_match_data_from_OraclesElixir.csv,LCK,Summer,0,http://matchhistory.na.leagueoflegends.com/en/#match-details/ESPORTSTMNT06/270376?gameHash=5f1aca6699df6db9,2017,Regular Season
ESPORTSTMNT06/270382,2017_LoL_esports_match_data_from_OraclesElixir.csv,LCK,Summer,0,http://matchhistory.na.leagueoflegends.com/en/#match-details/ESPORTSTMNT06/270382?gameHash=b062fedb635b9aae,2017,Regular Season
ESPORTSTMNT06/270417,2017_LoL_esports_match_data_from_OraclesElixir.csv,LCK,Summer,0,http://matchhistory.na.leagueoflegends.com/en/#match-details/ESPORTSTMNT06/270417?gameHash=64b70e69fc2c9456,2017,Regular Season
ESPORTSTMNT06/270442,2017_LoL_esports_match_data_from_OraclesElixir.csv,LCK,Summer,0,http://matchhistory.na.leagueoflegends.com/en/#match-details/ESPORTSTMNT06/270442?gameHash=07d7a3eb954dabd7,2017,Regular Season
ESPORTSTMNT06/270446,2017_LoL_esports_match_data_from_OraclesElixir.csv,LCK,Summer,0,http://matchhistory.na.leagueoflegends.com/en/#match-details/ESPORTSTMNT06/270446?gameHash=36ca3354532f0b86,2017,Regular Season
ESPORTSTMNT06/270449,2017_LoL_esports_match_data_from_OraclesElixir.csv,LCK,Summer,0,http://matchhistory.na.leagueoflegends.com/en/#match-details/ESPORTSTMNT06/270449?gameHash=4ac58cd251485c42,2017,Regular Season
ESPORTSTMNT06/270459,2017_LoL_esports_match_data_from_OraclesElixir.csv,LCK,Summer,0,http://matchhistory.na.leagueoflegends.com/en/#match-details/ESPORTSTMNT06/270459?gameHash=3b5adbf513dde4c5,2017,Regular Season
ESPORTSTMNT06/270554,2017_LoL_esports_match_data_from_OraclesElixir.csv,LCK,Summer,0,http://matchhistory.na.leagueoflegends.com/en/#match-details/ESPORTSTMNT06/270554?gameHash=3c84e6927c96066d,2017,Regular Season
ESPORTSTMNT06/270556,2017_LoL_esports_match_data_from_OraclesElixir.csv,LCK,Summer,0,http://matchhistory.na.leagueoflegends.com/en/#match-details/ESPORTSTMNT06/270556?gameHash=0959df54eea376e1,2017,Regular Season
ESPORTSTMNT06/270558,2017_LoL_esports_match_data_from_OraclesElixir.csv,LCK,Summer,0,http://matchhistory.na.leagueoflegends.com/en/#match-details/ESPORTSTMNT06/270558?gameHash=129d40b69da6e030,2017,Regular Season
ESPORTSTMNT06/270577,2017_LoL_esports_match_data_from_OraclesElixir.csv,LCK,Summer,0,http://matchhistory.na.leagueoflegends.com/en/#match-details/ESPORTSTMNT06/270577?gameHash=104c653530f16882,2017,Regular Season
ESPORTSTMNT06/270615,2017_LoL_esports_match_data_from_OraclesElixir.csv,LCK,Summer,0,http://matchhistory.na.leagueoflegends.com/en/#match-details/ESPORTSTMNT06/270615?gameHash=d088cc59d903deec,2017,Regular Season
ESPORTSTMNT06/270619,2017_LoL_esports_match_data_from_OraclesElixir.csv,LCK,Summer,0,http://matchhistory.na.leagueoflegends.com/en/#match-details/ESPORTSTMNT06/270619?gameHash=ef7cee8e7633cfda,2017,Regular Season
ESPORTSTMNT06/270644,2017_LoL_esports_match_data_from_OraclesElixir.csv,LCK,Summer,0,http://matchhistory.na.leagueoflegends.com/en/#match-details/ESPORTSTMNT06/270644?gameHash=f1a1579e204bc9b8,2017,Regular Season
ESPORTSTMNT06/270653,2017_LoL_esports_match_data_from_OraclesElixir.csv,LCK,Summer,0,http://matchhistory.na.leagueoflegends.com/en/#match-details/ESPORTSTMNT06/270653?gameHash=00405293fb859241,2017,Regular Season
ESPORTSTMNT06/270684,2017_LoL_esports_match_data_from_OraclesElixir.csv,LCK,Summer,0,http://matchhistory.na.leagueoflegends.com/en/#match-details/ESPORTSTMNT06/270684?gameHash=350f671cf7d11a70,2017,Regular Season
ESPORTSTMNT06/270696,2017_LoL_esports_match_data_from_OraclesElixir.csv,LCK,Summer,0,http://matchhistory.na.leagueoflegends.com/en/#match-details/ESPORTSTMNT06/270696?gameHash=b7157e5efafc382b,2017,Regular Season
ESPORTSTMNT06/270700,2017_LoL_esports_match_data_from_OraclesElixir.csv,LCK,Summer,0,http://matchhistory.na.leagueoflegends.com/en/#match-details/ESPORTSTMNT06/270700?gameHash=4120daff92abf606,2017,Regular Season
ESPORTSTMNT06/270733,2017_LoL_esports_match_data_from_OraclesElixir.csv,LCK,Summer,0,http://matchhistory.na.leagueoflegends.com/en/#match-details/ESPORTSTMNT06/270733?gameHash=bd5bb06ed0db14f4,2017,Regular Season
ESPORTSTMNT06/260940,2017_LoL_esports_match_data_from_OraclesElixir.csv,LCK,Summer,0,http://matchhistory.na.leagueoflegends.com/en/#match-details/ESPORTSTMNT06/260940?gameHash=6bbaa19ea54c3d66,2017,Regular Season
ESPORTSTMNT06/260946,2017_LoL_esports_match_data_from_OraclesElixir.csv,LCK,Summer,0,http://matchhistory.na.leagueoflegends.com/en/#match-details/ESPORTSTMNT06/260946?gameHash=8e6292ffc9a42500,2017,Regular Season
ESPORTSTMNT06/260972,2017_LoL_esports_match_data_from_OraclesElixir.csv,LCK,Summer,0,http://matchhistory.na.leagueoflegends.com/en/#match-details/ESPORTSTMNT06/260972?gameHash=5813c604b2966087,2017,Regular Season
ESPORTSTMNT06/260993,2017_LoL_esports_match_data_from_OraclesElixir.csv,LCK,Summer,0,http://matchhistory.na.leagueoflegends.com/en/#match-details/ESPORTSTMNT06/260993?gameHash=9d307379935124e2,2017,Regular Season
ESPORTSTMNT06/270945,2017_LoL_esports_match_data_from_OraclesElixir.csv,LCK,Summer,0,http://matchhistory.na.leagueoflegends.com/en/#match-details/ESPORTSTMNT06/270945?gameHash=c54ee380be9cfab3,2017,Regular Season
ESPORTSTMNT06/270962,2017_LoL_esports_match_data_from_OraclesElixir.csv,LCK,Summer,0,http://matchhistory.na.leagueoflegends.com/en/#match-details/ESPORTSTMNT06/270962?gameHash=4ac01c15160bb698,2017,Regular Season
ESPORTSTMNT06/270965,2017_LoL_esports_match_data_from_OraclesElixir.csv,LCK,Summer,0,http://matchhistory.na.leagueoflegends.com/en/#match-details/ESPORTSTMNT06/270965?gameHash=93f3a12a75d6afd3,2017,Regular Season
ESPORTSTMNT06/270966,2017_LoL_esports_match_data_from_OraclesElixir.csv,LCK,Summer,0,http://matchhistory.na.leagueoflegends.com/en/#match-details/ESPORTSTMNT06/270966?gameHash=33aef8656bd963d2,2017,Regular Season
ESPORTSTMNT06/270974,2017_LoL_esports_match_data_from_OraclesElixir.csv,LCK,Summer,0,http://matchhistory.na.leagueoflegends.com/en/#match-details/ESPORTSTMNT06/270974?gameHash=17af7fbd5b16c418,2017,Regular Season
ESPORTSTMNT06/270975,2017_LoL_esports_match_data_from_OraclesElixir.csv,LCK,Summer,0,http://matchhistory.na.leagueoflegends.com/en/#match-details/ESPORTSTMNT06/270975?gameHash=8dd45a565e15947c,2017,Regular Season
ESPORTSTMNT06/290038,2017_LoL_esports_match_data_from_OraclesElixir.csv,LCK,Summer,0,http://matchhistory.na.leagueoflegends.com/en/#match-details/ESPORTSTMNT06/290038?gameHash=27c97de2d31d71c0,2017,Regular Season
ESPORTSTMNT06/290047,2017_LoL_esports_match_data_from_OraclesElixir.csv,LCK,Summer,0,http://matchhistory.na.leagueoflegends.com/en/#match-details/ESPORTSTMNT06/290047?gameHash=f3997b8cc3c30ff6,2017,Regular Season
ESPORTSTMNT06/290052,2017_LoL_esports_match_data_from_OraclesElixir.csv,LCK,Summer,0,http://matchhistory.na.leagueoflegends.com/en/#match-details/ESPORTSTMNT06/290052?gameHash=47d79d26173d6031,2017,Regular Season
ESPORTSTMNT06/290056,2017_LoL_esports_match_data_from_OraclesElixir.csv,LCK,Summer,0,http://matchhistory.na.leagueoflegends.com/en/#match-details/ESPORTSTMNT06/290056?gameHash=d0fa752c097b152e,2017,Regular Season
ESPORTSTMNT06/290077,2017_LoL_esports_match_data_from_OraclesElixir.csv,LCK,Summer,0,http://matchhistory.na.leagueoflegends.com/en/#match-details/ESPORTSTMNT06/290077?gameHash=110e1b1ffdfc2393,2017,Regular Season
ESPORTSTMNT06/290083,2017_LoL_esports_match_data_from_OraclesElixir.csv,LCK,Summer,0,http://matchhistory.na.leagueoflegends.com/en/#match-details/ESPORTSTMNT06/290083?gameHash=6c959d3f155a3e3a,2017,Regular Season
ESPORTSTMNT06/280133,2017_LoL_esports_match_data_from_OraclesElixir.csv,LCK,Summer,0,http://matchhistory.na.leagueoflegends.com/en/#match-details/ESPORTSTMNT06/280133?gameHash=b94cef28f6ff6d40,2017,Regular Season
ESPORTSTMNT06/280138,2017_LoL_esports_match_data_from_OraclesElixir.csv,LCK,Summer,0,http://matchhistory.na.leagueoflegends.com/en/#match-details/ESPORTSTMNT06/280138?gameHash=ba5336b06047a24d,2017,Regular Season
ESPORTSTMNT06/280143,2017_LoL_esports_match_data_from_OraclesElixir.csv,LCK,Summer,0,http://matchhistory.na.leagueoflegends.com/en/#match-details/ESPORTSTMNT06/280143?gameHash=d9f3fcbda6203fdd,2017,Regular Season
ESPORTSTMNT06/280155,2017_LoL_esports_match_data_from_OraclesElixir.csv,LCK,Summer,0,http://matchhistory.na.leagueoflegends.com/en/#match-details/ESPORTSTMNT06/280155?gameHash=4dfd3082261d5da4,2017,Regular Season
ESPORTSTMNT06/280164,2017_LoL_esports_match_data_from_OraclesElixir.csv,LCK,Summer,0,http://matchhistory.na.leagueoflegends.com/en/#match-details/ESPORTSTMNT06/280164?gameHash=60d2b7bb916f9678,2017,Regular Season
ESPORTSTMNT06/280202,2017_LoL_esports_match_data_from_OraclesElixir.csv,LCK,Summer,0,http://matchhistory.na.leagueoflegends.com/en/#match-details/ESPORTSTMNT06/280202?gameHash=99d73d17b9f72b58,2017,Regular Season
ESPORTSTMNT06/280219,2017_LoL_esports_match_data_from_OraclesElixir.csv,LCK,Summer,0,http://matchhistory.na.leagueoflegends.com/en/#match-details/ESPORTSTMNT06/280219?gameHash=aa82e38380490e06,2017,Regular Season
ESPORTSTMNT06/280255,2017_LoL_esports_match_data_from_OraclesElixir.csv,LCK,Summer,0,http://matchhistory.na.leagueoflegends.com/en/#match-details/ESPORTSTMNT06/280255?gameHash=eb9634074035dc95,2017,Regular Season
ESPORTSTMNT06/280273,2017_LoL_esports_match_data_from_OraclesElixir.csv,LCK,Summer,0,http://matchhistory.na.leagueoflegends.com/en/#match-details/ESPORTSTMNT06/280273?gameHash=bb043698089778f1,2017,Regular Season
ESPORTSTMNT06/280283,2017_LoL_esports_match_data_from_OraclesElixir.csv,LCK,Summer,0,http://matchhistory.na.leagueoflegends.com/en/#match-details/ESPORTSTMNT06/280283?gameHash=495990243d355c95,2017,Regular Season
ESPORTSTMNT06/280419,2017_LoL_esports_match_data_from_OraclesElixir.csv,LCK,Summer,0,http://matchhistory.na.leagueoflegends.com/en/#match-details/ESPORTSTMNT06/280419?gameHash=993d590f25b5a014,2017,Regular Season
ESPORTSTMNT06/280425,2017_LoL_esports_match_data_from_OraclesElixir.csv,LCK,Summer,0,http://matchhistory.na.leagueoflegends.com/en/#match-details/ESPORTSTMNT06/280425?gameHash=a9ea7ceabbc860f1,2017,Regular Season
ESPORTSTMNT06/280426,2017_LoL_esports_match_data_from_OraclesElixir.csv,LCK,Summer,0,http://matchhistory.na.leagueoflegends.com/en/#match-details/ESPORTSTMNT06/280426?gameHash=b978305da41c25bb,2017,Regular Season
ESPORTSTMNT06/280436,2017_LoL_esports_match_data_from_OraclesElixir.csv,LCK,Summer,0,http://matchhistory.na.leagueoflegends.com/en/#match-details/ESPORTSTMNT06/280436?gameHash=11e08dd759ec06b6,2017,Regular Season
ESPORTSTMNT06/280441,2017_LoL_esports_match_data_from_OraclesElixir.csv,LCK,Summer,0,http://matchhistory.na.leagueoflegends.com/en/#match-details/ESPORTSTMNT06/280441?gameHash=b6aee124090d29ad,2017,Regular Season
ESPORTSTMNT06/280519,2017_LoL_esports_match_data_from_OraclesElixir.csv,LCK,Summer,0,http://matchhistory.na.leagueoflegends.com/en/#match-details/ESPORTSTMNT06/280519?gameHash=0e874d6bb1e1190c,2017,Regular Season
ESPORTSTMNT06/280522,2017_LoL_esports_match_data_from_OraclesElixir.csv,LCK,Summer,0,http://matchhistory.na.leagueoflegends.com/en/#match-details/ESPORTSTMNT06/280522?gameHash=f9e3688d723b2523,2017,Regular Season
ESPORTSTMNT06/280523,2017_LoL_esports_match_data_from_OraclesElixir.csv,LCK,Summer,0,http://matchhistory.na.leagueoflegends.com/en/#match-details/ESPORTSTMNT06/280523?gameHash=19f5200939afbc10,2017,Regular Season
ESPORTSTMNT06/280524,2017_LoL_esports_match_data_from_OraclesElixir.csv,LCK,Summer,0,http://matchhistory.na.leagueoflegends.com/en/#match-details/ESPORTSTMNT06/280524?gameHash=6c2b7af59b795d83,2017,Regular Season
ESPORTSTMNT06/280539,2017_LoL_esports_match_data_from_OraclesElixir.csv,LCK,Summer,0,http://matchhistory.na.leagueoflegends.com/en/#match-details/ESPORTSTMNT06/280539?gameHash=2673471f7e421b65,2017,Regular Season
ESPORTSTMNT06/310053,2017_LoL_esports_match_data_from_OraclesElixir.csv,LCK,Summer,0,http://matchhistory.na.leagueoflegends.com/en/#match-details/ESPORTSTMNT06/310053?gameHash=0021b45647424cd5,2017,Regular Season
ESPORTSTMNT06/310060,2017_LoL_esports_match_data_from_OraclesElixir.csv,LCK,Summer,0,http://matchhistory.na.leagueoflegends.com/en/#match-details/ESPORTSTMNT06/310060?gameHash=07af7d41b313db41,2017,Regular Season
ESPORTSTMNT06/310066,2017_LoL_esports_match_data_from_OraclesElixir.csv,LCK,Summer,0,http://matchhistory.na.leagueoflegends.com/en/#match-details/ESPORTSTMNT06/310066?gameHash=3ef0ba4fea9e7daa,2017,Regular Season
ESPORTSTMNT06/310080,2017_LoL_esports_match_data_from_OraclesElixir.csv,LCK,Summer,0,http://matchhistory.na.leagueoflegends.com/en/#match-details/ESPORTSTMNT06/310080?gameHash=fff8f53c9fba5d55,2017,Regular Season
ESPORTSTMNT06/310088,2017_LoL_esports_match_data_from_OraclesElixir.csv,LCK,Summer,0,http://matchhistory.na.leagueoflegends.com/en/#match-details/ESPORTSTMNT06/310088?gameHash=72b1471b37b10885,2017,Regular Season
ESPORTSTMNT06/310123,2017_LoL_esports_match_data_from_OraclesElixir.csv,LCK,Summer,0,http://matchhistory.na.leagueoflegends.com/en/#match-details/ESPORTSTMNT06/310123?gameHash=a1561f52db9e5cdf,2017,Regular Season
ESPORTSTMNT06/310129,2017_LoL_esports_match_data_from_OraclesElixir.csv,LCK,Summer,0,http://matchhistory.na.leagueoflegends.com/en/#match-details/ESPORTSTMNT06/310129?gameHash=905af92541946a44,2017,Regular Season
ESPORTSTMNT06/310132,2017_LoL_esports_match_data_from_OraclesElixir.csv,LCK,Summer,0,http://matchhistory.na.leagueoflegends.com/en/#match-details/ESPORTSTMNT06/310132?gameHash=ba6416afee6c71eb,2017,Regular Season
ESPORTSTMNT06/310138,2017_LoL_esports_match_data_from_OraclesElixir.csv,LCK,Summer,0,http://matchhistory.na.leagueoflegends.com/en/#match-details/ESPORTSTMNT06/310138?gameHash=ad5439a1b6593694,2017,Regular Season
ESPORTSTMNT06/310156,2017_LoL_esports_match_data_from_OraclesElixir.csv,LCK,Summer,0,http://matchhistory.na.leagueoflegends.com/en/#match-details/ESPORTSTMNT06/310156?gameHash=8074294cad2b8c0e,2017,Regular Season
ESPORTSTMNT06/310159,2017_LoL_esports_match_data_from_OraclesElixir.csv,LCK,Summer,0,http://matchhistory.na.leagueoflegends.com/en/#match-details/ESPORTSTMNT06/310159?gameHash=505282dc94aab005,2017,Regular Season
ESPORTSTMNT06/300143,2017_LoL_esports_match_data_from_OraclesElixir.csv,LCK,Summer,0,http://matchhistory.na.leagueoflegends.com/en/#match-details/ESPORTSTMNT06/300143?gameHash=dee849f56057595e,2017,Regular Season
ESPORTSTMNT06/300165,2017_LoL_esports_match_data_from_OraclesElixir.csv,LCK,Summer,0,http://matchhistory.na.leagueoflegends.com/en/#match-details/ESPORTSTMNT06/300165?gameHash=47a1f3225fcf0e78,2017,Regular Season
ESPORTSTMNT06/300189,2017_LoL_esports_match_data_from_OraclesElixir.csv,LCK,Summer,0,http://matchhistory.na.leagueoflegends.com/en/#match-details/ESPORTSTMNT06/300189?gameHash=176e553ed0ffee0b,2017,Regular Season
ESPORTSTMNT06/300195,2017_LoL_esports_match_data_from_OraclesElixir.csv,LCK,Summer,0,http://matchhistory.na.leagueoflegends.com/en/#match-details/ESPORTSTMNT06/300195?gameHash=bdd456dbbc6d3cda,2017,Regular Season
ESPORTSTMNT06/300326,2017_LoL_esports_match_data_from_OraclesElixir.csv,LCK,Summer,0,http://matchhistory.na.leagueoflegends.com/en/#match-details/ESPORTSTMNT06/300326?gameHash=597dcd0931879f81,2017,Regular Season
ESPORTSTMNT06/300361,2017_LoL_esports_match_data_from_OraclesElixir.csv,LCK,Summer,0,http://matchhistory.na.leagueoflegends.com/en/#match-details/ESPORTSTMNT06/300361?gameHash=3df6d01c4eaea352,2017,Regular Season
ESPORTSTMNT06/300367,2017_LoL_esports_match_data_from_OraclesElixir.csv,LCK,Summer,0,http://matchhistory.na.leagueoflegends.com/en/#match-details/ESPORTSTMNT06/300367?gameHash=b04ea156878b56b6,2017,Regular Season
ESPORTSTMNT06/300389,2017_LoL_esports_match_data_from_OraclesElixir.csv,LCK,Summer,0,http://matchhistory.na.leagueoflegends.com/en/#match-details/ESPORTSTMNT06/300389?gameHash=20a27ef4623440ff,2017,Regular Season
ESPORTSTMNT06/310520,2017_LoL_esports_match_data_from_OraclesElixir.csv,LCK,Summer,0,http://matchhistory.na.leagueoflegends.com/en/#match-details/ESPORTSTMNT06/310520?gameHash=a9320d5515db6450,2017,Regular Season
ESPORTSTMNT06/310535,2017_LoL_esports_match_data_from_OraclesElixir.csv,LCK,Summer,0,http://matchhistory.na.leagueoflegends.com/en/#match-details/ESPORTSTMNT06/310535?gameHash=500e474526879b16,2017,Regular Season
ESPORTSTMNT06/310537,2017_LoL_esports_match_data_from_OraclesElixir.csv,LCK,Summer,0,http://matchhistory.na.leagueoflegends.com/en/#match-details/ESPORTSTMNT06/310537?gameHash=5c936acc29cae67e,2017,Regular Season
ESPORTSTMNT06/310555,2017_LoL_esports_match_data_from_OraclesElixir.csv,LCK,Summer,0,http://matchhistory.na.leagueoflegends.com/en/#match-details/ESPORTSTMNT06/310555?gameHash=8dcadadf7e663fa3,2017,Regular Season
ESPORTSTMNT06/310560,2017_LoL_esports_match_data_from_OraclesElixir.csv,LCK,Summer,0,http://matchhistory.na.leagueoflegends.com/en/#match-details/ESPORTSTMNT06/310560?gameHash=4ec1f94efbe3b6e6,2017,Regular Season
ESPORTSTMNT06/300584,2017_LoL_esports_match_data_from_OraclesElixir.csv,LCK,Summer,0,http://matchhistory.na.leagueoflegends.com/en/#match-details/ESPORTSTMNT06/300584?gameHash=37ac6e2816720263,2017,Regular Season
ESPORTSTMNT06/300604,2017_LoL_esports_match_data_from_OraclesElixir.csv,LCK,Summer,0,http://matchhistory.na.leagueoflegends.com/en/#match-details/ESPORTSTMNT06/300604?gameHash=a7288ed19d914fe4,2017,Regular Season
ESPORTSTMNT06/300614,2017_LoL_esports_match_data_from_OraclesElixir.csv,LCK,Summer,0,http://matchhistory.na.leagueoflegends.com/en/#match-details/ESPORTSTMNT06/300614?gameHash=bed6bc981b7ef2e7,2017,Regular Season
ESPORTSTMNT06/300637,2017_LoL_esports_match_data_from_OraclesElixir.csv,LCK,Summer,0,http://matchhistory.na.leagueoflegends.com/en/#match-details/ESPORTSTMNT06/300637?gameHash=4b62be33654dc961,2017,Regular Season
ESPORTSTMNT06/300650,2017_LoL_esports_match_data_from_OraclesElixir.csv,LCK,Summer,0,http://matchhistory.na.leagueoflegends.com/en/#match-details/ESPORTSTMNT06/300650?gameHash=74e42b59bb95f06c,2017,Regular Season
ESPORTSTMNT06/310752,2017_LoL_esports_match_data_from_OraclesElixir.csv,LCK,Summer,0,http://matchhistory.na.leagueoflegends.com/en/#match-details/ESPORTSTMNT06/310752?gameHash=a2ba7ebc2f9da7db,2017,Regular Season
ESPORTSTMNT06/310759,2017_LoL_esports_match_data_from_OraclesElixir.csv,LCK,Summer,0,http://matchhistory.na.leagueoflegends.com/en/#match-details/ESPORTSTMNT06/310759?gameHash=c52de40b7c21976d,2017,Regular Season
ESPORTSTMNT06/310762,2017_LoL_esports_match_data_from_OraclesElixir.csv,LCK,Summer,0,http://matchhistory.na.leagueoflegends.com/en/#match-details/ESPORTSTMNT06/310762?gameHash=880fa62b972df63d,2017,Regular Season
ESPORTSTMNT06/310782,2017_LoL_esports_match_data_from_OraclesElixir.csv,LCK,Summer,0,http://matchhistory.na.leagueoflegends.com/en/#match-details/ESPORTSTMNT06/310782?gameHash=2221a64898c0afd6,2017,Regular Season
ESPORTSTMNT06/300758,2017_LoL_esports_match_data_from_OraclesElixir.csv,LCK,Summer,0,http://matchhistory.na.leagueoflegends.com/en/#match-details/ESPORTSTMNT06/300758?gameHash=1a3758ff0a4bac78,2017,Regular Season
ESPORTSTMNT06/300762,2017_LoL_esports_match_data_from_OraclesElixir.csv,LCK,Summer,0,http://matchhistory.na.leagueoflegends.com/en/#match-details/ESPORTSTMNT06/300762?gameHash=3e5a7413a557757c,2017,Regular Season
ESPORTSTMNT06/300766,2017_LoL_esports_match_data_from_OraclesElixir.csv,LCK,Summer,0,http://matchhistory.na.leagueoflegends.com/en/#match-details/ESPORTSTMNT06/300766?gameHash=5bbbac3778d126cb,2017,Regular Season
ESPORTSTMNT06/300787,2017_LoL_esports_match_data_from_OraclesElixir.csv,LCK,Summer,0,http://matchhistory.na.leagueoflegends.com/en/#match-details/ESPORTSTMNT06/300787?gameHash=1494764298481f14,2017,Regular Season
ESPORTSTMNT06/300911,2017_LoL_esports_match_data_from_OraclesElixir.csv,LCK,Summer,0,http://matchhistory.na.leagueoflegends.com/en/#match-details/ESPORTSTMNT06/300911?gameHash=f7a2a387a60faa59,2017,Regular Season
ESPORTSTMNT06/300943,2017_LoL_esports_match_data_from_OraclesElixir.csv,LCK,Summer,0,http://matchhistory.na.leagueoflegends.com/en/#match-details/ESPORTSTMNT06/300943?gameHash=c78e2974a1cd351f,2017,Regular Season
ESPORTSTMNT06/300947,2017_LoL_esports_match_data_from_OraclesElixir.csv,LCK,Summer,0,http://matchhistory.na.leagueoflegends.com/en/#match-details/ESPORTSTMNT06/300947?gameHash=d4500d2bade8d421,2017,Regular Season
ESPORTSTMNT06/300959,2017_LoL_esports_match_data_from_OraclesElixir.csv,LCK,Summer,0,http://matchhistory.na.leagueoflegends.com/en/#match-details/ESPORTSTMNT06/300959?gameHash=eae3bb1438c6c6fa,2017,Regular Season
ESPORTSTMNT06/300975,2017_LoL_esports_match_data_from_OraclesElixir.csv,LCK,Summer,0,http://matchhistory.na.leagueoflegends.com/en/#match-details/ESPORTSTMNT06/300975?gameHash=2e0bf3422b18ba4b,2017,Regular Season
ESPORTSTMNT06/301031,2017_LoL_esports_match_data_from_OraclesElixir.csv,LCK,Summer,0,http://matchhistory.na.leagueoflegends.com/en/#match-details/ESPORTSTMNT06/301031?gameHash=44f5533661638cb6,2017,Regular Season
ESPORTSTMNT06/301039,2017_LoL_esports_match_data_from_OraclesElixir.csv,LCK,Summer,0,http://matchhistory.na.leagueoflegends.com/en/#match-details/ESPORTSTMNT06/301039?gameHash=06a663ba4865ce5c,2017,Regular Season
ESPORTSTMNT06/301041,2017_LoL_esports_match_data_from_OraclesElixir.csv,LCK,Summer,0,http://matchhistory.na.leagueoflegends.com/en/#match-details/ESPORTSTMNT06/301041?gameHash=1278b3530146c2b0,2017,Regular Season
ESPORTSTMNT06/301044,2017_LoL_esports_match_data_from_OraclesElixir.csv,LCK,Summer,0,http://matchhistory.na.leagueoflegends.com/en/#match-details/ESPORTSTMNT06/301044?gameHash=f75ef5b629a886cf,2017,Regular Season
ESPORTSTMNT06/301056,2017_LoL_esports_match_data_from_OraclesElixir.csv,LCK,Summer,0,http://matchhistory.na.leagueoflegends.com/en/#match-details/ESPORTSTMNT06/301056?gameHash=f3693c9c8d258a67,2017,Regular Season
ESPORTSTMNT06/320036,2017_LoL_esports_match_data_from_OraclesElixir.csv,LCK,Summer,0,http://matchhistory.na.leagueoflegends.com/en/#match-details/ESPORTSTMNT06/320036?gameHash=5cba2dfa56b88456,2017,Regular Season
ESPORTSTMNT06/320046,2017_LoL_esports_match_data_from_OraclesElixir.csv,LCK,Summer,0,http://matchhistory.na.leagueoflegends.com/en/#match-details/ESPORTSTMNT06/320046?gameHash=0091705b03924485,2017,Regular Season
ESPORTSTMNT06/320047,2017_LoL_esports_match_data_from_OraclesElixir.csv,LCK,Summer,0,http://matchhistory.na.leagueoflegends.com/en/#match-details/ESPORTSTMNT06/320047?gameHash=888bb545cad140ed,2017,Regular Season
ESPORTSTMNT06/320051,2017_LoL_esports_match_data_from_OraclesElixir.csv,LCK,Summer,0,http://matchhistory.na.leagueoflegends.com/en/#match-details/ESPORTSTMNT06/320051?gameHash=296cd274ee4cdec2,2017,Regular Season
ESPORTSTMNT06/320062,2017_LoL_esports_match_data_from_OraclesElixir.csv,LCK,Summer,0,http://matchhistory.na.leagueoflegends.com/en/#match-details/ESPORTSTMNT06/320062?gameHash=f3041121e5e7f93a,2017,Regular Season
ESPORTSTMNT06/330110,2017_LoL_esports_match_data_from_OraclesElixir.csv,LCK,Summer,0,http://matchhistory.na.leagueoflegends.com/en/#match-details/ESPORTSTMNT06/330110?gameHash=d5ac8d7b10bd5bf5,2017,Regular Season
ESPORTSTMNT06/330112,2017_LoL_esports_match_data_from_OraclesElixir.csv,LCK,Summer,0,http://matchhistory.na.leagueoflegends.com/en/#match-details/ESPORTSTMNT06/330112?gameHash=fdd9abd5b944a3f4,2017,Regular Season
ESPORTSTMNT06/330115,2017_LoL_esports_match_data_from_OraclesElixir.csv,LCK,Summer,0,http://matchhistory.na.leagueoflegends.com/en/#match-details/ESPORTSTMNT06/330115?gameHash=eed4550dfed572f1,2017,Regular Season
ESPORTSTMNT06/330118,2017_LoL_esports_match_data_from_OraclesElixir.csv,LCK,Summer,0,http://matchhistory.na.leagueoflegends.com/en/#match-details/ESPORTSTMNT06/330118?gameHash=6f2471a1704057de,2017,Regular Season
ESPORTSTMNT06/330140,2017_LoL_esports_match_data_from_OraclesElixir.csv,LCK,Summer,0,http://matchhistory.na.leagueoflegends.com/en/#match-details/ESPORTSTMNT06/330140?gameHash=8f8ae4194ba2986a,2017,Regular Season
ESPORTSTMNT06/320173,2017_LoL_esports_match_data_from_OraclesElixir.csv,LCK,Summer,0,http://matchhistory.na.leagueoflegends.com/en/#match-details/ESPORTSTMNT06/320173?gameHash=c413bf5b9c1647f0,2017,Regular Season
ESPORTSTMNT06/320181,2017_LoL_esports_match_data_from_OraclesElixir.csv,LCK,Summer,0,http://matchhistory.na.leagueoflegends.com/en/#match-details/ESPORTSTMNT06/320181?gameHash=1030b907a0945005,2017,Regular Season
ESPORTSTMNT06/320200,2017_LoL_esports_match_data_from_OraclesElixir.csv,LCK,Summer,0,http://matchhistory.na.leagueoflegends.com/en/#match-details/ESPORTSTMNT06/320200?gameHash=f1b8580a14265090,2017,Regular Season
ESPORTSTMNT06/320214,2017_LoL_esports_match_data_from_OraclesElixir.csv,LCK,Summer,0,http://matchhistory.na.leagueoflegends.com/en/#match-details/ESPORTSTMNT06/320214?gameHash=f61dde16dbfa536e,2017,Regular Season
ESPORTSTMNT06/320219,2017_LoL_esports_match_data_from_OraclesElixir.csv,LCK,Summer,0,http://matchhistory.na.leagueoflegends.com/en/#match-details/ESPORTSTMNT06/320219?gameHash=4932a5f8bdd98ac8,2017,Regular Season
ESPORTSTMNT06/320256,2017_LoL_esports_match_data_from_OraclesElixir.csv,LCK,Summer,0,http://matchhistory.na.leagueoflegends.com/en/#match-details/ESPORTSTMNT06/320256?gameHash=4dcff4645f2f0ecd,2017,Regular Season
ESPORTSTMNT06/320274,2017_LoL_esports_match_data_from_OraclesElixir.csv,LCK,Summer,0,http://matchhistory.na.leagueoflegends.com/en/#match-details/ESPORTSTMNT06/320274?gameHash=20bb6e9714e14f86,2017,Regular Season
ESPORTSTMNT06/320291,2017_LoL_esports_match_data_from_OraclesElixir.csv,LCK,Summer,0,http://matchhistory.na.leagueoflegends.com/en/#match-details/ESPORTSTMNT06/320291?gameHash=929360df50c05592,2017,Regular Season
ESPORTSTMNT06/320295,2017_LoL_esports_match_data_from_OraclesElixir.csv,LCK,Summer,0,http://matchhistory.na.leagueoflegends.com/en/#match-details/ESPORTSTMNT06/320295?gameHash=12f20f600ca4e66d,2017,Regular Season
ESPORTSTMNT06/320322,2017_LoL_esports_match_data_from_OraclesElixir.csv,LCK,Summer,0,http://matchhistory.na.leagueoflegends.com/en/#match-details/ESPORTSTMNT06/320322?gameHash=b0b00d26ed7ad913,2017,Regular Season
ESPORTSTMNT06/330491,2017_LoL_esports_match_data_from_OraclesElixir.csv,LCK,Summer,0,http://matchhistory.na.leagueoflegends.com/en/#match-details/ESPORTSTMNT06/330491?gameHash=ecea67b044e45872,2017,Regular Season
ESPORTSTMNT06/330501,2017_LoL_esports_match_data_from_OraclesElixir.csv,LCK,Summer,0,http://matchhistory.na.leagueoflegends.com/en/#match-details/ESPORTSTMNT06/330501?gameHash=1fb8704402450e46,2017,Regular Season
ESPORTSTMNT06/330503,2017_LoL_esports_match_data_from_OraclesElixir.csv,LCK,Summer,0,http://matchhistory.na.leagueoflegends.com/en/#match-details/ESPORTSTMNT06/330503?gameHash=1199328d6e485029,2017,Regular Season
ESPORTSTMNT06/330506,2017_LoL_esports_match_data_from_OraclesElixir.csv,LCK,Summer,0,http://matchhistory.na.leagueoflegends.com/en/#match-details/ESPORTSTMNT06/330506?gameHash=1becb519d0fed530,2017,Regular Season
ESPORTSTMNT06/330516,2017_LoL_esports_match_data_from_OraclesElixir.csv,LCK,Summer,0,http://matchhistory.na.leagueoflegends.com/en/#match-details/ESPORTSTMNT06/330516?gameHash=094eccdd1adfad7b,2017,Regular Season
ESPORTSTMNT06/330629,2017_LoL_esports_match_data_from_OraclesElixir.csv,LCK,Summer,0,http://matchhistory.na.leagueoflegends.com/en/#match-details/ESPORTSTMNT06/330629?gameHash=75f08b622516bace,2017,Regular Season
ESPORTSTMNT06/330639,2017_LoL_esports_match_data_from_OraclesElixir.csv,LCK,Summer,0,http://matchhistory.na.leagueoflegends.com/en/#match-details/ESPORTSTMNT06/330639?gameHash=07151f373b65b34a,2017,Regular Season
ESPORTSTMNT06/330640,2017_LoL_esports_match_data_from_OraclesElixir.csv,LCK,Summer,0,http://matchhistory.na.leagueoflegends.com/en/#match-details/ESPORTSTMNT06/330640?gameHash=719b957797ec9839,2017,Regular Season
ESPORTSTMNT06/330651,2017_LoL_esports_match_data_from_OraclesElixir.csv,LCK,Summer,0,http://matchhistory.na.leagueoflegends.com/en/#match-details/ESPORTSTMNT06/330651?gameHash=3c60ace2e593baf2,2017,Regular Season
ESPORTSTMNT06/330653,2017_LoL_esports_match_data_from_OraclesElixir.csv,LCK,Summer,0,http://matchhistory.na.leagueoflegends.com/en/#match-details/ESPORTSTMNT06/330653?gameHash=a9808be7aca9e485,2017,Regular Season
ESPORTSTMNT06/330681,2017_LoL_esports_match_data_from_OraclesElixir.csv,LCK,Summer,0,http://matchhistory.na.leagueoflegends.com/en/#match-details/ESPORTSTMNT06/330681?gameHash=6b0f1cbbecfaf6e0,2017,Regular Season
ESPORTSTMNT06/330688,2017_LoL_esports_match_data_from_OraclesElixir.csv,LCK,Summer,0,http://matchhistory.na.leagueoflegends.com/en/#match-details/ESPORTSTMNT06/330688?gameHash=6c533af829b48c07,2017,Regular Season
ESPORTSTMNT06/330696,2017_LoL_esports_match_data_from_OraclesElixir.csv,LCK,Summer,0,http://matchhistory.na.leagueoflegends.com/en/#match-details/ESPORTSTMNT06/330696?gameHash=c6c53eb536e9eaee,2017,Regular Season
ESPORTSTMNT06/330708,2017_LoL_esports_match_data_from_OraclesElixir.csv,LCK,Summer,0,http://matchhistory.na.leagueoflegends.com/en/#match-details/ESPORTSTMNT06/330708?gameHash=4a9e7cd9fc03d5c5,2017,Regular Season
ESPORTSTMNT06/330717,2017_LoL_esports_match_data_from_OraclesElixir.csv,LCK,Summer,0,http://matchhistory.na.leagueoflegends.com/en/#match-details/ESPORTSTMNT06/330717?gameHash=948be2b8a283a45e,2017,Regular Season
ESPORTSTMNT06/330758,2017_LoL_esports_match_data_from_OraclesElixir.csv,LCK,Summer,0,http://matchhistory.na.leagueoflegends.com/en/#match-details/ESPORTSTMNT06/330758?gameHash=7d130f621e0b36e1,2017,Regular Season
ESPORTSTMNT06/330780,2017_LoL_esports_match_data_from_OraclesElixir.csv,LCK,Summer,0,http://matchhistory.na.leagueoflegends.com/en/#match-details/ESPORTSTMNT06/330780?gameHash=13fa5b42b4bc442b,2017,Regular Season
ESPORTSTMNT06/330792,2017_LoL_esports_match_data_from_OraclesElixir.csv,LCK,Summer,0,http://matchhistory.na.leagueoflegends.com/en/#match-details/ESPORTSTMNT06/330792?gameHash=6aa921a9ae732ebf,2017,Regular Season
ESPORTSTMNT06/330800,2017_LoL_esports_match_data_from_OraclesElixir.csv,LCK,Summer,0,http://matchhistory.na.leagueoflegends.com/en/#match-details/ESPORTSTMNT06/330800?gameHash=f4a81bcee7e172e2,2017,Regular Season
ESPORTSTMNT06/330829,2017_LoL_esports_match_data_from_OraclesElixir.csv,LCK,Summer,0,http://matchhistory.na.leagueoflegends.com/en/#match-details/ESPORTSTMNT06/330829?gameHash=70fa67b74f9c5c3c,2017,Regular Season
ESPORTSTMNT06/330835,2017_LoL_esports_match_data_from_OraclesElixir.csv,LCK,Summer,0,http://matchhistory.na.leagueoflegends.com/en/#match-details/ESPORTSTMNT06/330835?gameHash=7fbec8be2d02eb03,2017,Regular Season
ESPORTSTMNT06/330942,2017_LoL_esports_match_data_from_OraclesElixir.csv,LCK,Summer,0,http://matchhistory.na.leagueoflegends.com/en/#match-details/ESPORTSTMNT06/330942?gameHash=36f99dbc3ea1d745,2017,Regular Season
ESPORTSTMNT06/330962,2017_LoL_esports_match_data_from_OraclesElixir.csv,LCK,Summer,0,http://matchhistory.na.leagueoflegends.com/en/#match-details/ESPORTSTMNT06/330962?gameHash=51a990ba16308033,2017,Regular Season
ESPORTSTMNT06/330964,2017_LoL_esports_match_data_from_OraclesElixir.csv,LCK,Summer,0,http://matchhistory.na.leagueoflegends.com/en/#match-details/ESPORTSTMNT06/330964?gameHash=c936c698e3e50c5f,2017,Regular Season
ESPORTSTMNT06/330987,2017_LoL_esports_match_data_from_OraclesElixir.csv,LCK,Summer,0,http://matchhistory.na.leagueoflegends.com/en/#match-details/ESPORTSTMNT06/330987?gameHash=44542fe98e7992be,2017,Regular Season
ESPORTSTMNT06/331041,2017_LoL_esports_match_data_from_OraclesElixir.csv,LCK,Summer,0,http://matchhistory.na.leagueoflegends.com/en/#match-details/ESPORTSTMNT06/331041?gameHash=97ff21f29f9ed30f,2017,Regular Season
ESPORTSTMNT06/331046,2017_LoL_esports_match_data_from_OraclesElixir.csv,LCK,Summer,0,http://matchhistory.na.leagueoflegends.com/en/#match-details/ESPORTSTMNT06/331046?gameHash=815c21dc8d3bd329,2017,Regular Season
ESPORTSTMNT06/331047,2017_LoL_esports_match_data_from_OraclesElixir.csv,LCK,Summer,0,http://matchhistory.na.leagueoflegends.com/en/#match-details/ESPORTSTMNT06/331047?gameHash=791d21ada2d5f649,2017,Regular Season
ESPORTSTMNT06/331049,2017_LoL_esports_match_data_from_OraclesElixir.csv,LCK,Summer,0,http://matchhistory.na.leagueoflegends.com/en/#match-details/ESPORTSTMNT06/331049?gameHash=c12b995bc3659029,2017,Regular Season
ESPORTSTMNT06/331064,2017_LoL_esports_match_data_from_OraclesElixir.csv,LCK,Summer,0,http://matchhistory.na.leagueoflegends.com/en/#match-details/ESPORTSTMNT06/331064?gameHash=762df6e159c55a76,2017,Regular Season
ESPORTSTMNT06/340187,2017_LoL_esports_match_data_from_OraclesElixir.csv,LCK,Summer,1,http://matchhistory.na.leagueoflegends.com/en/#match-details/ESPORTSTMNT06/340187?gameHash=8a051c5f811cabe2,2017,Playoff
ESPORTSTMNT06/340193,2017_LoL_esports_match_data_from_OraclesElixir.csv,LCK,Summer,1,http://matchhistory.na.leagueoflegends.com/en/#match-details/ESPORTSTMNT06/340193?gameHash=cc2ccb43e592fd1b,2017,Playoff
ESPORTSTMNT06/350410,2017_LoL_esports_match_data_from_OraclesElixir.csv,LCK,Summer,1,http://matchhistory.na.leagueoflegends.com/en/#match-details/ESPORTSTMNT06/350410?gameHash=3e10321c7fbf6694,2017,Playoff
ESPORTSTMNT06/350445,2017_LoL_esports_match_data_from_OraclesElixir.csv,LCK,Summer,1,http://matchhistory.na.leagueoflegends.com/en/#match-details/ESPORTSTMNT06/350445?gameHash=a6d2f1679488671b,2017,Playoff
ESPORTSTMNT06/350449,2017_LoL_esports_match_data_from_OraclesElixir.csv,LCK,Summer,1,http://matchhistory.na.leagueoflegends.com/en/#match-details/ESPORTSTMNT06/350449?gameHash=6ee3f08d6d8c0b4a,2017,Playoff
ESPORTSTMNT06/340800,2017_LoL_esports_match_data_from_OraclesElixir.csv,LCK,Summer,1,http://matchhistory.na.leagueoflegends.com/en/#match-details/ESPORTSTMNT06/340800?gameHash=3be85a37716653c3,2017,Playoff
ESPORTSTMNT06/340832,2017_LoL_esports_match_data_from_OraclesElixir.csv,LCK,Summer,1,http://matchhistory.na.leagueoflegends.com/en/#match-details/ESPORTSTMNT06/340832?gameHash=38f7cffeb47564cf,2017,Playoff
ESPORTSTMNT06/340852,2017_LoL_esports_match_data_from_OraclesElixir.csv,LCK,Summer,1,http://matchhistory.na.leagueoflegends.com/en/#match-details/ESPORTSTMNT06/340852?gameHash=c0b23658eb695eb1,2017,Playoff
ESPORTSTMNT06/340860,2017_LoL_esports_match_data_from_OraclesElixir.csv,LCK,Summer,1,http://matchhistory.na.leagueoflegends.com/en/#match-details/ESPORTSTMNT06/340860?gameHash=98c01d343de4359d,2017,Playoff
ESPORTSTMNT06/340867,2017_LoL_esports_match_data_from_OraclesElixir.csv,LCK,Summer,1,http://matchhistory.na.leagueoflegends.com/en/#match-details/ESPORTSTMNT06/340867?gameHash=b47abc144bf9df5c,2017,Playoff
ESPORTSTMNT06/341202,2017_LoL_esports_match_data_from_OraclesElixir.csv,LCK,Summer,1,http://matchhistory.euw.leagueoflegends.com/en/#match-details/ESPORTSTMNT06/341202?gameHash=7e08241b059766d7,2017,Playoff
ESPORTSTMNT06/341204,2017_LoL_esports_match_data_from_OraclesElixir.csv,LCK,Summer,1,http://matchhistory.euw.leagueoflegends.com/en/#match-details/ESPORTSTMNT06/341204?gameHash=7149ba1eac026c71,2017,Playoff
ESPORTSTMNT06/341210,2017_LoL_esports_match_data_from_OraclesElixir.csv,LCK,Summer,1,http://matchhistory.euw.leagueoflegends.com/en/#match-details/ESPORTSTMNT06/341210?gameHash=a4d2422c8da97a91,2017,Playoff
ESPORTSTMNT06/351146,2017_LoL_esports_match_data_from_OraclesElixir.csv,LCK,Summer,1,http://matchhistory.euw.leagueoflegends.com/en/#match-details/ESPORTSTMNT06/351146?gameHash=fcd2dc86969dd034,2017,Playoff
ESPORTSTMNT06/351229,2017_LoL_esports_match_data_from_OraclesElixir.csv,LCK,,0,http://matchhistory.na.leagueoflegends.com/en/#match-details/ESPORTSTMNT06/351229?gameHash=ce75e43e13ef372c,2017,Regional Qualifier
ESPORTSTMNT06/351239,2017_LoL_esports_match_data_from_OraclesElixir.csv,LCK,,0,http://matchhistory.na.leagueoflegends.com/en/#match-details/ESPORTSTMNT06/351239?gameHash=e1eda5824a83117f,2017,Regional Qualifier
ESPORTSTMNT06/351241,2017_LoL_esports_match_data_from_OraclesElixir.csv,LCK,,0,http://matchhistory.na.leagueoflegends.com/en/#match-details/ESPORTSTMNT06/351241?gameHash=e0d50b7c250a3915,2017,Regional Qualifier
ESPORTSTMNT06/351246,2017_LoL_esports_match_data_from_OraclesElixir.csv,LCK,,0,http://matchhistory.na.leagueoflegends.com/en/#match-details/ESPORTSTMNT06/351246?gameHash=677425a360a4ba44,2017,Regional Qualifier
ESPORTSTMNT06/351250,2017_LoL_esports_match_data_from_OraclesElixir.csv,LCK,,0,http://matchhistory.na.leagueoflegends.com/en/#match-details/ESPORTSTMNT06/351250?gameHash=8b1b9fb13418aae8,2017,Regional Qualifier
ESPORTSTMNT06/351303,2017_LoL_esports_match_data_from_OraclesElixir.csv,LCK,,0,http://matchhistory.euw.leagueoflegends.com/en/#match-details/ESPORTSTMNT06/351303?gameHash=a2a8f97d3e4edf73,2017,Regional Qualifier
ESPORTSTMNT06/351313,2017_LoL_esports_match_data_from_OraclesElixir.csv,LCK,,0,http://matchhistory.euw.leagueoflegends.com/en/#match-details/ESPORTSTMNT06/351313?gameHash=aee867e454cde036,2017,Regional Qualifier
ESPORTSTMNT06/351314,2017_LoL_esports_match_data_from_OraclesElixir.csv,LCK,,0,http://matchhistory.euw.leagueoflegends.com/en/#match-details/ESPORTSTMNT06/351314?gameHash=f16099f944a9972b,2017,Regional Qualifier
ESPORTSTMNT06/351315,2017_LoL_esports_match_data_from_OraclesElixir.csv,LCK,,0,http://matchhistory.euw.leagueoflegends.com/en/#match-details/ESPORTSTMNT06/351315?gameHash=654beca9ec27c1cd,2017,Regional Qualifier
ESPORTSTMNT06/351317,2017_LoL_esports_match_data_from_OraclesElixir.csv,LCK,,0,http://matchhistory.euw.leagueoflegends.com/en/#match-details/ESPORTSTMNT06/351317?gameHash=354cc635bc72e98b,2017,Regional Qualifier
ESPORTSTMNT06/351394,2017_LoL_esports_match_data_from_OraclesElixir.csv,LCK,,0,http://matchhistory.na.leagueoflegends.com/en/#match-details/ESPORTSTMNT06/351394?gameHash=51e9536be772dc5c,2017,Regional Qualifier
ESPORTSTMNT06/351409,2017_LoL_esports_match_data_from_OraclesElixir.csv,LCK,,0,http://matchhistory.na.leagueoflegends.com/en/#match-details/ESPORTSTMNT06/351409?gameHash=506cf365302ce526,2017,Regional Qualifier
ESPORTSTMNT06/351410,2017_LoL_esports_match_data_from_OraclesElixir.csv,LCK,,0,http://matchhistory.na.leagueoflegends.com/en/#match-details/ESPORTSTMNT06/351410?gameHash=b372e960549d5a6f,2017,Regional Qualifier
ESPORTSTMNT06/370224,2017_LoL_esports_match_data_from_OraclesElixir.csv,LCK,Spring,0,http://matchhistory.euw.leagueoflegends.com/en/#match-details/ESPORTSTMNT06/370224?gameHash=45bc5ed3e0ef3fc1,2017,Promotion
ESPORTSTMNT06/370225,2017_LoL_esports_match_data_from_OraclesElixir.csv,LCK,Spring,0,http://matchhistory.euw.leagueoflegends.com/en/#match-details/ESPORTSTMNT06/370225?gameHash=60a9481c210dab2e,2017,Promotion
ESPORTSTMNT06/360259,2017_LoL_esports_match_data_from_OraclesElixir.csv,LCK,Spring,0,http://matchhistory.euw.leagueoflegends.com/en/#match-details/ESPORTSTMNT06/360259?gameHash=c13d30761d81f8e7,2017,Promotion
ESPORTSTMNT06/360260,2017_LoL_esports_match_data_from_OraclesElixir.csv,LCK,Spring,0,http://matchhistory.euw.leagueoflegends.com/en/#match-details/ESPORTSTMNT06/360260?gameHash=a425edaa7b32f0fc,2017,Promotion
ESPORTSTMNT06/360270,2017_LoL_esports_match_data_from_OraclesElixir.csv,LCK,Spring,0,http://matchhistory.euw.leagueoflegends.com/en/#match-details/ESPORTSTMNT06/360270?gameHash=40d3324ee1bebdcc,2017,Promotion
ESPORTSTMNT06/360271,2017_LoL_esports_match_data_from_OraclesElixir.csv,LCK,Spring,0,http://matchhistory.euw.leagueoflegends.com/en/#match-details/ESPORTSTMNT06/360271?gameHash=a81ddee97fbf238c,2017,Promotion
ESPORTSTMNT06/360272,2017_LoL_esports_match_data_from_OraclesElixir.csv,LCK,Spring,0,http://matchhistory.euw.leagueoflegends.com/en/#match-details/ESPORTSTMNT06/360272?gameHash=c4dec0d9586ca466,2017,Promotion
ESPORTSTMNT06/360275,2017_LoL_esports_match_data_from_OraclesElixir.csv,LCK,Spring,0,http://matchhistory.euw.leagueoflegends.com/en/#match-details/ESPORTSTMNT06/360275?gameHash=2f0253f03dd877be,2017,Promotion
ESPORTSTMNT06/360276,2017_LoL_esports_match_data_from_OraclesElixir.csv,LCK,Spring,0,http://matchhistory.euw.leagueoflegends.com/en/#match-details/ESPORTSTMNT06/360276?gameHash=fbf1dff74a31267d,2017,Promotion
ESPORTSTMNT06/370285,2017_LoL_esports_match_data_from_OraclesElixir.csv,LCK,Spring,0,http://matchhistory.euw.leagueoflegends.com/en/#match-details/ESPORTSTMNT06/370285?gameHash=2f26a2d6407741c9,2017,Promotion
ESPORTSTMNT06/370286,2017_LoL_esports_match_data_from_OraclesElixir.csv,LCK,Spring,0,http://matchhistory.euw.leagueoflegends.com/en/#match-details/ESPORTSTMNT06/370286?gameHash=50b499a6f2cd580c,2017,Promotion
ESPORTSTMNT06/370287,2017_LoL_esports_match_data_from_OraclesElixir.csv,LCK,Spring,0,http://matchhistory.euw.leagueoflegends.com/en/#match-details/ESPORTSTMNT06/370287?gameHash=4fe92e6d2873a6cf,2017,Promotion
ESPORTSTMNT06/370288,2017_LoL_esports_match_data_from_OraclesElixir.csv,LCK,Spring,0,http://matchhistory.euw.leagueoflegends.com/en/#match-details/ESPORTSTMNT06/370288?gameHash=f47bd2c9aa69e647,2017,Promotion
ESPORTSTMNT06/360384,2017_LoL_esports_match_data_from_OraclesElixir.csv,LCK,Spring,0,http://matchhistory.euw.leagueoflegends.com/en/#match-details/ESPORTSTMNT06/360384?gameHash=a28e1fc4f457b63f,2017,Promotion
ESPORTSTMNT06/360385,2017_LoL_esports_match_data_from_OraclesElixir.csv,LCK,Spring,0,http://matchhistory.euw.leagueoflegends.com/en/#match-details/ESPORTSTMNT06/360385?gameHash=17a4a3c5970d3f47,2017,Promotion
ESPORTSTMNT06/360387,2017_LoL_esports_match_data_from_OraclesElixir.csv,LCK,Spring,0,http://matchhistory.euw.leagueoflegends.com/en/#match-details/ESPORTSTMNT06/360387?gameHash=91f1982dbe52a5fd,2017,Promotion
ESPORTSTMNT06/550246,2018_LoL_esports_match_data_from_OraclesElixir.csv,LCK,Spring,0,https://matchhistory.na.leagueoflegends.com/en/#match-details/ESPORTSTMNT06/550246?gameHash=a7918e3f4936213b,2018,Regular Season
ESPORTSTMNT06/550247,2018_LoL_esports_match_data_from_OraclesElixir.csv,LCK,Spring,0,https://matchhistory.na.leagueoflegends.com/en/#match-details/ESPORTSTMNT06/550247?gameHash=e8da58c50577df24,2018,Regular Season
ESPORTSTMNT06/550268,2018_LoL_esports_match_data_from_OraclesElixir.csv,LCK,Spring,0,https://matchhistory.na.leagueoflegends.com/en/#match-details/ESPORTSTMNT06/550268?gameHash=65c74d7a2f6d5a32,2018,Regular Season
ESPORTSTMNT06/550275,2018_LoL_esports_match_data_from_OraclesElixir.csv,LCK,Spring,0,https://matchhistory.na.leagueoflegends.com/en/#match-details/ESPORTSTMNT06/550275?gameHash=fbf814c8e802e64f,2018,Regular Season
ESPORTSTMNT06/550331,2018_LoL_esports_match_data_from_OraclesElixir.csv,LCK,Spring,0,https://matchhistory.na.leagueoflegends.com/en/#match-details/ESPORTSTMNT06/550331?gameHash=e3e9539ecaa3c32c,2018,Regular Season
ESPORTSTMNT06/550351,2018_LoL_esports_match_data_from_OraclesElixir.csv,LCK,Spring,0,https://matchhistory.na.leagueoflegends.com/en/#match-details/ESPORTSTMNT06/550351?gameHash=dd9a8dfd6091a220,2018,Regular Season
ESPORTSTMNT06/550356,2018_LoL_esports_match_data_from_OraclesElixir.csv,LCK,Spring,0,https://matchhistory.na.leagueoflegends.com/en/#match-details/ESPORTSTMNT06/550356?gameHash=359805cb9574ce85,2018,Regular Season
ESPORTSTMNT06/550360,2018_LoL_esports_match_data_from_OraclesElixir.csv,LCK,Spring,0,https://matchhistory.na.leagueoflegends.com/en/#match-details/ESPORTSTMNT06/550360?gameHash=24cef48592dd2016,2018,Regular Season
ESPORTSTMNT06/550369,2018_LoL_esports_match_data_from_OraclesElixir.csv,LCK,Spring,0,https://matchhistory.na.leagueoflegends.com/en/#match-details/ESPORTSTMNT06/550369?gameHash=1bad000c0889c63d,2018,Regular Season
ESPORTSTMNT06/550374,2018_LoL_esports_match_data_from_OraclesElixir.csv,LCK,Spring,0,https://matchhistory.na.leagueoflegends.com/en/#match-details/ESPORTSTMNT06/550374?gameHash=4585c023de31185b,2018,Regular Season
ESPORTSTMNT06/550425,2018_LoL_esports_match_data_from_OraclesElixir.csv,LCK,Spring,0,https://matchhistory.na.leagueoflegends.com/en/#match-details/ESPORTSTMNT06/550425?gameHash=7bc371017401471f,2018,Regular Season
ESPORTSTMNT06/550432,2018_LoL_esports_match_data_from_OraclesElixir.csv,LCK,Spring,0,https://matchhistory.na.leagueoflegends.com/en/#match-details/ESPORTSTMNT06/550432?gameHash=13e1138845beb11c,2018,Regular Season
ESPORTSTMNT06/550433,2018_LoL_esports_match_data_from_OraclesElixir.csv,LCK,Spring,0,https://matchhistory.na.leagueoflegends.com/en/#match-details/ESPORTSTMNT06/550433?gameHash=b3099bf7d96a0893,2018,Regular Season
ESPORTSTMNT06/550441,2018_LoL_esports_match_data_from_OraclesElixir.csv,LCK,Spring,0,https://matchhistory.na.leagueoflegends.com/en/#match-details/ESPORTSTMNT06/550441?gameHash=281e68650625c77d,2018,Regular Season
ESPORTSTMNT06/550454,2018_LoL_esports_match_data_from_OraclesElixir.csv,LCK,Spring,0,https://matchhistory.na.leagueoflegends.com/en/#match-details/ESPORTSTMNT06/550454?gameHash=120598c2f93383a8,2018,Regular Season
ESPORTSTMNT06/550585,2018_LoL_esports_match_data_from_OraclesElixir.csv,LCK,Spring,0,http://matchhistory.na.leagueoflegends.com/en/#match-details/ESPORTSTMNT06/550585?gameHash=be0d08f27b0d7611,2018,Regular Season
ESPORTSTMNT06/550590,2018_LoL_esports_match_data_from_OraclesElixir.csv,LCK,Spring,0,http://matchhistory.na.leagueoflegends.com/en/#match-details/ESPORTSTMNT06/550590?gameHash=e71dff22cf4f4333,2018,Regular Season
ESPORTSTMNT06/550592,2018_LoL_esports_match_data_from_OraclesElixir.csv,LCK,Spring,0,http://matchhistory.na.leagueoflegends.com/en/#match-details/ESPORTSTMNT06/550592?gameHash=de1439524c599131,2018,Regular Season
ESPORTSTMNT06/550608,2018_LoL_esports_match_data_from_OraclesElixir.csv,LCK,Spring,0,http://matchhistory.na.leagueoflegends.com/en/#match-details/ESPORTSTMNT06/550608?gameHash=c7ef2f0afb99c4cd,2018,Regular Season
ESPORTSTMNT06/540592,2018_LoL_esports_match_data_from_OraclesElixir.csv,LCK,Spring,0,http://matchhistory.na.leagueoflegends.com/en/#match-details/ESPORTSTMNT06/540592?gameHash=6e90f14927083f6a,2018,Regular Season
ESPORTSTMNT06/550765,2018_LoL_esports_match_data_from_OraclesElixir.csv,LCK,Spring,0,https://matchhistory.na.leagueoflegends.com/en/#match-details/ESPORTSTMNT06/550765?gameHash=924b3f94daf2db95,2018,Regular Season
ESPORTSTMNT06/550768,2018_LoL_esports_match_data_from_OraclesElixir.csv,LCK,Spring,0,https://matchhistory.na.leagueoflegends.com/en/#match-details/ESPORTSTMNT06/550768?gameHash=ad0339bf055a5859,2018,Regular Season
ESPORTSTMNT06/550789,2018_LoL_esports_match_data_from_OraclesElixir.csv,LCK,Spring,0,https://matchhistory.na.leagueoflegends.com/en/#match-details/ESPORTSTMNT06/550789?gameHash=eaf17fd31e889bc3,2018,Regular Season
ESPORTSTMNT06/550791,2018_LoL_esports_match_data_from_OraclesElixir.csv,LCK,Spring,0,https://matchhistory.na.leagueoflegends.com/en/#match-details/ESPORTSTMNT06/550791?gameHash=7eb4093ebfac1a90,2018,Regular Season
ESPORTSTMNT06/540826,2018_LoL_esports_match_data_from_OraclesElixir.csv,LCK,Spring,0,https://matchhistory.na.leagueoflegends.com/en/#match-details/ESPORTSTMNT06/540826?gameHash=a1cf8798c32e851a,2018,Regular Season
ESPORTSTMNT06/540842,2018_LoL_esports_match_data_from_OraclesElixir.csv,LCK,Spring,0,https://matchhistory.na.leagueoflegends.com/en/#match-details/ESPORTSTMNT06/540842?gameHash=c2070d1998d38f17,2018,Regular Season
ESPORTSTMNT06/540851,2018_LoL_esports_match_data_from_OraclesElixir.csv,LCK,Spring,0,https://matchhistory.na.leagueoflegends.com/en/#match-details/ESPORTSTMNT06/540851?gameHash=0268c88c6dadbe47,2018,Regular Season
ESPORTSTMNT06/540853,2018_LoL_esports_match_data_from_OraclesElixir.csv,LCK,Spring,0,https://matchhistory.na.leagueoflegends.com/en/#match-details/ESPORTSTMNT06/540853?gameHash=3125fd4c4f7124ed,2018,Regular Season
ESPORTSTMNT06/540885,2018_LoL_esports_match_data_from_OraclesElixir.csv,LCK,Spring,0,https://matchhistory.na.leagueoflegends.com/en/#match-details/ESPORTSTMNT06/540885?gameHash=24216cb12c2f22e7,2018,Regular Season
ESPORTSTMNT06/540892,2018_LoL_esports_match_data_from_OraclesElixir.csv,LCK,Spring,0,https://matchhistory.na.leagueoflegends.com/en/#match-details/ESPORTSTMNT06/540892?gameHash=ae1050af224bc9c6,2018,Regular Season
ESPORTSTMNT06/550936,2018_LoL_esports_match_data_from_OraclesElixir.csv,LCK,Spring,0,https://matchhistory.na.leagueoflegends.com/en/#match-details/ESPORTSTMNT06/550936?gameHash=f08d3a917daf0155,2018,Regular Season
ESPORTSTMNT06/550946,2018_LoL_esports_match_data_from_OraclesElixir.csv,LCK,Spring,0,https://matchhistory.na.leagueoflegends.com/en/#match-details/ESPORTSTMNT06/550946?gameHash=ee22301b8644edfe,2018,Regular Season
ESPORTSTMNT06/550950,2018_LoL_esports_match_data_from_OraclesElixir.csv,LCK,Spring,0,https://matchhistory.na.leagueoflegends.com/en/#match-details/ESPORTSTMNT06/550950?gameHash=85d1201fb64ecde5,2018,Regular Season
ESPORTSTMNT06/550954,2018_LoL_esports_match_data_from_OraclesElixir.csv,LCK,Spring,0,https://matchhistory.na.leagueoflegends.com/en/#match-details/ESPORTSTMNT06/550954?gameHash=57010e60a533e065,2018,Regular Season
ESPORTSTMNT06/550969,2018_LoL_esports_match_data_from_OraclesElixir.csv,LCK,Spring,0,https://matchhistory.na.leagueoflegends.com/en/#match-details/ESPORTSTMNT06/550969?gameHash=d19ea6e7c266439a,2018,Regular Season
ESPORTSTMNT06/550970,2018_LoL_esports_match_data_from_OraclesElixir.csv,LCK,Spring,0,https://matchhistory.na.leagueoflegends.com/en/#match-details/ESPORTSTMNT06/550970?gameHash=1f81412942c48dcf,2018,Regular Season
ESPORTSTMNT06/551027,2018_LoL_esports_match_data_from_OraclesElixir.csv,LCK,Spring,0,https://matchhistory.euw.leagueoflegends.com/en/#match-details/ESPORTSTMNT06/551027?gameHash=2596634c7e953d03,2018,Regular Season
ESPORTSTMNT06/551040,2018_LoL_esports_match_data_from_OraclesElixir.csv,LCK,Spring,0,https://matchhistory.euw.leagueoflegends.com/en/#match-details/ESPORTSTMNT06/551040?gameHash=aba82d5135e094ec,2018,Regular Season
ESPORTSTMNT06/551065,2018_LoL_esports_match_data_from_OraclesElixir.csv,LCK,Spring,0,https://matchhistory.euw.leagueoflegends.com/en/#match-details/ESPORTSTMNT06/551065?gameHash=072e23009552496a,2018,Regular Season
ESPORTSTMNT06/551074,2018_LoL_esports_match_data_from_OraclesElixir.csv,LCK,Spring,0,https://matchhistory.euw.leagueoflegends.com/en/#match-details/ESPORTSTMNT06/551074?gameHash=4469644c6c145c57,2018,Regular Season
ESPORTSTMNT06/551082,2018_LoL_esports_match_data_from_OraclesElixir.csv,LCK,Spring,0,https://matchhistory.euw.leagueoflegends.com/en/#match-details/ESPORTSTMNT06/551082?gameHash=bee2de64588c185d,2018,Regular Season
ESPORTSTMNT06/551120,2018_LoL_esports_match_data_from_OraclesElixir.csv,LCK,Spring,0,https://matchhistory.na.leagueoflegends.com/en/#match-details/ESPORTSTMNT06/551120?gameHash=8fa2faacab8b4777,2018,Regular Season
ESPORTSTMNT06/551124,2018_LoL_esports_match_data_from_OraclesElixir.csv,LCK,Spring,0,https://matchhistory.na.leagueoflegends.com/en/#match-details/ESPORTSTMNT06/551124?gameHash=4dc60bdb4bc3eca7,2018,Regular Season
ESPORTSTMNT06/551140,2018_LoL_esports_match_data_from_OraclesElixir.csv,LCK,Spring,0,https://matchhistory.na.leagueoflegends.com/en/#match-details/ESPORTSTMNT06/551140?gameHash=45f2963ece2b12ff,2018,Regular Season
ESPORTSTMNT06/551155,2018_LoL_esports_match_data_from_OraclesElixir.csv,LCK,Spring,0,https://matchhistory.na.leagueoflegends.com/en/#match-details/ESPORTSTMNT06/551155?gameHash=7be6b9b9aebe2307,2018,Regular Season
ESPORTSTMNT06/551204,2018_LoL_esports_match_data_from_OraclesElixir.csv,LCK,Spring,0,https://matchhistory.na.leagueoflegends.com/en/#match-details/ESPORTSTMNT06/551204?gameHash=5723cd4ec98b86cc,2018,Regular Season
ESPORTSTMNT06/551206,2018_LoL_esports_match_data_from_OraclesElixir.csv,LCK,Spring,0,https://matchhistory.na.leagueoflegends.com/en/#match-details/ESPORTSTMNT06/551206?gameHash=8b854163f135ceff,2018,Regular Season
ESPORTSTMNT06/551227,2018_LoL_esports_match_data_from_OraclesElixir.csv,LCK,Spring,0,https://matchhistory.na.leagueoflegends.com/en/#match-details/ESPORTSTMNT06/551227?gameHash=f3cf4f1108fa3efd,2018,Regular Season
ESPORTSTMNT06/551239,2018_LoL_esports_match_data_from_OraclesElixir.csv,LCK,Spring,0,https://matchhistory.na.leagueoflegends.com/en/#match-details/ESPORTSTMNT06/551239?gameHash=0ed366b2ceaa444c,2018,Regular Season
ESPORTSTMNT06/541301,2018_LoL_esports_match_data_from_OraclesElixir.csv,LCK,Spring,0,https://matchhistory.na.leagueoflegends.com/en/#match-details/ESPORTSTMNT06/541301?gameHash=42d2e7a84c187b30,2018,Regular Season
ESPORTSTMNT06/541307,2018_LoL_esports_match_data_from_OraclesElixir.csv,LCK,Spring,0,https://matchhistory.na.leagueoflegends.com/en/#match-details/ESPORTSTMNT06/541307?gameHash=e2a8743c22960e47,2018,Regular Season
ESPORTSTMNT06/541332,2018_LoL_esports_match_data_from_OraclesElixir.csv,LCK,Spring,0,https://matchhistory.na.leagueoflegends.com/en/#match-details/ESPORTSTMNT06/541332?gameHash=446bc1b4dc5be070,2018,Regular Season
ESPORTSTMNT06/541346,2018_LoL_esports_match_data_from_OraclesElixir.csv,LCK,Spring,0,https://matchhistory.na.leagueoflegends.com/en/#match-details/ESPORTSTMNT06/541346?gameHash=c421a0d2fd0afc67,2018,Regular Season
ESPORTSTMNT06/541396,2018_LoL_esports_match_data_from_OraclesElixir.csv,LCK,Spring,0,https://matchhistory.na.leagueoflegends.com/en/#match-details/ESPORTSTMNT06/541396?gameHash=a5468cd5c58af808,2018,Regular Season
ESPORTSTMNT06/541425,2018_LoL_esports_match_data_from_OraclesElixir.csv,LCK,Spring,0,https://matchhistory.na.leagueoflegends.com/en/#match-details/ESPORTSTMNT06/541425?gameHash=4684f4997961d344,2018,Regular Season
ESPORTSTMNT06/541432,2018_LoL_esports_match_data_from_OraclesElixir.csv,LCK,Spring,0,https://matchhistory.na.leagueoflegends.com/en/#match-details/ESPORTSTMNT06/541432?gameHash=55d5ac10618eab29,2018,Regular Season
ESPORTSTMNT06/541445,2018_LoL_esports_match_data_from_OraclesElixir.csv,LCK,Spring,0,https://matchhistory.na.leagueoflegends.com/en/#match-details/ESPORTSTMNT06/541445?gameHash=6ae30d54c1afaa8e,2018,Regular Season
ESPORTSTMNT06/551553,2018_LoL_esports_match_data_from_OraclesElixir.csv,LCK,Spring,0,https://matchhistory.na.leagueoflegends.com/en/#match-details/ESPORTSTMNT06/551553?gameHash=a116e1a99515e699,2018,Regular Season
ESPORTSTMNT06/551568,2018_LoL_esports_match_data_from_OraclesElixir.csv,LCK,Spring,0,https://matchhistory.na.leagueoflegends.com/en/#match-details/ESPORTSTMNT06/551568?gameHash=91b7dc7ba6474da0,2018,Regular Season
ESPORTSTMNT06/551575,2018_LoL_esports_match_data_from_OraclesElixir.csv,LCK,Spring,0,https://matchhistory.na.leagueoflegends.com/en/#match-details/ESPORTSTMNT06/551575?gameHash=26f865c4d71fa292,2018,Regular Season
ESPORTSTMNT06/551601,2018_LoL_esports_match_data_from_OraclesElixir.csv,LCK,Spring,0,https://matchhistory.na.leagueoflegends.com/en/#match-details/ESPORTSTMNT06/551601?gameHash=c479bca0a425d0bf,2018,Regular Season
ESPORTSTMNT06/551605,2018_LoL_esports_match_data_from_OraclesElixir.csv,LCK,Spring,0,https://matchhistory.na.leagueoflegends.com/en/#match-details/ESPORTSTMNT06/551605?gameHash=2e064566e99c9303,2018,Regular Season
ESPORTSTMNT06/551709,2018_LoL_esports_match_data_from_OraclesElixir.csv,LCK,Spring,0,https://matchhistory.na.leagueoflegends.com/en/#match-details/ESPORTSTMNT06/551709?gameHash=c9edc20ee1377ae7,2018,Regular Season
ESPORTSTMNT06/551729,2018_LoL_esports_match_data_from_OraclesElixir.csv,LCK,Spring,0,https://matchhistory.na.leagueoflegends.com/en/#match-details/ESPORTSTMNT06/551729?gameHash=d6fa747defd11c26,2018,Regular Season
ESPORTSTMNT06/551744,2018_LoL_esports_match_data_from_OraclesElixir.csv,LCK,Spring,0,https://matchhistory.na.leagueoflegends.com/en/#match-details/ESPORTSTMNT06/551744?gameHash=efba460a53201e81,2018,Regular Season
ESPORTSTMNT06/551756,2018_LoL_esports_match_data_from_OraclesElixir.csv,LCK,Spring,0,https://matchhistory.na.leagueoflegends.com/en/#match-details/ESPORTSTMNT06/551756?gameHash=a9edda8e06e4ec5d,2018,Regular Season
ESPORTSTMNT06/551761,2018_LoL_esports_match_data_from_OraclesElixir.csv,LCK,Spring,0,https://matchhistory.na.leagueoflegends.com/en/#match-details/ESPORTSTMNT06/551761?gameHash=1d77dfc8c1283e73,2018,Regular Season
ESPORTSTMNT06/551840,2018_LoL_esports_match_data_from_OraclesElixir.csv,LCK,Spring,0,https://matchhistory.na.leagueoflegends.com/en/#match-details/ESPORTSTMNT06/551840?gameHash=c1ffbfa38d4c6628,2018,Regular Season
ESPORTSTMNT06/551846,2018_LoL_esports_match_data_from_OraclesElixir.csv,LCK,Spring,0,https://matchhistory.na.leagueoflegends.com/en/#match-details/ESPORTSTMNT06/551846?gameHash=302772818eb0cf62,2018,Regular Season
ESPORTSTMNT06/551848,2018_LoL_esports_match_data_from_OraclesElixir.csv,LCK,Spring,0,https://matchhistory.na.leagueoflegends.com/en/#match-details/ESPORTSTMNT06/551848?gameHash=3ecd9347a558218b,2018,Regular Season
ESPORTSTMNT06/551862,2018_LoL_esports_match_data_from_OraclesElixir.csv,LCK,Spring,0,https://matchhistory.na.leagueoflegends.com/en/#match-details/ESPORTSTMNT06/551862?gameHash=2aa0ef97d93e14d1,2018,Regular Season
ESPORTSTMNT06/551868,2018_LoL_esports_match_data_from_OraclesElixir.csv,LCK,Spring,0,https://matchhistory.na.leagueoflegends.com/en/#match-details/ESPORTSTMNT06/551868?gameHash=e64fb32d3ebf0b9b,2018,Regular Season
ESPORTSTMNT06/570109,2018_LoL_esports_match_data_from_OraclesElixir.csv,LCK,Spring,0,https://matchhistory.na.leagueoflegends.com/en/#match-details/ESPORTSTMNT06/570109?gameHash=b1c06359ffb35b8d,2018,Regular Season
ESPORTSTMNT06/570113,2018_LoL_esports_match_data_from_OraclesElixir.csv,LCK,Spring,0,https://matchhistory.na.leagueoflegends.com/en/#match-details/ESPORTSTMNT06/570113?gameHash=975f03a75f0fc688,2018,Regular Season
ESPORTSTMNT06/560111,2018_LoL_esports_match_data_from_OraclesElixir.csv,LCK,Spring,0,https://matchhistory.na.leagueoflegends.com/en/#match-details/ESPORTSTMNT06/560111?gameHash=9406f7fbdbc43808,2018,Regular Season
ESPORTSTMNT06/570136,2018_LoL_esports_match_data_from_OraclesElixir.csv,LCK,Spring,0,https://matchhistory.na.leagueoflegends.com/en/#match-details/ESPORTSTMNT06/570136?gameHash=77726968934d2b11,2018,Regular Season
ESPORTSTMNT06/570141,2018_LoL_esports_match_data_from_OraclesElixir.csv,LCK,Spring,0,https://matchhistory.na.leagueoflegends.com/en/#match-details/ESPORTSTMNT06/570141?gameHash=abf6a9d95635b60c,2018,Regular Season
ESPORTSTMNT06/560214,2018_LoL_esports_match_data_from_OraclesElixir.csv,LCK,Spring,0,https://matchhistory.na.leagueoflegends.com/en/#match-details/ESPORTSTMNT06/560214?gameHash=c8dd066d445f353d,2018,Regular Season
ESPORTSTMNT06/560226,2018_LoL_esports_match_data_from_OraclesElixir.csv,LCK,Spring,0,https://matchhistory.na.leagueoflegends.com/en/#match-details/ESPORTSTMNT06/560226?gameHash=b43d2153237c15f0,2018,Regular Season
ESPORTSTMNT06/560232,2018_LoL_esports_match_data_from_OraclesElixir.csv,LCK,Spring,0,https://matchhistory.na.leagueoflegends.com/en/#match-details/ESPORTSTMNT06/560232?gameHash=d6f38c7c4910abef,2018,Regular Season
ESPORTSTMNT06/560235,2018_LoL_esports_match_data_from_OraclesElixir.csv,LCK,Spring,0,https://matchhistory.na.leagueoflegends.com/en/#match-details/ESPORTSTMNT06/560235?gameHash=ed0d3f4e46807366,2018,Regular Season
ESPORTSTMNT06/560249,2018_LoL_esports_match_data_from_OraclesElixir.csv,LCK,Spring,0,https://matchhistory.na.leagueoflegends.com/en/#match-details/ESPORTSTMNT06/560249?gameHash=2816d64624571c9d,2018,Regular Season
ESPORTSTMNT06/560305,2018_LoL_esports_match_data_from_OraclesElixir.csv,LCK,Spring,0,https://matchhistory.na.leagueoflegends.com/en/#match-details/ESPORTSTMNT06/560305?gameHash=d0da4e7107664184,2018,Regular Season
ESPORTSTMNT06/560318,2018_LoL_esports_match_data_from_OraclesElixir.csv,LCK,Spring,0,https://matchhistory.na.leagueoflegends.com/en/#match-details/ESPORTSTMNT06/560318?gameHash=f0073358d5980218,2018,Regular Season
ESPORTSTMNT06/560329,2018_LoL_esports_match_data_from_OraclesElixir.csv,LCK,Spring,0,https://matchhistory.na.leagueoflegends.com/en/#match-details/ESPORTSTMNT06/560329?gameHash=e6a944f6760f15e0,2018,Regular Season
ESPORTSTMNT06/560343,2018_LoL_esports_match_data_from_OraclesElixir.csv,LCK,Spring,0,https://matchhistory.na.leagueoflegends.com/en/#match-details/ESPORTSTMNT06/560343?gameHash=e52b137ca5f47bb9,2018,Regular Season
ESPORTSTMNT06/560345,2018_LoL_esports_match_data_from_OraclesElixir.csv,LCK,Spring,0,https://matchhistory.na.leagueoflegends.com/en/#match-details/ESPORTSTMNT06/560345?gameHash=fa86640708dd6fc8,2018,Regular Season
ESPORTSTMNT06/560509,2018_LoL_esports_match_data_from_OraclesElixir.csv,LCK,Spring,0,https://matchhistory.na.leagueoflegends.com/en/#match-details/ESPORTSTMNT06/560509?gameHash=dc6dfc2dfc04bbe7,2018,Regular Season
ESPORTSTMNT06/560516,2018_LoL_esports_match_data_from_OraclesElixir.csv,LCK,Spring,0,https://matchhistory.na.leagueoflegends.com/en/#match-details/ESPORTSTMNT06/560516?gameHash=8b83eb9a57d3a806,2018,Regular Season
ESPORTSTMNT06/560533,2018_LoL_esports_match_data_from_OraclesElixir.csv,LCK,Spring,0,https://matchhistory.na.leagueoflegends.com/en/#match-details/ESPORTSTMNT06/560533?gameHash=3a2f0d04cae8c3a6,2018,Regular Season
ESPORTSTMNT06/560547,2018_LoL_esports_match_data_from_OraclesElixir.csv,LCK,Spring,0,https://matchhistory.na.leagueoflegends.com/en/#match-details/ESPORTSTMNT06/560547?gameHash=11e6042ce8fae6c9,2018,Regular Season
ESPORTSTMNT06/560570,2018_LoL_esports_match_data_from_OraclesElixir.csv,LCK,Spring,0,https://matchhistory.na.leagueoflegends.com/en/#match-details/ESPORTSTMNT06/560570?gameHash=81a9a59eeea82de2,2018,Regular Season
ESPORTSTMNT06/560575,2018_LoL_esports_match_data_from_OraclesElixir.csv,LCK,Spring,0,https://matchhistory.na.leagueoflegends.com/en/#match-details/ESPORTSTMNT06/560575?gameHash=3fbfada3b618b981,2018,Regular Season
ESPORTSTMNT06/560593,2018_LoL_esports_match_data_from_OraclesElixir.csv,LCK,Spring,0,https://matchhistory.na.leagueoflegends.com/en/#match-details/ESPORTSTMNT06/560593?gameHash=780342541d31d0fb,2018,Regular Season
ESPORTSTMNT06/560600,2018_LoL_esports_match_data_from_OraclesElixir.csv,LCK,Spring,0,https://matchhistory.na.leagueoflegends.com/en/#match-details/ESPORTSTMNT06/560600?gameHash=3766716cf51ad455,2018,Regular Season
ESPORTSTMNT06/580098,2018_LoL_esports_match_data_from_OraclesElixir.csv,LCK,Spring,0,https://matchhistory.na.leagueoflegends.com/en/#match-details/ESPORTSTMNT06/580098?gameHash=26e16981742a2c1b,2018,Regular Season
ESPORTSTMNT06/580099,2018_LoL_esports_match_data_from_OraclesElixir.csv,LCK,Spring,0,https://matchhistory.na.leagueoflegends.com/en/#match-details/ESPORTSTMNT06/580099?gameHash=71d176dee6e0a5e1,2018,Regular Season
ESPORTSTMNT06/580102,2018_LoL_esports_match_data_from_OraclesElixir.csv,LCK,Spring,0,https://matchhistory.na.leagueoflegends.com/en/#match-details/ESPORTSTMNT06/580102?gameHash=4dc72c4900577b69,2018,Regular Season
ESPORTSTMNT06/580118,2018_LoL_esports_match_data_from_OraclesElixir.csv,LCK,Spring,0,https://matchhistory.na.leagueoflegends.com/en/#match-details/ESPORTSTMNT06/580118?gameHash=d0403e8556e8a19f,2018,Regular Season
ESPORTSTMNT06/580128,2018_LoL_esports_match_data_from_OraclesElixir.csv,LCK,Spring,0,https://matchhistory.na.leagueoflegends.com/en/#match-details/ESPORTSTMNT06/580128?gameHash=443605f588f68c69,2018,Regular Season
ESPORTSTMNT06/590194,2018_LoL_esports_match_data_from_OraclesElixir.csv,LCK,Spring,0,https://matchhistory.na.leagueoflegends.com/en/#match-details/ESPORTSTMNT06/590194?gameHash=35fe315d5689e055,2018,Regular Season
ESPORTSTMNT06/590202,2018_LoL_esports_match_data_from_OraclesElixir.csv,LCK,Spring,0,https://matchhistory.na.leagueoflegends.com/en/#match-details/ESPORTSTMNT06/590202?gameHash=21b962849c2be9dd,2018,Regular Season
ESPORTSTMNT06/590204,2018_LoL_esports_match_data_from_OraclesElixir.csv,LCK,Spring,0,https://matchhistory.na.leagueoflegends.com/en/#match-details/ESPORTSTMNT06/590204?gameHash=8aaddc88b3db319b,2018,Regular Season
ESPORTSTMNT06/590236,2018_LoL_esports_match_data_from_OraclesElixir.csv,LCK,Spring,0,https://matchhistory.na.leagueoflegends.com/en/#match-details/ESPORTSTMNT06/590236?gameHash=675964b01f08bee8,2018,Regular Season
ESPORTSTMNT06/590315,2018_LoL_esports_match_data_from_OraclesElixir.csv,LCK,Spring,0,https://matchhistory.na.leagueoflegends.com/en/#match-details/ESPORTSTMNT06/590315?gameHash=0dbc217d5003c71b,2018,Regular Season
ESPORTSTMNT06/590351,2018_LoL_esports_match_data_from_OraclesElixir.csv,LCK,Spring,0,https://matchhistory.na.leagueoflegends.com/en/#match-details/ESPORTSTMNT06/590351?gameHash=82bce9f5536ddb07,2018,Regular Season
ESPORTSTMNT06/590360,2018_LoL_esports_match_data_from_OraclesElixir.csv,LCK,Spring,0,https://matchhistory.na.leagueoflegends.com/en/#match-details/ESPORTSTMNT06/590360?gameHash=bf0d650d07db892e,2018,Regular Season
ESPORTSTMNT06/590374,2018_LoL_esports_match_data_from_OraclesElixir.csv,LCK,Spring,0,https://matchhistory.na.leagueoflegends.com/en/#match-details/ESPORTSTMNT06/590374?gameHash=ad9dba7df8b4ab4e,2018,Regular Season
ESPORTSTMNT06/590392,2018_LoL_esports_match_data_from_OraclesElixir.csv,LCK,Spring,0,https://matchhistory.na.leagueoflegends.com/en/#match-details/ESPORTSTMNT06/590392?gameHash=8ab70d72b3d69107,2018,Regular Season
ESPORTSTMNT06/590540,2018_LoL_esports_match_data_from_OraclesElixir.csv,LCK,Spring,0,https://matchhistory.na.leagueoflegends.com/en/#match-details/ESPORTSTMNT06/590540?gameHash=f888bb350c537a68,2018,Regular Season
ESPORTSTMNT06/590565,2018_LoL_esports_match_data_from_OraclesElixir.csv,LCK,Spring,0,https://matchhistory.na.leagueoflegends.com/en/#match-details/ESPORTSTMNT06/590565?gameHash=08df6dfc73c8ddb2,2018,Regular Season
ESPORTSTMNT06/590566,2018_LoL_esports_match_data_from_OraclesElixir.csv,LCK,Spring,0,https://matchhistory.na.leagueoflegends.com/en/#match-details/ESPORTSTMNT06/590566?gameHash=5483e444b248b785,2018,Regular Season
ESPORTSTMNT06/590584,2018_LoL_esports_match_data_from_OraclesElixir.csv,LCK,Spring,0,https://matchhistory.na.leagueoflegends.com/en/#match-details/ESPORTSTMNT06/590584?gameHash=8a7e65d58d7cc8bb,2018,Regular Season
ESPORTSTMNT06/590601,2018_LoL_esports_match_data_from_OraclesElixir.csv,LCK,Spring,0,https://matchhistory.na.leagueoflegends.com/en/#match-details/ESPORTSTMNT06/590601?gameHash=74513fc841bce347,2018,Regular Season
ESPORTSTMNT06/590663,2018_LoL_esports_match_data_from_OraclesElixir.csv,LCK,Spring,0,https://matchhistory.na.leagueoflegends.com/en/#match-details/ESPORTSTMNT06/590663?gameHash=0ae5b1e63f21e9fa,2018,Regular Season
ESPORTSTMNT06/590667,2018_LoL_esports_match_data_from_OraclesElixir.csv,LCK,Spring,0,https://matchhistory.na.leagueoflegends.com/en/#match-details/ESPORTSTMNT06/590667?gameHash=4c19e339bbbebc98,2018,Regular Season
ESPORTSTMNT06/590671,2018_LoL_esports_match_data_from_OraclesElixir.csv,LCK,Spring,0,https://matchhistory.na.leagueoflegends.com/en/#match-details/ESPORTSTMNT06/590671?gameHash=992f4f40426ee736,2018,Regular Season
ESPORTSTMNT06/590691,2018_LoL_esports_match_data_from_OraclesElixir.csv,LCK,Spring,0,https://matchhistory.na.leagueoflegends.com/en/#match-details/ESPORTSTMNT06/590691?gameHash=362177f30e9e2d2f,2018,Regular Season
ESPORTSTMNT06/590696,2018_LoL_esports_match_data_from_OraclesElixir.csv,LCK,Spring,0,https://matchhistory.na.leagueoflegends.com/en/#match-details/ESPORTSTMNT06/590696?gameHash=98da5dd73395117c,2018,Regular Season
ESPORTSTMNT06/580824,2018_LoL_esports_match_data_from_OraclesElixir.csv,LCK,Spring,0,https://matchhistory.na.leagueoflegends.com/en/#match-details/ESPORTSTMNT06/580824?gameHash=85bdf6eb17a15f53,2018,Regular Season
ESPORTSTMNT06/580830,2018_LoL_esports_match_data_from_OraclesElixir.csv,LCK,Spring,0,https://matchhistory.na.leagueoflegends.com/en/#match-details/ESPORTSTMNT06/580830?gameHash=08dab13d20e611dc,2018,Regular Season
ESPORTSTMNT06/580848,2018_LoL_esports_match_data_from_OraclesElixir.csv,LCK,Spring,0,https://matchhistory.na.leagueoflegends.com/en/#match-details/ESPORTSTMNT06/580848?gameHash=af9b22dea2cb4b2c,2018,Regular Season
ESPORTSTMNT06/580859,2018_LoL_esports_match_data_from_OraclesElixir.csv,LCK,Spring,0,https://matchhistory.na.leagueoflegends.com/en/#match-details/ESPORTSTMNT06/580859?gameHash=e1f424c2ab1331d9,2018,Regular Season
ESPORTSTMNT06/590961,2018_LoL_esports_match_data_from_OraclesElixir.csv,LCK,Spring,0,https://matchhistory.na.leagueoflegends.com/en/#match-details/ESPORTSTMNT06/590961?gameHash=2cc7eb58624b8bf5,2018,Regular Season
ESPORTSTMNT06/590973,2018_LoL_esports_match_data_from_OraclesElixir.csv,LCK,Spring,0,https://matchhistory.na.leagueoflegends.com/en/#match-details/ESPORTSTMNT06/590973?gameHash=277ad378d6b957be,2018,Regular Season
ESPORTSTMNT06/590980,2018_LoL_esports_match_data_from_OraclesElixir.csv,LCK,Spring,0,https://matchhistory.na.leagueoflegends.com/en/#match-details/ESPORTSTMNT06/590980?gameHash=f006f12b8ed1e5e9,2018,Regular Season
ESPORTSTMNT06/591003,2018_LoL_esports_match_data_from_OraclesElixir.csv,LCK,Spring,0,https://matchhistory.na.leagueoflegends.com/en/#match-details/ESPORTSTMNT06/591003?gameHash=4fbc9ddb63a1b240,2018,Regular Season
ESPORTSTMNT06/581050,2018_LoL_esports_match_data_from_OraclesElixir.csv,LCK,Spring,0,https://matchhistory.na.leagueoflegends.com/en/#match-details/ESPORTSTMNT06/581050?gameHash=475771cbf39326a1,2018,Regular Season
ESPORTSTMNT06/581069,2018_LoL_esports_match_data_from_OraclesElixir.csv,LCK,Spring,0,https://matchhistory.na.leagueoflegends.com/en/#match-details/ESPORTSTMNT06/581069?gameHash=40cf75df6c008941,2018,Regular Season
ESPORTSTMNT06/581080,2018_LoL_esports_match_data_from_OraclesElixir.csv,LCK,Spring,0,https://matchhistory.na.leagueoflegends.com/en/#match-details/ESPORTSTMNT06/581080?gameHash=bf10019978d624f0,2018,Regular Season
ESPORTSTMNT06/581090,2018_LoL_esports_match_data_from_OraclesElixir.csv,LCK,Spring,0,https://matchhistory.na.leagueoflegends.com/en/#match-details/ESPORTSTMNT06/581090?gameHash=9cf4a18ddf846be9,2018,Regular Season
ESPORTSTMNT06/581103,2018_LoL_esports_match_data_from_OraclesElixir.csv,LCK,Spring,0,https://matchhistory.na.leagueoflegends.com/en/#match-details/ESPORTSTMNT06/581103?gameHash=dde78ead33b00ee7,2018,Regular Season
ESPORTSTMNT06/591312,2018_LoL_esports_match_data_from_OraclesElixir.csv,LCK,Spring,0,https://matchhistory.na.leagueoflegends.com/en/#match-details/ESPORTSTMNT06/591312?gameHash=26ae7049d8b521ef,2018,Regular Season
ESPORTSTMNT06/591325,2018_LoL_esports_match_data_from_OraclesElixir.csv,LCK,Spring,0,https://matchhistory.na.leagueoflegends.com/en/#match-details/ESPORTSTMNT06/591325?gameHash=2d068d11180ca15a,2018,Regular Season
ESPORTSTMNT06/591355,2018_LoL_esports_match_data_from_OraclesElixir.csv,LCK,Spring,0,https://matchhistory.na.leagueoflegends.com/en/#match-details/ESPORTSTMNT06/591355?gameHash=353fb87a7009ed9b,2018,Regular Season
ESPORTSTMNT06/591358,2018_LoL_esports_match_data_from_OraclesElixir.csv,LCK,Spring,0,https://matchhistory.na.leagueoflegends.com/en/#match-details/ESPORTSTMNT06/591358?gameHash=94391c4bc1867bc2,2018,Regular Season
ESPORTSTMNT06/581395,2018_LoL_esports_match_data_from_OraclesElixir.csv,LCK,Spring,0,https://matchhistory.na.leagueoflegends.com/en/#match-details/ESPORTSTMNT06/581395?gameHash=ddfda070fe3aa83a,2018,Regular Season
ESPORTSTMNT06/581403,2018_LoL_esports_match_data_from_OraclesElixir.csv,LCK,Spring,0,https://matchhistory.na.leagueoflegends.com/en/#match-details/ESPORTSTMNT06/581403?gameHash=9e325262043da0fe,2018,Regular Season
ESPORTSTMNT06/581405,2018_LoL_esports_match_data_from_OraclesElixir.csv,LCK,Spring,0,https://matchhistory.na.leagueoflegends.com/en/#match-details/ESPORTSTMNT06/581405?gameHash=08e748999de882e9,2018,Regular Season
ESPORTSTMNT06/581417,2018_LoL_esports_match_data_from_OraclesElixir.csv,LCK,Spring,0,https://matchhistory.na.leagueoflegends.com/en/#match-details/ESPORTSTMNT06/581417?gameHash=0b1fa73498177649,2018,Regular Season
ESPORTSTMNT06/581421,2018_LoL_esports_match_data_from_OraclesElixir.csv,LCK,Spring,0,https://matchhistory.na.leagueoflegends.com/en/#match-details/ESPORTSTMNT06/581421?gameHash=f0173088ffa013f2,2018,Regular Season
ESPORTSTMNT06/581423,2018_LoL_esports_match_data_from_OraclesElixir.csv,LCK,Spring,0,https://matchhistory.na.leagueoflegends.com/en/#match-details/ESPORTSTMNT06/581423?gameHash=8f8d0caf1c2b8377,2018,Regular Season
ESPORTSTMNT06/610102,2018_LoL_esports_match_data_from_OraclesElixir.csv,LCK,Spring,0,https://matchhistory.na.leagueoflegends.com/en/#match-details/ESPORTSTMNT06/610102?gameHash=4c4b4d8125f38efd,2018,Regular Season
ESPORTSTMNT06/610109,2018_LoL_esports_match_data_from_OraclesElixir.csv,LCK,Spring,0,https://matchhistory.na.leagueoflegends.com/en/#match-details/ESPORTSTMNT06/610109?gameHash=2d3121f88a2c511e,2018,Regular Season
ESPORTSTMNT06/610136,2018_LoL_esports_match_data_from_OraclesElixir.csv,LCK,Spring,0,https://matchhistory.na.leagueoflegends.com/en/#match-details/ESPORTSTMNT06/610136?gameHash=26a09c54925361c7,2018,Regular Season
ESPORTSTMNT06/610146,2018_LoL_esports_match_data_from_OraclesElixir.csv,LCK,Spring,0,https://matchhistory.na.leagueoflegends.com/en/#match-details/ESPORTSTMNT06/610146?gameHash=50dfe66cd797a18c,2018,Regular Season
ESPORTSTMNT06/610193,2018_LoL_esports_match_data_from_OraclesElixir.csv,LCK,Spring,0,https://matchhistory.na.leagueoflegends.com/en/#match-details/ESPORTSTMNT06/610193?gameHash=1498e65fb001db0a,2018,Regular Season
ESPORTSTMNT06/610218,2018_LoL_esports_match_data_from_OraclesElixir.csv,LCK,Spring,0,https://matchhistory.na.leagueoflegends.com/en/#match-details/ESPORTSTMNT06/610218?gameHash=f3e609a28a705351,2018,Regular Season
ESPORTSTMNT06/610224,2018_LoL_esports_match_data_from_OraclesElixir.csv,LCK,Spring,0,https://matchhistory.na.leagueoflegends.com/en/#match-details/ESPORTSTMNT06/610224?gameHash=0da0973b8a849589,2018,Regular Season
ESPORTSTMNT06/610265,2018_LoL_esports_match_data_from_OraclesElixir.csv,LCK,Spring,0,https://matchhistory.na.leagueoflegends.com/en/#match-details/ESPORTSTMNT06/610265?gameHash=37560d50e4b2f84a,2018,Regular Season
ESPORTSTMNT06/600331,2018_LoL_esports_match_data_from_OraclesElixir.csv,LCK,Spring,0,https://matchhistory.na.leagueoflegends.com/en/#match-details/ESPORTSTMNT06/600331?gameHash=b8dbd0493f9eb0c5,2018,Regular Season
ESPORTSTMNT06/600340,2018_LoL_esports_match_data_from_OraclesElixir.csv,LCK,Spring,0,https://matchhistory.na.leagueoflegends.com/en/#match-details/ESPORTSTMNT06/600340?gameHash=fe6437733795ba5e,2018,Regular Season
ESPORTSTMNT06/600353,2018_LoL_esports_match_data_from_OraclesElixir.csv,LCK,Spring,0,https://matchhistory.na.leagueoflegends.com/en/#match-details/ESPORTSTMNT06/600353?gameHash=5be43bbca0d47260,2018,Regular Season
ESPORTSTMNT06/600383,2018_LoL_esports_match_data_from_OraclesElixir.csv,LCK,Spring,0,https://matchhistory.na.leagueoflegends.com/en/#match-details/ESPORTSTMNT06/600383?gameHash=35ceec6b7c14b8ba,2018,Regular Season
ESPORTSTMNT06/610520,2018_LoL_esports_match_data_from_OraclesElixir.csv,LCK,Spring,0,https://matchhistory.na.leagueoflegends.com/en/#match-details/ESPORTSTMNT06/610520?gameHash=1f79180fd04a61b3,2018,Regular Season
ESPORTSTMNT06/610551,2018_LoL_esports_match_data_from_OraclesElixir.csv,LCK,Spring,0,https://matchhistory.na.leagueoflegends.com/en/#match-details/ESPORTSTMNT06/610551?gameHash=18d48860c75f5d62,2018,Regular Season
ESPORTSTMNT06/610554,2018_LoL_esports_match_data_from_OraclesElixir.csv,LCK,Spring,0,https://matchhistory.na.leagueoflegends.com/en/#match-details/ESPORTSTMNT06/610554?gameHash=6573d07a09e1e11c,2018,Regular Season
ESPORTSTMNT06/610569,2018_LoL_esports_match_data_from_OraclesElixir.csv,LCK,Spring,0,https://matchhistory.na.leagueoflegends.com/en/#match-details/ESPORTSTMNT06/610569?gameHash=56a821331243562e,2018,Regular Season
ESPORTSTMNT06/610588,2018_LoL_esports_match_data_from_OraclesElixir.csv,LCK,Spring,0,https://matchhistory.na.leagueoflegends.com/en/#match-details/ESPORTSTMNT06/610588?gameHash=3be30c8d91d118d0,2018,Regular Season
ESPORTSTMNT06/610592,2018_LoL_esports_match_data_from_OraclesElixir.csv,LCK,Spring,0,https://matchhistory.na.leagueoflegends.com/en/#match-details/ESPORTSTMNT06/610592?gameHash=9f556a228a768584,2018,Regular Season
ESPORTSTMNT06/610634,2018_LoL_esports_match_data_from_OraclesElixir.csv,LCK,Spring,0,https://matchhistory.na.leagueoflegends.com/en/#match-details/ESPORTSTMNT06/610634?gameHash=82d65023e5aecd98,2018,Regular Season
ESPORTSTMNT06/610638,2018_LoL_esports_match_data_from_OraclesElixir.csv,LCK,Spring,0,https://matchhistory.na.leagueoflegends.com/en/#match-details/ESPORTSTMNT06/610638?gameHash=f2c91954bd6f5337,2018,Regular Season
ESPORTSTMNT06/610658,2018_LoL_esports_match_data_from_OraclesElixir.csv,LCK,Spring,0,https://matchhistory.na.leagueoflegends.com/en/#match-details/ESPORTSTMNT06/610658?gameHash=9b349d7182740c6f,2018,Regular Season
ESPORTSTMNT06/610665,2018_LoL_esports_match_data_from_OraclesElixir.csv,LCK,Spring,0,https://matchhistory.na.leagueoflegends.com/en/#match-details/ESPORTSTMNT06/610665?gameHash=fa353c91510b10e4,2018,Regular Season
ESPORTSTMNT06/610806,2018_LoL_esports_match_data_from_OraclesElixir.csv,LCK,Spring,0,https://matchhistory.euw.leagueoflegends.com/en/#match-details/ESPORTSTMNT06/610806?gameHash=611e5b8f010a3b08,2018,Regular Season
ESPORTSTMNT06/610809,2018_LoL_esports_match_data_from_OraclesElixir.csv,LCK,Spring,0,https://matchhistory.euw.leagueoflegends.com/en/#match-details/ESPORTSTMNT06/610809?gameHash=ef2dd8abd4ab675c,2018,Regular Season
ESPORTSTMNT06/610818,2018_LoL_esports_match_data_from_OraclesElixir.csv,LCK,Spring,0,https://matchhistory.euw.leagueoflegends.com/en/#match-details/ESPORTSTMNT06/610818?gameHash=660f22d98bad6fde,2018,Regular Season
ESPORTSTMNT06/610830,2018_LoL_esports_match_data_from_OraclesElixir.csv,LCK,Spring,0,https://matchhistory.euw.leagueoflegends.com/en/#match-details/ESPORTSTMNT06/610830?gameHash=c2a60b1c107c4d67,2018,Regular Season
ESPORTSTMNT06/610849,2018_LoL_esports_match_data_from_OraclesElixir.csv,LCK,Spring,0,https://matchhistory.euw.leagueoflegends.com/en/#match-details/ESPORTSTMNT06/610849?gameHash=2b87c815f479f1de,2018,Regular Season
ESPORTSTMNT06/610854,2018_LoL_esports_match_data_from_OraclesElixir.csv,LCK,Spring,0,https://matchhistory.euw.leagueoflegends.com/en/#match-details/ESPORTSTMNT06/610854?gameHash=8444603614c91ed9,2018,Regular Season
ESPORTSTMNT06/600924,2018_LoL_esports_match_data_from_OraclesElixir.csv,LCK,Spring,0,https://matchhistory.na.leagueoflegends.com/en/#match-details/ESPORTSTMNT06/600924?gameHash=16a15d43b3324dcd,2018,Regular Season
ESPORTSTMNT06/600927,2018_LoL_esports_match_data_from_OraclesElixir.csv,LCK,Spring,0,https://matchhistory.na.leagueoflegends.com/en/#match-details/ESPORTSTMNT06/600927?gameHash=45cc3fc9b22a654f,2018,Regular Season
ESPORTSTMNT06/600940,2018_LoL_esports_match_data_from_OraclesElixir.csv,LCK,Spring,0,https://matchhistory.na.leagueoflegends.com/en/#match-details/ESPORTSTMNT06/600940?gameHash=215308c3dc5d55fe,2018,Regular Season
ESPORTSTMNT06/600955,2018_LoL_esports_match_data_from_OraclesElixir.csv,LCK,Spring,0,https://matchhistory.na.leagueoflegends.com/en/#match-details/ESPORTSTMNT06/600955?gameHash=99c8c25b3b09bfad,2018,Regular Season
ESPORTSTMNT06/600967,2018_LoL_esports_match_data_from_OraclesElixir.csv,LCK,Spring,0,https://matchhistory.na.leagueoflegends.com/en/#match-details/ESPORTSTMNT06/600967?gameHash=0670a0f652cb988a,2018,Regular Season
ESPORTSTMNT06/600973,2018_LoL_esports_match_data_from_OraclesElixir.csv,LCK,Spring,0,https://matchhistory.na.leagueoflegends.com/en/#match-details/ESPORTSTMNT06/600973?gameHash=9cbafc2a630ff32c,2018,Regular Season
ESPORTSTMNT06/601045,2018_LoL_esports_match_data_from_OraclesElixir.csv,LCK,Spring,0,https://matchhistory.na.leagueoflegends.com/en/#match-details/ESPORTSTMNT06/601045?gameHash=8ddac7f14348840c,2018,Regular Season
ESPORTSTMNT06/601072,2018_LoL_esports_match_data_from_OraclesElixir.csv,LCK,Spring,0,https://matchhistory.na.leagueoflegends.com/en/#match-details/ESPORTSTMNT06/601072?gameHash=ba9765acf1ffc486,2018,Regular Season
ESPORTSTMNT06/601080,2018_LoL_esports_match_data_from_OraclesElixir.csv,LCK,Spring,0,https://matchhistory.na.leagueoflegends.com/en/#match-details/ESPORTSTMNT06/601080?gameHash=63de4a1b80f73df8,2018,Regular Season
ESPORTSTMNT06/601085,2018_LoL_esports_match_data_from_OraclesElixir.csv,LCK,Spring,0,https://matchhistory.na.leagueoflegends.com/en/#match-details/ESPORTSTMNT06/601085?gameHash=28325053a8f13077,2018,Regular Season
ESPORTSTMNT06/601111,2018_LoL_esports_match_data_from_OraclesElixir.csv,LCK,Spring,0,https://matchhistory.na.leagueoflegends.com/en/#match-details/ESPORTSTMNT06/601111?gameHash=9dd968d1b6b881a5,2018,Regular Season
ESPORTSTMNT06/601248,2018_LoL_esports_match_data_from_OraclesElixir.csv,LCK,Spring,0,https://matchhistory.na.leagueoflegends.com/en/#match-details/ESPORTSTMNT06/601248?gameHash=72833fa27d9b8874,2018,Regular Season
ESPORTSTMNT06/601273,2018_LoL_esports_match_data_from_OraclesElixir.csv,LCK,Spring,0,https://matchhistory.na.leagueoflegends.com/en/#match-details/ESPORTSTMNT06/601273?gameHash=6cedd5e576003943,2018,Regular Season
ESPORTSTMNT06/601283,2018_LoL_esports_match_data_from_OraclesElixir.csv,LCK,Spring,0,https://matchhistory.na.leagueoflegends.com/en/#match-details/ESPORTSTMNT06/601283?gameHash=866fce0558639057,2018,Regular Season
ESPORTSTMNT06/601305,2018_LoL_esports_match_data_from_OraclesElixir.csv,LCK,Spring,0,https://matchhistory.na.leagueoflegends.com/en/#match-details/ESPORTSTMNT06/601305?gameHash=050500103f8aef14,2018,Regular Season
ESPORTSTMNT06/601310,2018_LoL_esports_match_data_from_OraclesElixir.csv,LCK,Spring,0,https://matchhistory.na.leagueoflegends.com/en/#match-details/ESPORTSTMNT06/601310?gameHash=2ba885fa5f090157,2018,Regular Season
ESPORTSTMNT06/601326,2018_LoL_esports_match_data_from_OraclesElixir.csv,LCK,Spring,0,https://matchhistory.na.leagueoflegends.com/en/#match-details/ESPORTSTMNT06/601326?gameHash=ca797a55b5135d1e,2018,Regular Season
ESPORTSTMNT06/601330,2018_LoL_esports_match_data_from_OraclesElixir.csv,LCK,Spring,0,https://matchhistory.na.leagueoflegends.com/en/#match-details/ESPORTSTMNT06/601330?gameHash=42de970b8dfbf14e,2018,Regular Season
ESPORTSTMNT06/601342,2018_LoL_esports_match_data_from_OraclesElixir.csv,LCK,Spring,0,https://matchhistory.na.leagueoflegends.com/en/#match-details/ESPORTSTMNT06/601342?gameHash=7e2b7913fa531e5f,2018,Regular Season
ESPORTSTMNT06/601351,2018_LoL_esports_match_data_from_OraclesElixir.csv,LCK,Spring,0,https://matchhistory.na.leagueoflegends.com/en/#match-details/ESPORTSTMNT06/601351?gameHash=9c0eba3c065f7d3f,2018,Regular Season
ESPORTSTMNT06/620130,2018_LoL_esports_match_data_from_OraclesElixir.csv,LCK,Spring,0,https://matchhistory.na.leagueoflegends.com/en/#match-details/ESPORTSTMNT06/620130?gameHash=6fbc5746b6e836cb,2018,Regular Season
ESPORTSTMNT06/620140,2018_LoL_esports_match_data_from_OraclesElixir.csv,LCK,Spring,0,https://matchhistory.na.leagueoflegends.com/en/#match-details/ESPORTSTMNT06/620140?gameHash=54e13bc593717df1,2018,Regular Season
ESPORTSTMNT06/630127,2018_LoL_esports_match_data_from_OraclesElixir.csv,LCK,Spring,0,https://matchhistory.na.leagueoflegends.com/en/#match-details/ESPORTSTMNT06/630127?gameHash=b570c75ff9ab48c2,2018,Regular Season
ESPORTSTMNT06/620167,2018_LoL_esports_match_data_from_OraclesElixir.csv,LCK,Spring,0,https://matchhistory.na.leagueoflegends.com/en/#match-details/ESPORTSTMNT06/620167?gameHash=986e10448c1d0e73,2018,Regular Season
ESPORTSTMNT06/620207,2018_LoL_esports_match_data_from_OraclesElixir.csv,LCK,Spring,0,https://matchhistory.na.leagueoflegends.com/en/#match-details/ESPORTSTMNT06/620207?gameHash=7829cddc003cd486,2018,Regular Season
ESPORTSTMNT06/620215,2018_LoL_esports_match_data_from_OraclesElixir.csv,LCK,Spring,0,https://matchhistory.na.leagueoflegends.com/en/#match-details/ESPORTSTMNT06/620215?gameHash=d7b9988e726a7cd4,2018,Regular Season
ESPORTSTMNT06/620218,2018_LoL_esports_match_data_from_OraclesElixir.csv,LCK,Spring,0,https://matchhistory.na.leagueoflegends.com/en/#match-details/ESPORTSTMNT06/620218?gameHash=92aab6cec33428e1,2018,Regular Season
ESPORTSTMNT06/620225,2018_LoL_esports_match_data_from_OraclesElixir.csv,LCK,Spring,0,https://matchhistory.na.leagueoflegends.com/en/#match-details/ESPORTSTMNT06/620225?gameHash=f4463972c500663b,2018,Regular Season
ESPORTSTMNT06/620254,2018_LoL_esports_match_data_from_OraclesElixir.csv,LCK,Spring,0,https://matchhistory.na.leagueoflegends.com/en/#match-details/ESPORTSTMNT06/620254?gameHash=8332db560c5773d0,2018,Regular Season
ESPORTSTMNT06/630359,2018_LoL_esports_match_data_from_OraclesElixir.csv,LCK,Spring,0,https://matchhistory.na.leagueoflegends.com/en/#match-details/ESPORTSTMNT06/630359?gameHash=6011d458a8a59bbb,2018,Regular Season
ESPORTSTMNT06/630395,2018_LoL_esports_match_data_from_OraclesElixir.csv,LCK,Spring,0,https://matchhistory.na.leagueoflegends.com/en/#match-details/ESPORTSTMNT06/630395?gameHash=d5e5d72e93abbf29,2018,Regular Season
ESPORTSTMNT06/630410,2018_LoL_esports_match_data_from_OraclesElixir.csv,LCK,Spring,0,https://matchhistory.na.leagueoflegends.com/en/#match-details/ESPORTSTMNT06/630410?gameHash=ad884a4e33c5c964,2018,Regular Season
ESPORTSTMNT06/630429,2018_LoL_esports_match_data_from_OraclesElixir.csv,LCK,Spring,0,https://matchhistory.na.leagueoflegends.com/en/#match-details/ESPORTSTMNT06/630429?gameHash=55f1e59843a19fd6,2018,Regular Season
ESPORTSTMNT06/620580,2018_LoL_esports_match_data_from_OraclesElixir.csv,LCK,Spring,0,https://matchhistory.na.leagueoflegends.com/en/#match-details/ESPORTSTMNT06/620580?gameHash=bbe507ecd645622e,2018,Regular Season
ESPORTSTMNT06/620615,2018_LoL_esports_match_data_from_OraclesElixir.csv,LCK,Spring,0,https://matchhistory.na.leagueoflegends.com/en/#match-details/ESPORTSTMNT06/620615?gameHash=d77a305170879c0d,2018,Regular Season
ESPORTSTMNT06/620616,2018_LoL_esports_match_data_from_OraclesElixir.csv,LCK,Spring,0,https://matchhistory.na.leagueoflegends.com/en/#match-details/ESPORTSTMNT06/620616?gameHash=99cc88a8b55f78a0,2018,Regular Season
ESPORTSTMNT06/620629,2018_LoL_esports_match_data_from_OraclesElixir.csv,LCK,Spring,0,https://matchhistory.na.leagueoflegends.com/en/#match-details/ESPORTSTMNT06/620629?gameHash=343d69b7e3037795,2018,Regular Season
ESPORTSTMNT06/620642,2018_LoL_esports_match_data_from_OraclesElixir.csv,LCK,Spring,0,https://matchhistory.na.leagueoflegends.com/en/#match-details/ESPORTSTMNT06/620642?gameHash=b559131ccd35ccf9,2018,Regular Season
ESPORTSTMNT06/620644,2018_LoL_esports_match_data_from_OraclesElixir.csv,LCK,Spring,0,https://matchhistory.na.leagueoflegends.com/en/#match-details/ESPORTSTMNT06/620644?gameHash=d369b59c58d9de32,2018,Regular Season
ESPORTSTMNT06/620674,2018_LoL_esports_match_data_from_OraclesElixir.csv,LCK,Spring,0,https://matchhistory.na.leagueoflegends.com/en/#match-details/ESPORTSTMNT06/620674?gameHash=fe3d4196bab8b137,2018,Regular Season
ESPORTSTMNT06/620679,2018_LoL_esports_match_data_from_OraclesElixir.csv,LCK,Spring,0,https://matchhistory.na.leagueoflegends.com/en/#match-details/ESPORTSTMNT06/620679?gameHash=bae69ca1f36935a4,2018,Regular Season
ESPORTSTMNT06/620680,2018_LoL_esports_match_data_from_OraclesElixir.csv,LCK,Spring,0,https://matchhistory.na.leagueoflegends.com/en/#match-details/ESPORTSTMNT06/620680?gameHash=231e4703958f3bc8,2018,Regular Season
ESPORTSTMNT06/620691,2018_LoL_esports_match_data_from_OraclesElixir.csv,LCK,Spring,0,https://matchhistory.na.leagueoflegends.com/en/#match-details/ESPORTSTMNT06/620691?gameHash=3f9f550195f77485,2018,Regular Season
ESPORTSTMNT06/620699,2018_LoL_esports_match_data_from_OraclesElixir.csv,LCK,Spring,0,https://matchhistory.na.leagueoflegends.com/en/#match-details/ESPORTSTMNT06/620699?gameHash=f09e92ede22adef1,2018,Regular Season
ESPORTSTMNT06/650267,2018_LoL_esports_match_data_from_OraclesElixir.csv,LCK,Spring,1,https://matchhistory.na.leagueoflegends.com/en/#match-details/ESPORTSTMNT06/650267?gameHash=3ff2a055cc9a8eaf,2018,Playoff
ESPORTSTMNT06/650291,2018_LoL_esports_match_data_from_OraclesElixir.csv,LCK,Spring,1,https://matchhistory.na.leagueoflegends.com/en/#match-details/ESPORTSTMNT06/650291?gameHash=aeb3f15690547f9a,2018,Playoff
ESPORTSTMNT06/650292,2018_LoL_esports_match_data_from_OraclesElixir.csv,LCK,Spring,1,https://matchhistory.na.leagueoflegends.com/en/#match-details/ESPORTSTMNT06/650292?gameHash=e757703db48f1bd9,2018,Playoff
ESPORTSTMNT06/650480,2018_LoL_esports_match_data_from_OraclesElixir.csv,LCK,Spring,1,https://matchhistory.na.leagueoflegends.com/en/#match-details/ESPORTSTMNT06/650480?gameHash=e382c666dac9ed11,2018,Playoff
ESPORTSTMNT06/650499,2018_LoL_esports_match_data_from_OraclesElixir.csv,LCK,Spring,1,https://matchhistory.na.leagueoflegends.com/en/#match-details/ESPORTSTMNT06/650499?gameHash=66f5c96027505246,2018,Playoff
ESPORTSTMNT06/650508,2018_LoL_esports_match_data_from_OraclesElixir.csv,LCK,Spring,1,https://matchhistory.na.leagueoflegends.com/en/#match-details/ESPORTSTMNT06/650508?gameHash=75f2a322fb6ef0f6,2018,Playoff
ESPORTSTMNT06/650517,2018_LoL_esports_match_data_from_OraclesElixir.csv,LCK,Spring,1,https://matchhistory.na.leagueoflegends.com/en/#match-details/ESPORTSTMNT06/650517?gameHash=e82c7ec50901f58e,2018,Playoff
ESPORTSTMNT06/650759,2018_LoL_esports_match_data_from_OraclesElixir.csv,LCK,Spring,1,https://matchhistory.na.leagueoflegends.com/en/#match-details/ESPORTSTMNT06/650759?gameHash=a4d5a51cc3653b0b,2018,Playoff
ESPORTSTMNT06/650768,2018_LoL_esports_match_data_from_OraclesElixir.csv,LCK,Spring,1,https://matchhistory.na.leagueoflegends.com/en/#match-details/ESPORTSTMNT06/650768?gameHash=f044566bfbc4d5cb,2018,Playoff
ESPORTSTMNT06/650769,2018_LoL_esports_match_data_from_OraclesElixir.csv,LCK,Spring,1,https://matchhistory.na.leagueoflegends.com/en/#match-details/ESPORTSTMNT06/650769?gameHash=fd2cd9db591012a8,2018,Playoff
ESPORTSTMNT06/650774,2018_LoL_esports_match_data_from_OraclesElixir.csv,LCK,Spring,1,https://matchhistory.na.leagueoflegends.com/en/#match-details/ESPORTSTMNT06/650774?gameHash=0e5e04cce4b01da8,2018,Playoff
ESPORTSTMNT06/651257,2018_LoL_esports_match_data_from_OraclesElixir.csv,LCK,Spring,1,https://matchhistory.na.leagueoflegends.com/en/#match-details/ESPORTSTMNT06/651257?gameHash=dd6d453759862be4,2018,Playoff
ESPORTSTMNT06/651264,2018_LoL_esports_match_data_from_OraclesElixir.csv,LCK,Spring,1,https://matchhistory.na.leagueoflegends.com/en/#match-details/ESPORTSTMNT06/651264?gameHash=3dfa1472236faa3c,2018,Playoff
ESPORTSTMNT06/651267,2018_LoL_esports_match_data_from_OraclesElixir.csv,LCK,Spring,1,https://matchhistory.na.leagueoflegends.com/en/#match-details/ESPORTSTMNT06/651267?gameHash=dc2b165dc2b8e954,2018,Playoff
ESPORTSTMNT06/651272,2018_LoL_esports_match_data_from_OraclesElixir.csv,LCK,Spring,1,https://matchhistory.na.leagueoflegends.com/en/#match-details/ESPORTSTMNT06/651272?gameHash=dd75f2661a3e4627,2018,Playoff
ESPORTSTMNT06/641651,2018_LoL_esports_match_data_from_OraclesElixir.csv,LCK,Summer,0,https://matchhistory.na.leagueoflegends.com/en/#match-details/ESPORTSTMNT06/641651?gameHash=62e582480f0f03c9,2018,Promotion
ESPORTSTMNT06/641667,2018_LoL_esports_match_data_from_OraclesElixir.csv,LCK,Summer,0,https://matchhistory.na.leagueoflegends.com/en/#match-details/ESPORTSTMNT06/641667?gameHash=31b45915e5b9fcf3,2018,Promotion
ESPORTSTMNT06/641668,2018_LoL_esports_match_data_from_OraclesElixir.csv,LCK,Summer,0,https://matchhistory.na.leagueoflegends.com/en/#match-details/ESPORTSTMNT06/641668?gameHash=5d0a2d9119502acd,2018,Promotion
ESPORTSTMNT06/641669,2018_LoL_esports_match_data_from_OraclesElixir.csv,LCK,Summer,0,https://matchhistory.na.leagueoflegends.com/en/#match-details/ESPORTSTMNT06/641669?gameHash=51ae4ae75d58bbc6,2018,Promotion
ESPORTSTMNT06/641680,2018_LoL_esports_match_data_from_OraclesElixir.csv,LCK,Summer,0,https://matchhistory.na.leagueoflegends.com/en/#match-details/ESPORTSTMNT06/641680?gameHash=927e2309ec880d75,2018,Promotion
ESPORTSTMNT06/641682,2018_LoL_esports_match_data_from_OraclesElixir.csv,LCK,Summer,0,https://matchhistory.na.leagueoflegends.com/en/#match-details/ESPORTSTMNT06/641682?gameHash=347b8a65c8dd744e,2018,Promotion
ESPORTSTMNT06/641689,2018_LoL_esports_match_data_from_OraclesElixir.csv,LCK,Summer,0,https://matchhistory.na.leagueoflegends.com/en/#match-details/ESPORTSTMNT06/641689?gameHash=7d86a373331942bd,2018,Promotion
ESPORTSTMNT06/641694,2018_LoL_esports_match_data_from_OraclesElixir.csv,LCK,Summer,0,https://matchhistory.na.leagueoflegends.com/en/#match-details/ESPORTSTMNT06/641694?gameHash=268a83cc89a3aa3b,2018,Promotion
ESPORTSTMNT06/651473,2018_LoL_esports_match_data_from_OraclesElixir.csv,LCK,Summer,0,https://matchhistory.na.leagueoflegends.com/en/#match-details/ESPORTSTMNT06/651473?gameHash=f87422ab7d578edb,2018,Promotion
ESPORTSTMNT06/651491,2018_LoL_esports_match_data_from_OraclesElixir.csv,LCK,Summer,0,https://matchhistory.na.leagueoflegends.com/en/#match-details/ESPORTSTMNT06/651491?gameHash=1aa037fe0e971829,2018,Promotion
ESPORTSTMNT06/651493,2018_LoL_esports_match_data_from_OraclesElixir.csv,LCK,Summer,0,https://matchhistory.na.leagueoflegends.com/en/#match-details/ESPORTSTMNT06/651493?gameHash=c9efe71352df71a5,2018,Promotion
ESPORTSTMNT06/651495,2018_LoL_esports_match_data_from_OraclesElixir.csv,LCK,Summer,0,https://matchhistory.na.leagueoflegends.com/en/#match-details/ESPORTSTMNT06/651495?gameHash=a792fe5d77371cc4,2018,Promotion
ESPORTSTMNT06/641842,2018_LoL_esports_match_data_from_OraclesElixir.csv,LCK,Summer,0,https://matchhistory.na.leagueoflegends.com/en/#match-details/ESPORTSTMNT06/641842?gameHash=10e6c6c8a3bb9570,2018,Promotion
ESPORTSTMNT06/641857,2018_LoL_esports_match_data_from_OraclesElixir.csv,LCK,Summer,0,https://matchhistory.na.leagueoflegends.com/en/#match-details/ESPORTSTMNT06/641857?gameHash=c9d9951886c0b4b6,2018,Promotion
ESPORTSTMNT06/641858,2018_LoL_esports_match_data_from_OraclesElixir.csv,LCK,Summer,0,https://matchhistory.na.leagueoflegends.com/en/#match-details/ESPORTSTMNT06/641858?gameHash=70ea8e124efb54e2,2018,Promotion
ESPORTSTMNT06/641859,2018_LoL_esports_match_data_from_OraclesElixir.csv,LCK,Summer,0,https://matchhistory.na.leagueoflegends.com/en/#match-details/ESPORTSTMNT06/641859?gameHash=b1fc0f054ba6d5ec,2018,Promotion
ESPORTSTMNT06/641860,2018_LoL_esports_match_data_from_OraclesElixir.csv,LCK,Summer,0,https://matchhistory.na.leagueoflegends.com/en/#match-details/ESPORTSTMNT06/641860?gameHash=a55d40f86714e8df,2018,Promotion
ESPORTSTMNT06/720136,2018_LoL_esports_match_data_from_OraclesElixir.csv,LCK,Summer,0,https://matchhistory.na.leagueoflegends.com/en/#match-details/ESPORTSTMNT06/720136?gameHash=1d2eb7d455152c7e,2018,Regular Season
ESPORTSTMNT06/720143,2018_LoL_esports_match_data_from_OraclesElixir.csv,LCK,Summer,0,https://matchhistory.na.leagueoflegends.com/en/#match-details/ESPORTSTMNT06/720143?gameHash=87961f73ecec0bc9,2018,Regular Season
ESPORTSTMNT06/730202,2018_LoL_esports_match_data_from_OraclesElixir.csv,LCK,Summer,0,https://matchhistory.na.leagueoflegends.com/en/#match-details/ESPORTSTMNT06/730202?gameHash=bb9389657f612a6d,2018,Regular Season
ESPORTSTMNT06/720189,2018_LoL_esports_match_data_from_OraclesElixir.csv,LCK,Summer,0,https://matchhistory.na.leagueoflegends.com/en/#match-details/ESPORTSTMNT06/720189?gameHash=1145a5165c23603d,2018,Regular Season
ESPORTSTMNT06/720196,2018_LoL_esports_match_data_from_OraclesElixir.csv,LCK,Summer,0,https://matchhistory.na.leagueoflegends.com/en/#match-details/ESPORTSTMNT06/720196?gameHash=7352467eb94cd57f,2018,Regular Season
ESPORTSTMNT06/730255,2018_LoL_esports_match_data_from_OraclesElixir.csv,LCK,Summer,0,https://matchhistory.na.leagueoflegends.com/en/#match-details/ESPORTSTMNT06/730255?gameHash=ac40c2be3f5f4194,2018,Regular Season
ESPORTSTMNT06/730267,2018_LoL_esports_match_data_from_OraclesElixir.csv,LCK,Summer,0,https://matchhistory.na.leagueoflegends.com/en/#match-details/ESPORTSTMNT06/730267?gameHash=a54425f4aa3026f1,2018,Regular Season
ESPORTSTMNT06/730273,2018_LoL_esports_match_data_from_OraclesElixir.csv,LCK,Summer,0,https://matchhistory.na.leagueoflegends.com/en/#match-details/ESPORTSTMNT06/730273?gameHash=d157849043d041ed,2018,Regular Season
ESPORTSTMNT06/730277,2018_LoL_esports_match_data_from_OraclesElixir.csv,LCK,Summer,0,https://matchhistory.na.leagueoflegends.com/en/#match-details/ESPORTSTMNT06/730277?gameHash=4afdc744543dc0dd,2018,Regular Season
ESPORTSTMNT06/730298,2018_LoL_esports_match_data_from_OraclesElixir.csv,LCK,Summer,0,https://matchhistory.na.leagueoflegends.com/en/#match-details/ESPORTSTMNT06/730298?gameHash=458b5eb58f54a0ab,2018,Regular Season
ESPORTSTMNT06/730300,2018_LoL_esports_match_data_from_OraclesElixir.csv,LCK,Summer,0,https://matchhistory.na.leagueoflegends.com/en/#match-details/ESPORTSTMNT06/730300?gameHash=47692088279eeb95,2018,Regular Season
ESPORTSTMNT06/730320,2018_LoL_esports_match_data_from_OraclesElixir.csv,LCK,Summer,0,https://matchhistory.na.leagueoflegends.com/en/#match-details/ESPORTSTMNT06/730320?gameHash=22914820e0dbd2b0,2018,Regular Season
ESPORTSTMNT06/730427,2018_LoL_esports_match_data_from_OraclesElixir.csv,LCK,Summer,0,https://matchhistory.na.leagueoflegends.com/en/#match-details/ESPORTSTMNT06/730427?gameHash=9dbbccaf7d4768ca,2018,Regular Season
ESPORTSTMNT06/730432,2018_LoL_esports_match_data_from_OraclesElixir.csv,LCK,Summer,0,https://matchhistory.na.leagueoflegends.com/en/#match-details/ESPORTSTMNT06/730432?gameHash=033e812a5f4bc1b0,2018,Regular Season
ESPORTSTMNT06/730434,2018_LoL_esports_match_data_from_OraclesElixir.csv,LCK,Summer,0,https://matchhistory.na.leagueoflegends.com/en/#match-details/ESPORTSTMNT06/730434?gameHash=47da5706ce45f276,2018,Regular Season
ESPORTSTMNT06/730459,2018_LoL_esports_match_data_from_OraclesElixir.csv,LCK,Summer,0,https://matchhistory.na.leagueoflegends.com/en/#match-details/ESPORTSTMNT06/730459?gameHash=31f6dddb599ae13f,2018,Regular Season
ESPORTSTMNT06/720640,2018_LoL_esports_match_data_from_OraclesElixir.csv,LCK,Summer,0,https://matchhistory.na.leagueoflegends.com/en/#match-details/ESPORTSTMNT06/720640?gameHash=a59ff4d69944e184,2018,Regular Season
ESPORTSTMNT06/720646,2018_LoL_esports_match_data_from_OraclesElixir.csv,LCK,Summer,0,https://matchhistory.na.leagueoflegends.com/en/#match-details/ESPORTSTMNT06/720646?gameHash=6d02f96e245d1fcb,2018,Regular Season
ESPORTSTMNT06/720648,2018_LoL_esports_match_data_from_OraclesElixir.csv,LCK,Summer,0,https://matchhistory.na.leagueoflegends.com/en/#match-details/ESPORTSTMNT06/720648?gameHash=a485f031842e8a3d,2018,Regular Season
ESPORTSTMNT06/720662,2018_LoL_esports_match_data_from_OraclesElixir.csv,LCK,Summer,0,https://matchhistory.na.leagueoflegends.com/en/#match-details/ESPORTSTMNT06/720662?gameHash=5bbae391641e13d3,2018,Regular Season
ESPORTSTMNT06/720686,2018_LoL_esports_match_data_from_OraclesElixir.csv,LCK,Summer,0,https://matchhistory.na.leagueoflegends.com/en/#match-details/ESPORTSTMNT06/720686?gameHash=445a90f9e59c9477,2018,Regular Season
ESPORTSTMNT06/720742,2018_LoL_esports_match_data_from_OraclesElixir.csv,LCK,Summer,0,https://matchhistory.na.leagueoflegends.com/en/#match-details/ESPORTSTMNT06/720742?gameHash=b24490489f5999b6,2018,Regular Season
ESPORTSTMNT06/720750,2018_LoL_esports_match_data_from_OraclesElixir.csv,LCK,Summer,0,https://matchhistory.na.leagueoflegends.com/en/#match-details/ESPORTSTMNT06/720750?gameHash=a000739909576582,2018,Regular Season
ESPORTSTMNT06/720755,2018_LoL_esports_match_data_from_OraclesElixir.csv,LCK,Summer,0,https://matchhistory.na.leagueoflegends.com/en/#match-details/ESPORTSTMNT06/720755?gameHash=93d75fd2d0dd4f1d,2018,Regular Season
ESPORTSTMNT06/720765,2018_LoL_esports_match_data_from_OraclesElixir.csv,LCK,Summer,0,https://matchhistory.na.leagueoflegends.com/en/#match-details/ESPORTSTMNT06/720765?gameHash=0f215b2bda625064,2018,Regular Season
ESPORTSTMNT06/720790,2018_LoL_esports_match_data_from_OraclesElixir.csv,LCK,Summer,0,https://matchhistory.na.leagueoflegends.com/en/#match-details/ESPORTSTMNT06/720790?gameHash=73eab01cbb808ff8,2018,Regular Season
ESPORTSTMNT06/720796,2018_LoL_esports_match_data_from_OraclesElixir.csv,LCK,Summer,0,https://matchhistory.na.leagueoflegends.com/en/#match-details/ESPORTSTMNT06/720796?gameHash=4275c879f11e0c4e,2018,Regular Season
ESPORTSTMNT06/720863,2018_LoL_esports_match_data_from_OraclesElixir.csv,LCK,Summer,0,https://matchhistory.na.leagueoflegends.com/en/#match-details/ESPORTSTMNT06/720863?gameHash=59b656c7db836c20,2018,Regular Season
ESPORTSTMNT06/720877,2018_LoL_esports_match_data_from_OraclesElixir.csv,LCK,Summer,0,https://matchhistory.na.leagueoflegends.com/en/#match-details/ESPORTSTMNT06/720877?gameHash=ca785f064157bef2,2018,Regular Season
ESPORTSTMNT06/720884,2018_LoL_esports_match_data_from_OraclesElixir.csv,LCK,Summer,0,https://matchhistory.na.leagueoflegends.com/en/#match-details/ESPORTSTMNT06/720884?gameHash=8d696b9669e64d17,2018,Regular Season
ESPORTSTMNT06/720906,2018_LoL_esports_match_data_from_OraclesElixir.csv,LCK,Summer,0,https://matchhistory.na.leagueoflegends.com/en/#match-details/ESPORTSTMNT06/720906?gameHash=ee97764f290b68f6,2018,Regular Season
ESPORTSTMNT06/730992,2018_LoL_esports_match_data_from_OraclesElixir.csv,LCK,Summer,0,https://matchhistory.na.leagueoflegends.com/en/#match-details/ESPORTSTMNT06/730992?gameHash=bfc92d2d8d98c822,2018,Regular Season
ESPORTSTMNT06/731015,2018_LoL_esports_match_data_from_OraclesElixir.csv,LCK,Summer,0,https://matchhistory.na.leagueoflegends.com/en/#match-details/ESPORTSTMNT06/731015?gameHash=77ab5db6e5927c19,2018,Regular Season
ESPORTSTMNT06/731020,2018_LoL_esports_match_data_from_OraclesElixir.csv,LCK,Summer,0,https://matchhistory.na.leagueoflegends.com/en/#match-details/ESPORTSTMNT06/731020?gameHash=1bb91c6ccc911855,2018,Regular Season
ESPORTSTMNT06/731037,2018_LoL_esports_match_data_from_OraclesElixir.csv,LCK,Summer,0,https://matchhistory.na.leagueoflegends.com/en/#match-details/ESPORTSTMNT06/731037?gameHash=3ed4e033112bbe03,2018,Regular Season
ESPORTSTMNT06/721201,2018_LoL_esports_match_data_from_OraclesElixir.csv,LCK,Summer,0,https://matchhistory.na.leagueoflegends.com/en/#match-details/ESPORTSTMNT06/721201?gameHash=36d264a8cc42e5a1,2018,Regular Season
ESPORTSTMNT06/721223,2018_LoL_esports_match_data_from_OraclesElixir.csv,LCK,Summer,0,https://matchhistory.na.leagueoflegends.com/en/#match-details/ESPORTSTMNT06/721223?gameHash=5715582aacd1ead1,2018,Regular Season
ESPORTSTMNT06/721233,2018_LoL_esports_match_data_from_OraclesElixir.csv,LCK,Summer,0,https://matchhistory.na.leagueoflegends.com/en/#match-details/ESPORTSTMNT06/721233?gameHash=c2a20d1b9422f8f6,2018,Regular Season
ESPORTSTMNT06/721271,2018_LoL_esports_match_data_from_OraclesElixir.csv,LCK,Summer,0,https://matchhistory.na.leagueoflegends.com/en/#match-details/ESPORTSTMNT06/721271?gameHash=bd8183f1f23fce80,2018,Regular Season
ESPORTSTMNT06/721274,2018_LoL_esports_match_data_from_OraclesElixir.csv,LCK,Summer,0,https://matchhistory.na.leagueoflegends.com/en/#match-details/ESPORTSTMNT06/721274?gameHash=5055ab829dba7ba1,2018,Regular Season
ESPORTSTMNT06/721278,2018_LoL_esports_match_data_from_OraclesElixir.csv,LCK,Summer,0,https://matchhistory.na.leagueoflegends.com/en/#match-details/ESPORTSTMNT06/721278?gameHash=923c08cad13616cd,2018,Regular Season
ESPORTSTMNT06/721292,2018_LoL_esports_match_data_from_OraclesElixir.csv,LCK,Summer,0,https://matchhistory.na.leagueoflegends.com/en/#match-details/ESPORTSTMNT06/721292?gameHash=b6f1f92136458a29,2018,Regular Season
ESPORTSTMNT06/721302,2018_LoL_esports_match_data_from_OraclesElixir.csv,LCK,Summer,0,https://matchhistory.na.leagueoflegends.com/en/#match-details/ESPORTSTMNT06/721302?gameHash=69ff6fbed65c7429,2018,Regular Season
ESPORTSTMNT06/721397,2018_LoL_esports_match_data_from_OraclesElixir.csv,LCK,Summer,0,https://matchhistory.na.leagueoflegends.com/en/#match-details/ESPORTSTMNT06/721397?gameHash=565303e48acfe930,2018,Regular Season
ESPORTSTMNT06/731222,2018_LoL_esports_match_data_from_OraclesElixir.csv,LCK,Summer,0,https://matchhistory.na.leagueoflegends.com/en/#match-details/ESPORTSTMNT06/731222?gameHash=15e875ee151a34fa,2018,Regular Season
ESPORTSTMNT06/731229,2018_LoL_esports_match_data_from_OraclesElixir.csv,LCK,Summer,0,https://matchhistory.na.leagueoflegends.com/en/#match-details/ESPORTSTMNT06/731229?gameHash=ed4561a12d108632,2018,Regular Season
ESPORTSTMNT06/731236,2018_LoL_esports_match_data_from_OraclesElixir.csv,LCK,Summer,0,https://matchhistory.na.leagueoflegends.com/en/#match-details/ESPORTSTMNT06/731236?gameHash=6b2d4e8fb124ceaa,2018,Regular Season
ESPORTSTMNT06/731255,2018_LoL_esports_match_data_from_OraclesElixir.csv,LCK,Summer,0,https://matchhistory.na.leagueoflegends.com/en/#match-details/ESPORTSTMNT06/731255?gameHash=10368ff2c22768de,2018,Regular Season
ESPORTSTMNT06/721524,2018_LoL_esports_match_data_from_OraclesElixir.csv,LCK,Summer,0,https://matchhistory.na.leagueoflegends.com/en/#match-details/ESPORTSTMNT06/721524?gameHash=7f3355685a960625,2018,Regular Season
ESPORTSTMNT06/721567,2018_LoL_esports_match_data_from_OraclesElixir.csv,LCK,Summer,0,https://matchhistory.na.leagueoflegends.com/en/#match-details/ESPORTSTMNT06/721567?gameHash=460c6711a128072d,2018,Regular Season
ESPORTSTMNT06/721603,2018_LoL_esports_match_data_from_OraclesElixir.csv,LCK,Summer,0,https://matchhistory.na.leagueoflegends.com/en/#match-details/ESPORTSTMNT06/721603?gameHash=32dcae42cd18d665,2018,Regular Season
ESPORTSTMNT06/721613,2018_LoL_esports_match_data_from_OraclesElixir.csv,LCK,Summer,0,https://matchhistory.na.leagueoflegends.com/en/#match-details/ESPORTSTMNT06/721613?gameHash=2dc12ec2e418db7d,2018,Regular Season
ESPORTSTMNT06/731589,2018_LoL_esports_match_data_from_OraclesElixir.csv,LCK,Summer,0,https://matchhistory.na.leagueoflegends.com/en/#match-details/ESPORTSTMNT06/731589?gameHash=31dce8eac80294a0,2018,Regular Season
ESPORTSTMNT06/731603,2018_LoL_esports_match_data_from_OraclesElixir.csv,LCK,Summer,0,https://matchhistory.na.leagueoflegends.com/en/#match-details/ESPORTSTMNT06/731603?gameHash=86a3c98c77ec530c,2018,Regular Season
ESPORTSTMNT06/731624,2018_LoL_esports_match_data_from_OraclesElixir.csv,LCK,Summer,0,https://matchhistory.na.leagueoflegends.com/en/#match-details/ESPORTSTMNT06/731624?gameHash=ad25b0440c5810a0,2018,Regular Season
ESPORTSTMNT06/731660,2018_LoL_esports_match_data_from_OraclesElixir.csv,LCK,Summer,0,https://matchhistory.na.leagueoflegends.com/en/#match-details/ESPORTSTMNT06/731660?gameHash=0e3da1eeb6e13df7,2018,Regular Season
ESPORTSTMNT06/731666,2018_LoL_esports_match_data_from_OraclesElixir.csv,LCK,Summer,0,https://matchhistory.na.leagueoflegends.com/en/#match-details/ESPORTSTMNT06/731666?gameHash=e1b6518484f7d248,2018,Regular Season
ESPORTSTMNT06/721794,2018_LoL_esports_match_data_from_OraclesElixir.csv,LCK,Summer,0,https://matchhistory.na.leagueoflegends.com/en/#match-details/ESPORTSTMNT06/721794?gameHash=e2105d57399c396f,2018,Regular Season
ESPORTSTMNT06/731732,2018_LoL_esports_match_data_from_OraclesElixir.csv,LCK,Summer,0,https://matchhistory.na.leagueoflegends.com/en/#match-details/ESPORTSTMNT06/731732?gameHash=ae69dc6bf274a262,2018,Regular Season
ESPORTSTMNT06/731735,2018_LoL_esports_match_data_from_OraclesElixir.csv,LCK,Summer,0,https://matchhistory.na.leagueoflegends.com/en/#match-details/ESPORTSTMNT06/731735?gameHash=9d2d8d526f731702,2018,Regular Season
ESPORTSTMNT06/731750,2018_LoL_esports_match_data_from_OraclesElixir.csv,LCK,Summer,0,https://matchhistory.na.leagueoflegends.com/en/#match-details/ESPORTSTMNT06/731750?gameHash=aaa770112f54efdd,2018,Regular Season
ESPORTSTMNT06/740148,2018_LoL_esports_match_data_from_OraclesElixir.csv,LCK,Summer,0,https://matchhistory.na.leagueoflegends.com/en/#match-details/ESPORTSTMNT06/740148?gameHash=1933ed6885660024,2018,Regular Season
ESPORTSTMNT06/750149,2018_LoL_esports_match_data_from_OraclesElixir.csv,LCK,Summer,0,https://matchhistory.na.leagueoflegends.com/en/#match-details/ESPORTSTMNT06/750149?gameHash=a30939cb244a2cec,2018,Regular Season
ESPORTSTMNT06/750151,2018_LoL_esports_match_data_from_OraclesElixir.csv,LCK,Summer,0,https://matchhistory.na.leagueoflegends.com/en/#match-details/ESPORTSTMNT06/750151?gameHash=eeca5205632147a7,2018,Regular Season
ESPORTSTMNT06/750169,2018_LoL_esports_match_data_from_OraclesElixir.csv,LCK,Summer,0,https://matchhistory.na.leagueoflegends.com/en/#match-details/ESPORTSTMNT06/750169?gameHash=2eaa7168773c09c3,2018,Regular Season
ESPORTSTMNT06/750186,2018_LoL_esports_match_data_from_OraclesElixir.csv,LCK,Summer,0,https://matchhistory.na.leagueoflegends.com/en/#match-details/ESPORTSTMNT06/750186?gameHash=ff5261066890400a,2018,Regular Season
ESPORTSTMNT06/740260,2018_LoL_esports_match_data_from_OraclesElixir.csv,LCK,Summer,0,https://matchhistory.na.leagueoflegends.com/en/#match-details/ESPORTSTMNT06/740260?gameHash=98c5e537cc4808e2,2018,Regular Season
ESPORTSTMNT06/740283,2018_LoL_esports_match_data_from_OraclesElixir.csv,LCK,Summer,0,https://matchhistory.na.leagueoflegends.com/en/#match-details/ESPORTSTMNT06/740283?gameHash=da4915b5825424f8,2018,Regular Season
ESPORTSTMNT06/740301,2018_LoL_esports_match_data_from_OraclesElixir.csv,LCK,Summer,0,https://matchhistory.na.leagueoflegends.com/en/#match-details/ESPORTSTMNT06/740301?gameHash=f1fe6d6758205d20,2018,Regular Season
ESPORTSTMNT06/740335,2018_LoL_esports_match_data_from_OraclesElixir.csv,LCK,Summer,0,https://matchhistory.na.leagueoflegends.com/en/#match-details/ESPORTSTMNT06/740335?gameHash=aab186898c8c0fee,2018,Regular Season
ESPORTSTMNT06/740338,2018_LoL_esports_match_data_from_OraclesElixir.csv,LCK,Summer,0,https://matchhistory.na.leagueoflegends.com/en/#match-details/ESPORTSTMNT06/740338?gameHash=95d4324fdbe1d594,2018,Regular Season
ESPORTSTMNT06/740348,2018_LoL_esports_match_data_from_OraclesElixir.csv,LCK,Summer,0,https://matchhistory.na.leagueoflegends.com/en/#match-details/ESPORTSTMNT06/740348?gameHash=dcd0486d076ae4ce,2018,Regular Season
ESPORTSTMNT06/740386,2018_LoL_esports_match_data_from_OraclesElixir.csv,LCK,Summer,0,https://matchhistory.na.leagueoflegends.com/en/#match-details/ESPORTSTMNT06/740386?gameHash=caccc540704cfca7,2018,Regular Season
ESPORTSTMNT06/740394,2018_LoL_esports_match_data_from_OraclesElixir.csv,LCK,Summer,0,https://matchhistory.na.leagueoflegends.com/en/#match-details/ESPORTSTMNT06/740394?gameHash=48638db2e40d7dcb,2018,Regular Season
ESPORTSTMNT06/740463,2018_LoL_esports_match_data_from_OraclesElixir.csv,LCK,Summer,0,https://matchhistory.na.leagueoflegends.com/en/#match-details/ESPORTSTMNT06/740463?gameHash=66da480d6fbb9f53,2018,Regular Season
ESPORTSTMNT06/740484,2018_LoL_esports_match_data_from_OraclesElixir.csv,LCK,Summer,0,https://matchhistory.na.leagueoflegends.com/en/#match-details/ESPORTSTMNT06/740484?gameHash=0127bacfee4fdcda,2018,Regular Season
ESPORTSTMNT06/740505,2018_LoL_esports_match_data_from_OraclesElixir.csv,LCK,Summer,0,https://matchhistory.na.leagueoflegends.com/en/#match-details/ESPORTSTMNT06/740505?gameHash=c2679fd350fb4fa6,2018,Regular Season
ESPORTSTMNT06/740542,2018_LoL_esports_match_data_from_OraclesElixir.csv,LCK,Summer,0,https://matchhistory.na.leagueoflegends.com/en/#match-details/ESPORTSTMNT06/740542?gameHash=e9338fe08e5d8dfe,2018,Regular Season
ESPORTSTMNT06/750629,2018_LoL_esports_match_data_from_OraclesElixir.csv,LCK,Summer,0,https://matchhistory.na.leagueoflegends.com/en/#match-details/ESPORTSTMNT06/750629?gameHash=42674749465d7752,2018,Regular Season
ESPORTSTMNT06/750636,2018_LoL_esports_match_data_from_OraclesElixir.csv,LCK,Summer,0,https://matchhistory.na.leagueoflegends.com/en/#match-details/ESPORTSTMNT06/750636?gameHash=0a8f02ce1c46ebc2,2018,Regular Season
ESPORTSTMNT06/750646,2018_LoL_esports_match_data_from_OraclesElixir.csv,LCK,Summer,0,https://matchhistory.na.leagueoflegends.com/en/#match-details/ESPORTSTMNT06/750646?gameHash=80988bfc8c64fc67,2018,Regular Season
ESPORTSTMNT06/750656,2018_LoL_esports_match_data_from_OraclesElixir.csv,LCK,Summer,0,https://matchhistory.na.leagueoflegends.com/en/#match-details/ESPORTSTMNT06/750656?gameHash=33895ade16ad5a62,2018,Regular Season
ESPORTSTMNT06/750688,2018_LoL_esports_match_data_from_OraclesElixir.csv,LCK,Summer,0,https://matchhistory.na.leagueoflegends.com/en/#match-details/ESPORTSTMNT06/750688?gameHash=0470e858cbd528ca,2018,Regular Season
ESPORTSTMNT06/750703,2018_LoL_esports_match_data_from_OraclesElixir.csv,LCK,Summer,0,https://matchhistory.na.leagueoflegends.com/en/#match-details/ESPORTSTMNT06/750703?gameHash=77bda7d982c0eb7e,2018,Regular Season
ESPORTSTMNT06/750711,2018_LoL_esports_match_data_from_OraclesElixir.csv,LCK,Summer,0,https://matchhistory.na.leagueoflegends.com/en/#match-details/ESPORTSTMNT06/750711?gameHash=45b8e90e59f94865,2018,Regular Season
ESPORTSTMNT06/750713,2018_LoL_esports_match_data_from_OraclesElixir.csv,LCK,Summer,0,https://matchhistory.na.leagueoflegends.com/en/#match-details/ESPORTSTMNT06/750713?gameHash=982e63bccf660e67,2018,Regular Season
ESPORTSTMNT06/750727,2018_LoL_esports_match_data_from_OraclesElixir.csv,LCK,Summer,0,https://matchhistory.na.leagueoflegends.com/en/#match-details/ESPORTSTMNT06/750727?gameHash=bb9aa71e9d8a5dc0,2018,Regular Season
ESPORTSTMNT06/740777,2018_LoL_esports_match_data_from_OraclesElixir.csv,LCK,Summer,0,https://matchhistory.na.leagueoflegends.com/en/#match-details/ESPORTSTMNT06/740777?gameHash=5824161ccac1a8b0,2018,Regular Season
ESPORTSTMNT06/740796,2018_LoL_esports_match_data_from_OraclesElixir.csv,LCK,Summer,0,https://matchhistory.na.leagueoflegends.com/en/#match-details/ESPORTSTMNT06/740796?gameHash=51780bbbea3bd399,2018,Regular Season
ESPORTSTMNT06/740825,2018_LoL_esports_match_data_from_OraclesElixir.csv,LCK,Summer,0,https://matchhistory.na.leagueoflegends.com/en/#match-details/ESPORTSTMNT06/740825?gameHash=b5e8afc2448a31db,2018,Regular Season
ESPORTSTMNT06/740834,2018_LoL_esports_match_data_from_OraclesElixir.csv,LCK,Summer,0,https://matchhistory.na.leagueoflegends.com/en/#match-details/ESPORTSTMNT06/740834?gameHash=5bea78af7058c9e1,2018,Regular Season
ESPORTSTMNT06/770432,2018_LoL_esports_match_data_from_OraclesElixir.csv,LCK,Summer,0,https://matchhistory.na.leagueoflegends.com/en/#match-details/ESPORTSTMNT06/770432?gameHash=40d7f40621486c4f,2018,Regular Season
ESPORTSTMNT06/770437,2018_LoL_esports_match_data_from_OraclesElixir.csv,LCK,Summer,0,https://matchhistory.na.leagueoflegends.com/en/#match-details/ESPORTSTMNT06/770437?gameHash=ef007538cb3a471c,2018,Regular Season
ESPORTSTMNT06/770438,2018_LoL_esports_match_data_from_OraclesElixir.csv,LCK,Summer,0,https://matchhistory.na.leagueoflegends.com/en/#match-details/ESPORTSTMNT06/770438?gameHash=08134a4c8c49037e,2018,Regular Season
ESPORTSTMNT06/770475,2018_LoL_esports_match_data_from_OraclesElixir.csv,LCK,Summer,0,https://matchhistory.na.leagueoflegends.com/en/#match-details/ESPORTSTMNT06/770475?gameHash=7ed2917eedccaf30,2018,Regular Season
ESPORTSTMNT06/770540,2018_LoL_esports_match_data_from_OraclesElixir.csv,LCK,Summer,0,https://matchhistory.na.leagueoflegends.com/en/#match-details/ESPORTSTMNT06/770540?gameHash=432a1cf61c90a8fb,2018,Regular Season
ESPORTSTMNT06/770586,2018_LoL_esports_match_data_from_OraclesElixir.csv,LCK,Summer,0,https://matchhistory.na.leagueoflegends.com/en/#match-details/ESPORTSTMNT06/770586?gameHash=00caebcd7bc525a3,2018,Regular Season
ESPORTSTMNT06/770624,2018_LoL_esports_match_data_from_OraclesElixir.csv,LCK,Summer,0,https://matchhistory.na.leagueoflegends.com/en/#match-details/ESPORTSTMNT06/770624?gameHash=0076b5c001869b20,2018,Regular Season
ESPORTSTMNT06/770655,2018_LoL_esports_match_data_from_OraclesElixir.csv,LCK,Summer,0,https://matchhistory.na.leagueoflegends.com/en/#match-details/ESPORTSTMNT06/770655?gameHash=41e040bb0059830b,2018,Regular Season
ESPORTSTMNT06/770737,2018_LoL_esports_match_data_from_OraclesElixir.csv,LCK,Summer,0,https://matchhistory.na.leagueoflegends.com/en/#match-details/ESPORTSTMNT06/770737?gameHash=8bac036cfcf1f3c3,2018,Regular Season
ESPORTSTMNT06/770748,2018_LoL_esports_match_data_from_OraclesElixir.csv,LCK,Summer,0,https://matchhistory.na.leagueoflegends.com/en/#match-details/ESPORTSTMNT06/770748?gameHash=bdbb68a4d5c2c3b0,2018,Regular Season
ESPORTSTMNT06/770753,2018_LoL_esports_match_data_from_OraclesElixir.csv,LCK,Summer,0,https://matchhistory.na.leagueoflegends.com/en/#match-details/ESPORTSTMNT06/770753?gameHash=f09f19d52d853067,2018,Regular Season
ESPORTSTMNT06/770790,2018_LoL_esports_match_data_from_OraclesElixir.csv,LCK,Summer,0,https://matchhistory.na.leagueoflegends.com/en/#match-details/ESPORTSTMNT06/770790?gameHash=3d640e144a56962a,2018,Regular Season
ESPORTSTMNT06/770800,2018_LoL_esports_match_data_from_OraclesElixir.csv,LCK,Summer,0,https://matchhistory.na.leagueoflegends.com/en/#match-details/ESPORTSTMNT06/770800?gameHash=b3407e5f1a0a5d21,2018,Regular Season
ESPORTSTMNT06/770804,2018_LoL_esports_match_data_from_OraclesElixir.csv,LCK,Summer,0,https://matchhistory.na.leagueoflegends.com/en/#match-details/ESPORTSTMNT06/770804?gameHash=66ab3c58d63bc5e7,2018,Regular Season
ESPORTSTMNT06/760714,2018_LoL_esports_match_data_from_OraclesElixir.csv,LCK,Summer,0,https://matchhistory.na.leagueoflegends.com/en/#match-details/ESPORTSTMNT06/760714?gameHash=c649b8a03d746237,2018,Regular Season
ESPORTSTMNT06/760743,2018_LoL_esports_match_data_from_OraclesElixir.csv,LCK,Summer,0,https://matchhistory.na.leagueoflegends.com/en/#match-details/ESPORTSTMNT06/760743?gameHash=49ad725ac0d894fa,2018,Regular Season
ESPORTSTMNT06/760745,2018_LoL_esports_match_data_from_OraclesElixir.csv,LCK,Summer,0,https://matchhistory.na.leagueoflegends.com/en/#match-details/ESPORTSTMNT06/760745?gameHash=5c99347625681119,2018,Regular Season
ESPORTSTMNT06/760765,2018_LoL_esports_match_data_from_OraclesElixir.csv,LCK,Summer,0,https://matchhistory.na.leagueoflegends.com/en/#match-details/ESPORTSTMNT06/760765?gameHash=c074797efbaf7cfe,2018,Regular Season
ESPORTSTMNT06/760785,2018_LoL_esports_match_data_from_OraclesElixir.csv,LCK,Summer,0,https://matchhistory.na.leagueoflegends.com/en/#match-details/ESPORTSTMNT06/760785?gameHash=cf3fa37104e3221c,2018,Regular Season
ESPORTSTMNT06/760796,2018_LoL_esports_match_data_from_OraclesElixir.csv,LCK,Summer,0,https://matchhistory.na.leagueoflegends.com/en/#match-details/ESPORTSTMNT06/760796?gameHash=7527f49b4a465e45,2018,Regular Season
ESPORTSTMNT06/771018,2018_LoL_esports_match_data_from_OraclesElixir.csv,LCK,Summer,0,https://matchhistory.na.leagueoflegends.com/en/#match-details/ESPORTSTMNT06/771018?gameHash=7e4ae072aa079cd9,2018,Regular Season
ESPORTSTMNT06/771052,2018_LoL_esports_match_data_from_OraclesElixir.csv,LCK,Summer,0,https://matchhistory.na.leagueoflegends.com/en/#match-details/ESPORTSTMNT06/771052?gameHash=ff5d8939b0719335,2018,Regular Season
ESPORTSTMNT06/771055,2018_LoL_esports_match_data_from_OraclesElixir.csv,LCK,Summer,0,https://matchhistory.na.leagueoflegends.com/en/#match-details/ESPORTSTMNT06/771055?gameHash=b985438400bd260e,2018,Regular Season
ESPORTSTMNT06/771077,2018_LoL_esports_match_data_from_OraclesElixir.csv,LCK,Summer,0,https://matchhistory.na.leagueoflegends.com/en/#match-details/ESPORTSTMNT06/771077?gameHash=8de34187f9a016cb,2018,Regular Season
ESPORTSTMNT06/771081,2018_LoL_esports_match_data_from_OraclesElixir.csv,LCK,Summer,0,https://matchhistory.na.leagueoflegends.com/en/#match-details/ESPORTSTMNT06/771081?gameHash=991a12c28b55f754,2018,Regular Season
ESPORTSTMNT06/771085,2018_LoL_esports_match_data_from_OraclesElixir.csv,LCK,Summer,0,https://matchhistory.na.leagueoflegends.com/en/#match-details/ESPORTSTMNT06/771085?gameHash=13a4a636e8ab5bc3,2018,Regular Season
ESPORTSTMNT06/771177,2018_LoL_esports_match_data_from_OraclesElixir.csv,LCK,Summer,0,https://matchhistory.na.leagueoflegends.com/en/#match-details/ESPORTSTMNT06/771177?gameHash=c269da9a096eba1b,2018,Regular Season
ESPORTSTMNT06/761048,2018_LoL_esports_match_data_from_OraclesElixir.csv,LCK,Summer,0,https://matchhistory.na.leagueoflegends.com/en/#match-details/ESPORTSTMNT06/761048?gameHash=404e40efb8e1a59e,2018,Regular Season
ESPORTSTMNT06/771203,2018_LoL_esports_match_data_from_OraclesElixir.csv,LCK,Summer,0,https://matchhistory.na.leagueoflegends.com/en/#match-details/ESPORTSTMNT06/771203?gameHash=914e0391a2b9e15a,2018,Regular Season
ESPORTSTMNT06/761090,2018_LoL_esports_match_data_from_OraclesElixir.csv,LCK,Summer,0,https://matchhistory.na.leagueoflegends.com/en/#match-details/ESPORTSTMNT06/761090?gameHash=c11162cc0e2b8dbb,2018,Regular Season
ESPORTSTMNT06/761094,2018_LoL_esports_match_data_from_OraclesElixir.csv,LCK,Summer,0,https://matchhistory.na.leagueoflegends.com/en/#match-details/ESPORTSTMNT06/761094?gameHash=1a129d8dcabf6045,2018,Regular Season
ESPORTSTMNT06/771285,2018_LoL_esports_match_data_from_OraclesElixir.csv,LCK,Summer,0,https://matchhistory.na.leagueoflegends.com/en/#match-details/ESPORTSTMNT06/771285?gameHash=be34d2e475a2d775,2018,Regular Season
ESPORTSTMNT06/771306,2018_LoL_esports_match_data_from_OraclesElixir.csv,LCK,Summer,0,https://matchhistory.na.leagueoflegends.com/en/#match-details/ESPORTSTMNT06/771306?gameHash=228ec7f043eb62d2,2018,Regular Season
ESPORTSTMNT06/771310,2018_LoL_esports_match_data_from_OraclesElixir.csv,LCK,Summer,0,https://matchhistory.na.leagueoflegends.com/en/#match-details/ESPORTSTMNT06/771310?gameHash=eb8c5dbe8ce72f36,2018,Regular Season
ESPORTSTMNT06/771337,2018_LoL_esports_match_data_from_OraclesElixir.csv,LCK,Summer,0,https://matchhistory.na.leagueoflegends.com/en/#match-details/ESPORTSTMNT06/771337?gameHash=3a7f04ce12db9c3c,2018,Regular Season
ESPORTSTMNT06/771348,2018_LoL_esports_match_data_from_OraclesElixir.csv,LCK,Summer,0,https://matchhistory.na.leagueoflegends.com/en/#match-details/ESPORTSTMNT06/771348?gameHash=ebe23bd5f60a3083,2018,Regular Season
ESPORTSTMNT06/761293,2018_LoL_esports_match_data_from_OraclesElixir.csv,LCK,Summer,0,https://matchhistory.na.leagueoflegends.com/en/#match-details/ESPORTSTMNT06/761293?gameHash=9a6dcad162c7d688,2018,Regular Season
ESPORTSTMNT06/761307,2018_LoL_esports_match_data_from_OraclesElixir.csv,LCK,Summer,0,https://matchhistory.na.leagueoflegends.com/en/#match-details/ESPORTSTMNT06/761307?gameHash=14e8f7de4cc63cf4,2018,Regular Season
ESPORTSTMNT06/761330,2018_LoL_esports_match_data_from_OraclesElixir.csv,LCK,Summer,0,https://matchhistory.na.leagueoflegends.com/en/#match-details/ESPORTSTMNT06/761330?gameHash=4d9fee0c08ae7616,2018,Regular Season
ESPORTSTMNT06/761353,2018_LoL_esports_match_data_from_OraclesElixir.csv,LCK,Summer,0,https://matchhistory.na.leagueoflegends.com/en/#match-details/ESPORTSTMNT06/761353?gameHash=36c27bd9454e6be7,2018,Regular Season
ESPORTSTMNT06/761362,2018_LoL_esports_match_data_from_OraclesElixir.csv,LCK,Summer,0,https://matchhistory.na.leagueoflegends.com/en/#match-details/ESPORTSTMNT06/761362?gameHash=31b380c63429b71c,2018,Regular Season
ESPORTSTMNT06/761429,2018_LoL_esports_match_data_from_OraclesElixir.csv,LCK,Summer,0,https://matchhistory.na.leagueoflegends.com/en/#match-details/ESPORTSTMNT06/761429?gameHash=53de5e83ea764869,2018,Regular Season
ESPORTSTMNT06/761452,2018_LoL_esports_match_data_from_OraclesElixir.csv,LCK,Summer,0,https://matchhistory.na.leagueoflegends.com/en/#match-details/ESPORTSTMNT06/761452?gameHash=44236211e439d109,2018,Regular Season
ESPORTSTMNT06/761475,2018_LoL_esports_match_data_from_OraclesElixir.csv,LCK,Summer,0,https://matchhistory.na.leagueoflegends.com/en/#match-details/ESPORTSTMNT06/761475?gameHash=cae4bc3b6515ed67,2018,Regular Season
ESPORTSTMNT06/761477,2018_LoL_esports_match_data_from_OraclesElixir.csv,LCK,Summer,0,https://matchhistory.na.leagueoflegends.com/en/#match-details/ESPORTSTMNT06/761477?gameHash=c5a13a092a036547,2018,Regular Season
ESPORTSTMNT06/761501,2018_LoL_esports_match_data_from_OraclesElixir.csv,LCK,Summer,0,https://matchhistory.na.leagueoflegends.com/en/#match-details/ESPORTSTMNT06/761501?gameHash=8ba06e46293bf370,2018,Regular Season
ESPORTSTMNT06/761512,2018_LoL_esports_match_data_from_OraclesElixir.csv,LCK,Summer,0,https://matchhistory.na.leagueoflegends.com/en/#match-details/ESPORTSTMNT06/761512?gameHash=f957102a0fcc4e74,2018,Regular Season
ESPORTSTMNT06/771712,2018_LoL_esports_match_data_from_OraclesElixir.csv,LCK,Summer,0,https://matchhistory.na.leagueoflegends.com/en/#match-details/ESPORTSTMNT06/771712?gameHash=52ddc8b5667979cc,2018,Regular Season
ESPORTSTMNT06/771719,2018_LoL_esports_match_data_from_OraclesElixir.csv,LCK,Summer,0,https://matchhistory.na.leagueoflegends.com/en/#match-details/ESPORTSTMNT06/771719?gameHash=4304ff9e83947f38,2018,Regular Season
ESPORTSTMNT06/771721,2018_LoL_esports_match_data_from_OraclesElixir.csv,LCK,Summer,0,https://matchhistory.na.leagueoflegends.com/en/#match-details/ESPORTSTMNT06/771721?gameHash=a5c2d733fea52868,2018,Regular Season
ESPORTSTMNT06/771735,2018_LoL_esports_match_data_from_OraclesElixir.csv,LCK,Summer,0,https://matchhistory.na.leagueoflegends.com/en/#match-details/ESPORTSTMNT06/771735?gameHash=50b41d779342f314,2018,Regular Season
ESPORTSTMNT06/771755,2018_LoL_esports_match_data_from_OraclesElixir.csv,LCK,Summer,0,https://matchhistory.na.leagueoflegends.com/en/#match-details/ESPORTSTMNT06/771755?gameHash=b899fa0eb47fedad,2018,Regular Season
ESPORTSTMNT06/771808,2018_LoL_esports_match_data_from_OraclesElixir.csv,LCK,Summer,0,https://matchhistory.na.leagueoflegends.com/en/#match-details/ESPORTSTMNT06/771808?gameHash=92fe3b6493d74f30,2018,Regular Season
ESPORTSTMNT06/771828,2018_LoL_esports_match_data_from_OraclesElixir.csv,LCK,Summer,0,https://matchhistory.na.leagueoflegends.com/en/#match-details/ESPORTSTMNT06/771828?gameHash=011f2b4f433a0f1b,2018,Regular Season
ESPORTSTMNT06/771841,2018_LoL_esports_match_data_from_OraclesElixir.csv,LCK,Summer,0,https://matchhistory.na.leagueoflegends.com/en/#match-details/ESPORTSTMNT06/771841?gameHash=0aae82af4befb7c5,2018,Regular Season
ESPORTSTMNT06/771864,2018_LoL_esports_match_data_from_OraclesElixir.csv,LCK,Summer,0,https://matchhistory.na.leagueoflegends.com/en/#match-details/ESPORTSTMNT06/771864?gameHash=af9d1a5cae081bde,2018,Regular Season
ESPORTSTMNT06/771870,2018_LoL_esports_match_data_from_OraclesElixir.csv,LCK,Summer,0,https://matchhistory.na.leagueoflegends.com/en/#match-details/ESPORTSTMNT06/771870?gameHash=c91c589ce1dcf555,2018,Regular Season
ESPORTSTMNT06/761889,2018_LoL_esports_match_data_from_OraclesElixir.csv,LCK,Summer,0,https://matchhistory.na.leagueoflegends.com/en/#match-details/ESPORTSTMNT06/761889?gameHash=77842698354c1a28,2018,Regular Season
ESPORTSTMNT06/772057,2018_LoL_esports_match_data_from_OraclesElixir.csv,LCK,Summer,0,https://matchhistory.na.leagueoflegends.com/en/#match-details/ESPORTSTMNT06/772057?gameHash=cc210f7ce300fa55,2018,Regular Season
ESPORTSTMNT06/761908,2018_LoL_esports_match_data_from_OraclesElixir.csv,LCK,Summer,0,https://matchhistory.na.leagueoflegends.com/en/#match-details/ESPORTSTMNT06/761908?gameHash=1d0109eedae4c9aa,2018,Regular Season
ESPORTSTMNT06/772092,2018_LoL_esports_match_data_from_OraclesElixir.csv,LCK,Summer,0,https://matchhistory.na.leagueoflegends.com/en/#match-details/ESPORTSTMNT06/772092?gameHash=aa9a61303420f4d4,2018,Regular Season
ESPORTSTMNT06/772148,2018_LoL_esports_match_data_from_OraclesElixir.csv,LCK,Summer,0,https://matchhistory.na.leagueoflegends.com/en/#match-details/ESPORTSTMNT06/772148?gameHash=5b67a85134ec8427,2018,Regular Season
ESPORTSTMNT06/761971,2018_LoL_esports_match_data_from_OraclesElixir.csv,LCK,Summer,0,https://matchhistory.na.leagueoflegends.com/en/#match-details/ESPORTSTMNT06/761971?gameHash=eab2f2c5eaa8d170,2018,Regular Season
ESPORTSTMNT06/761979,2018_LoL_esports_match_data_from_OraclesElixir.csv,LCK,Summer,0,https://matchhistory.na.leagueoflegends.com/en/#match-details/ESPORTSTMNT06/761979?gameHash=c2a5a7eab1f08ec2,2018,Regular Season
ESPORTSTMNT06/761984,2018_LoL_esports_match_data_from_OraclesElixir.csv,LCK,Summer,0,https://matchhistory.na.leagueoflegends.com/en/#match-details/ESPORTSTMNT06/761984?gameHash=6a198361adc0aed8,2018,Regular Season
ESPORTSTMNT06/762002,2018_LoL_esports_match_data_from_OraclesElixir.csv,LCK,Summer,0,https://matchhistory.na.leagueoflegends.com/en/#match-details/ESPORTSTMNT06/762002?gameHash=fec9fa5b383e077a,2018,Regular Season
ESPORTSTMNT06/762012,2018_LoL_esports_match_data_from_OraclesElixir.csv,LCK,Summer,0,https://matchhistory.na.leagueoflegends.com/en/#match-details/ESPORTSTMNT06/762012?gameHash=871832f816e267d1,2018,Regular Season
ESPORTSTMNT06/762018,2018_LoL_esports_match_data_from_OraclesElixir.csv,LCK,Summer,0,https://matchhistory.na.leagueoflegends.com/en/#match-details/ESPORTSTMNT06/762018?gameHash=1bfca3b8b8f56779,2018,Regular Season
ESPORTSTMNT06/762033,2018_LoL_esports_match_data_from_OraclesElixir.csv,LCK,Summer,0,https://matchhistory.na.leagueoflegends.com/en/#match-details/ESPORTSTMNT06/762033?gameHash=90c869111eb6f8cd,2018,Regular Season
ESPORTSTMNT06/762037,2018_LoL_esports_match_data_from_OraclesElixir.csv,LCK,Summer,0,https://matchhistory.na.leagueoflegends.com/en/#match-details/ESPORTSTMNT06/762037?gameHash=1d1790f14bcfb578,2018,Regular Season
ESPORTSTMNT06/772325,2018_LoL_esports_match_data_from_OraclesElixir.csv,LCK,Summer,0,https://matchhistory.na.leagueoflegends.com/en/#match-details/ESPORTSTMNT06/772325?gameHash=9c7ed2ddda8ad3dc,2018,Regular Season
ESPORTSTMNT06/772365,2018_LoL_esports_match_data_from_OraclesElixir.csv,LCK,Summer,0,https://matchhistory.na.leagueoflegends.com/en/#match-details/ESPORTSTMNT06/772365?gameHash=118b0d52e504556c,2018,Regular Season
ESPORTSTMNT06/772381,2018_LoL_esports_match_data_from_OraclesElixir.csv,LCK,Summer,0,https://matchhistory.na.leagueoflegends.com/en/#match-details/ESPORTSTMNT06/772381?gameHash=1d9c39375798794e,2018,Regular Season
ESPORTSTMNT06/772392,2018_LoL_esports_match_data_from_OraclesElixir.csv,LCK,Summer,0,https://matchhistory.na.leagueoflegends.com/en/#match-details/ESPORTSTMNT06/772392?gameHash=ea2261a5ca285c76,2018,Regular Season
ESPORTSTMNT06/772411,2018_LoL_esports_match_data_from_OraclesElixir.csv,LCK,Summer,0,https://matchhistory.na.leagueoflegends.com/en/#match-details/ESPORTSTMNT06/772411?gameHash=c38a36a88d8e0b7c,2018,Regular Season
ESPORTSTMNT06/772458,2018_LoL_esports_match_data_from_OraclesElixir.csv,LCK,Summer,0,https://matchhistory.na.leagueoflegends.com/en/#match-details/ESPORTSTMNT06/772458?gameHash=fa01e40b1837f571,2018,Regular Season
ESPORTSTMNT06/772476,2018_LoL_esports_match_data_from_OraclesElixir.csv,LCK,Summer,0,https://matchhistory.na.leagueoflegends.com/en/#match-details/ESPORTSTMNT06/772476?gameHash=4d4784f9a91d05f2,2018,Regular Season
ESPORTSTMNT06/772478,2018_LoL_esports_match_data_from_OraclesElixir.csv,LCK,Summer,0,https://matchhistory.na.leagueoflegends.com/en/#match-details/ESPORTSTMNT06/772478?gameHash=26af22eb37914815,2018,Regular Season
ESPORTSTMNT06/772486,2018_LoL_esports_match_data_from_OraclesElixir.csv,LCK,Summer,0,https://matchhistory.na.leagueoflegends.com/en/#match-details/ESPORTSTMNT06/772486?gameHash=683ab42012923c59,2018,Regular Season
ESPORTSTMNT06/772509,2018_LoL_esports_match_data_from_OraclesElixir.csv,LCK,Summer,0,https://matchhistory.na.leagueoflegends.com/en/#match-details/ESPORTSTMNT06/772509?gameHash=2ebe23ceb5962da8,2018,Regular Season
ESPORTSTMNT06/762373,2018_LoL_esports_match_data_from_OraclesElixir.csv,LCK,Summer,0,https://matchhistory.na.leagueoflegends.com/en/#match-details/ESPORTSTMNT06/762373?gameHash=3be9bb77b14eeb4e,2018,Regular Season
ESPORTSTMNT06/762391,2018_LoL_esports_match_data_from_OraclesElixir.csv,LCK,Summer,0,https://matchhistory.na.leagueoflegends.com/en/#match-details/ESPORTSTMNT06/762391?gameHash=b63df003871c00e2,2018,Regular Season
ESPORTSTMNT06/762396,2018_LoL_esports_match_data_from_OraclesElixir.csv,LCK,Summer,0,https://matchhistory.na.leagueoflegends.com/en/#match-details/ESPORTSTMNT06/762396?gameHash=2908fe00b7e8a9c6,2018,Regular Season
ESPORTSTMNT06/762418,2018_LoL_esports_match_data_from_OraclesElixir.csv,LCK,Summer,0,https://matchhistory.na.leagueoflegends.com/en/#match-details/ESPORTSTMNT06/762418?gameHash=10b2243a3a39fbf6,2018,Regular Season
ESPORTSTMNT06/772620,2018_LoL_esports_match_data_from_OraclesElixir.csv,LCK,Summer,0,https://matchhistory.na.leagueoflegends.com/en/#match-details/ESPORTSTMNT06/772620?gameHash=ddffcbf5ed7948ce,2018,Regular Season
ESPORTSTMNT06/762489,2018_LoL_esports_match_data_from_OraclesElixir.csv,LCK,Summer,0,https://matchhistory.na.leagueoflegends.com/en/#match-details/ESPORTSTMNT06/762489?gameHash=0685f970dcfcd2b2,2018,Regular Season
ESPORTSTMNT06/762491,2018_LoL_esports_match_data_from_OraclesElixir.csv,LCK,Summer,0,https://matchhistory.na.leagueoflegends.com/en/#match-details/ESPORTSTMNT06/762491?gameHash=49160b11f9f430af,2018,Regular Season
ESPORTSTMNT06/772641,2018_LoL_esports_match_data_from_OraclesElixir.csv,LCK,Summer,0,https://matchhistory.na.leagueoflegends.com/en/#match-details/ESPORTSTMNT06/772641?gameHash=b9e3fc543ccd81ff,2018,Regular Season
ESPORTSTMNT06/762508,2018_LoL_esports_match_data_from_OraclesElixir.csv,LCK,Summer,0,https://matchhistory.na.leagueoflegends.com/en/#match-details/ESPORTSTMNT06/762508?gameHash=de7a58fdf6eec65d,2018,Regular Season
ESPORTSTMNT06/790110,2018_LoL_esports_match_data_from_OraclesElixir.csv,LCK,Summer,0,https://matchhistory.na.leagueoflegends.com/en/#match-details/ESPORTSTMNT06/790110?gameHash=d5c798e92ae9e9af,2018,Regular Season
ESPORTSTMNT06/780129,2018_LoL_esports_match_data_from_OraclesElixir.csv,LCK,Summer,0,https://matchhistory.na.leagueoflegends.com/en/#match-details/ESPORTSTMNT06/780129?gameHash=cd4a73456c92d788,2018,Regular Season
ESPORTSTMNT06/780134,2018_LoL_esports_match_data_from_OraclesElixir.csv,LCK,Summer,0,https://matchhistory.na.leagueoflegends.com/en/#match-details/ESPORTSTMNT06/780134?gameHash=eb6d181ca0630db9,2018,Regular Season
ESPORTSTMNT06/790141,2018_LoL_esports_match_data_from_OraclesElixir.csv,LCK,Summer,0,https://matchhistory.na.leagueoflegends.com/en/#match-details/ESPORTSTMNT06/790141?gameHash=da42b7083092dc6a,2018,Regular Season
ESPORTSTMNT06/780154,2018_LoL_esports_match_data_from_OraclesElixir.csv,LCK,Summer,0,https://matchhistory.na.leagueoflegends.com/en/#match-details/ESPORTSTMNT06/780154?gameHash=95ebda29d819a343,2018,Regular Season
ESPORTSTMNT06/780158,2018_LoL_esports_match_data_from_OraclesElixir.csv,LCK,Summer,0,https://matchhistory.na.leagueoflegends.com/en/#match-details/ESPORTSTMNT06/780158?gameHash=e6709835ef3739e9,2018,Regular Season
ESPORTSTMNT06/780209,2018_LoL_esports_match_data_from_OraclesElixir.csv,LCK,Summer,0,https://matchhistory.na.leagueoflegends.com/en/#match-details/ESPORTSTMNT06/780209?gameHash=64a59551fa660bfc,2018,Regular Season
ESPORTSTMNT06/780216,2018_LoL_esports_match_data_from_OraclesElixir.csv,LCK,Summer,0,https://matchhistory.na.leagueoflegends.com/en/#match-details/ESPORTSTMNT06/780216?gameHash=48dd82d8859a2fdf,2018,Regular Season
ESPORTSTMNT06/780218,2018_LoL_esports_match_data_from_OraclesElixir.csv,LCK,Summer,0,https://matchhistory.na.leagueoflegends.com/en/#match-details/ESPORTSTMNT06/780218?gameHash=55fb4e6ed120f382,2018,Regular Season
ESPORTSTMNT06/780259,2018_LoL_esports_match_data_from_OraclesElixir.csv,LCK,Summer,0,https://matchhistory.na.leagueoflegends.com/en/#match-details/ESPORTSTMNT06/780259?gameHash=5d7361e80cab7082,2018,Regular Season
ESPORTSTMNT06/780266,2018_LoL_esports_match_data_from_OraclesElixir.csv,LCK,Summer,0,https://matchhistory.na.leagueoflegends.com/en/#match-details/ESPORTSTMNT06/780266?gameHash=79e492dfa30e8014,2018,Regular Season
ESPORTSTMNT06/780323,2018_LoL_esports_match_data_from_OraclesElixir.csv,LCK,Summer,0,https://matchhistory.na.leagueoflegends.com/en/#match-details/ESPORTSTMNT06/780323?gameHash=05fe93473e949c3d,2018,Regular Season
ESPORTSTMNT06/780341,2018_LoL_esports_match_data_from_OraclesElixir.csv,LCK,Summer,0,https://matchhistory.na.leagueoflegends.com/en/#match-details/ESPORTSTMNT06/780341?gameHash=c34b3af39d337cc1,2018,Regular Season
ESPORTSTMNT06/780357,2018_LoL_esports_match_data_from_OraclesElixir.csv,LCK,Summer,0,https://matchhistory.na.leagueoflegends.com/en/#match-details/ESPORTSTMNT06/780357?gameHash=f78dfde0199bbb63,2018,Regular Season
ESPORTSTMNT06/780398,2018_LoL_esports_match_data_from_OraclesElixir.csv,LCK,Summer,0,https://matchhistory.na.leagueoflegends.com/en/#match-details/ESPORTSTMNT06/780398?gameHash=37c21614153687a7,2018,Regular Season
ESPORTSTMNT06/780404,2018_LoL_esports_match_data_from_OraclesElixir.csv,LCK,Summer,0,https://matchhistory.na.leagueoflegends.com/en/#match-details/ESPORTSTMNT06/780404?gameHash=3392cb1a20f53889,2018,Regular Season
ESPORTSTMNT06/790591,2018_LoL_esports_match_data_from_OraclesElixir.csv,LCK,Summer,0,https://matchhistory.na.leagueoflegends.com/en/#match-details/ESPORTSTMNT06/790591?gameHash=6c36e0a0e9eec4c2,2018,Regular Season
ESPORTSTMNT06/790603,2018_LoL_esports_match_data_from_OraclesElixir.csv,LCK,Summer,0,https://matchhistory.na.leagueoflegends.com/en/#match-details/ESPORTSTMNT06/790603?gameHash=fdf383b6e4e73df7,2018,Regular Season
ESPORTSTMNT06/790612,2018_LoL_esports_match_data_from_OraclesElixir.csv,LCK,Summer,0,https://matchhistory.na.leagueoflegends.com/en/#match-details/ESPORTSTMNT06/790612?gameHash=e17932e9a0801a2b,2018,Regular Season
ESPORTSTMNT06/790625,2018_LoL_esports_match_data_from_OraclesElixir.csv,LCK,Summer,0,https://matchhistory.na.leagueoflegends.com/en/#match-details/ESPORTSTMNT06/790625?gameHash=4803cda9812e5853,2018,Regular Season
ESPORTSTMNT06/790635,2018_LoL_esports_match_data_from_OraclesElixir.csv,LCK,Summer,0,https://matchhistory.na.leagueoflegends.com/en/#match-details/ESPORTSTMNT06/790635?gameHash=f68242496dfcf3e8,2018,Regular Season
ESPORTSTMNT06/790672,2018_LoL_esports_match_data_from_OraclesElixir.csv,LCK,Summer,0,https://matchhistory.na.leagueoflegends.com/en/#match-details/ESPORTSTMNT06/790672?gameHash=945932e6465b58be,2018,Regular Season
ESPORTSTMNT06/780645,2018_LoL_esports_match_data_from_OraclesElixir.csv,LCK,Summer,0,https://matchhistory.na.leagueoflegends.com/en/#match-details/ESPORTSTMNT06/780645?gameHash=dfad264d74227dcc,2018,Regular Season
ESPORTSTMNT06/780647,2018_LoL_esports_match_data_from_OraclesElixir.csv,LCK,Summer,0,https://matchhistory.na.leagueoflegends.com/en/#match-details/ESPORTSTMNT06/780647?gameHash=749c0405a1e9ac59,2018,Regular Season
ESPORTSTMNT06/790698,2018_LoL_esports_match_data_from_OraclesElixir.csv,LCK,Summer,0,https://matchhistory.na.leagueoflegends.com/en/#match-details/ESPORTSTMNT06/790698?gameHash=bfd8b1127621dfbc,2018,Regular Season
ESPORTSTMNT06/780671,2018_LoL_esports_match_data_from_OraclesElixir.csv,LCK,Summer,0,https://matchhistory.na.leagueoflegends.com/en/#match-details/ESPORTSTMNT06/780671?gameHash=f54af44d137f0014,2018,Regular Season
ESPORTSTMNT06/780772,2018_LoL_esports_match_data_from_OraclesElixir.csv,LCK,Summer,0,https://matchhistory.na.leagueoflegends.com/en/#match-details/ESPORTSTMNT06/780772?gameHash=04eaa5d5cea58689,2018,Regular Season
ESPORTSTMNT06/790891,2018_LoL_esports_match_data_from_OraclesElixir.csv,LCK,Summer,0,https://matchhistory.na.leagueoflegends.com/en/#match-details/ESPORTSTMNT06/790891?gameHash=9b69d3842521c23f,2018,Regular Season
ESPORTSTMNT06/790898,2018_LoL_esports_match_data_from_OraclesElixir.csv,LCK,Summer,0,https://matchhistory.na.leagueoflegends.com/en/#match-details/ESPORTSTMNT06/790898?gameHash=781f589552b27af7,2018,Regular Season
ESPORTSTMNT06/790940,2018_LoL_esports_match_data_from_OraclesElixir.csv,LCK,Summer,0,https://matchhistory.na.leagueoflegends.com/en/#match-details/ESPORTSTMNT06/790940?gameHash=d9d2769113b55213,2018,Regular Season
ESPORTSTMNT06/790992,2018_LoL_esports_match_data_from_OraclesElixir.csv,LCK,Summer,0,https://matchhistory.na.leagueoflegends.com/en/#match-details/ESPORTSTMNT06/790992?gameHash=89797b1d00b2949b,2018,Regular Season
ESPORTSTMNT06/791000,2018_LoL_esports_match_data_from_OraclesElixir.csv,LCK,Summer,0,https://matchhistory.na.leagueoflegends.com/en/#match-details/ESPORTSTMNT06/791000?gameHash=8978e0c7eb40be2b,2018,Regular Season
ESPORTSTMNT06/791010,2018_LoL_esports_match_data_from_OraclesElixir.csv,LCK,Summer,0,https://matchhistory.na.leagueoflegends.com/en/#match-details/ESPORTSTMNT06/791010?gameHash=f3bbd62bf4199491,2018,Regular Season
ESPORTSTMNT06/791022,2018_LoL_esports_match_data_from_OraclesElixir.csv,LCK,Summer,0,https://matchhistory.na.leagueoflegends.com/en/#match-details/ESPORTSTMNT06/791022?gameHash=1202f3aab47e2dcf,2018,Regular Season
ESPORTSTMNT06/791091,2018_LoL_esports_match_data_from_OraclesElixir.csv,LCK,Summer,0,https://matchhistory.na.leagueoflegends.com/en/#match-details/ESPORTSTMNT06/791091?gameHash=e4370e39b43b75dd,2018,Regular Season
ESPORTSTMNT06/791123,2018_LoL_esports_match_data_from_OraclesElixir.csv,LCK,Summer,0,https://matchhistory.na.leagueoflegends.com/en/#match-details/ESPORTSTMNT06/791123?gameHash=47d3b020ab6f059e,2018,Regular Season
ESPORTSTMNT06/791139,2018_LoL_esports_match_data_from_OraclesElixir.csv,LCK,Summer,0,https://matchhistory.na.leagueoflegends.com/en/#match-details/ESPORTSTMNT06/791139?gameHash=8581e7506ee2bb44,2018,Regular Season
ESPORTSTMNT06/791158,2018_LoL_esports_match_data_from_OraclesElixir.csv,LCK,Summer,0,https://matchhistory.na.leagueoflegends.com/en/#match-details/ESPORTSTMNT06/791158?gameHash=e379e5f93a56060b,2018,Regular Season
ESPORTSTMNT06/810022,2018_LoL_esports_match_data_from_OraclesElixir.csv,LCK,Summer,1,https://matchhistory.na.leagueoflegends.com/en/#match-details/ESPORTSTMNT06/810022?gameHash=37c6ba4caf769552,2018,Playoff
ESPORTSTMNT06/810035,2018_LoL_esports_match_data_from_OraclesElixir.csv,LCK,Summer,1,https://matchhistory.na.leagueoflegends.com/en/#match-details/ESPORTSTMNT06/810035?gameHash=5bfac9401066a725,2018,Playoff
ESPORTSTMNT06/800231,2018_LoL_esports_match_data_from_OraclesElixir.csv,LCK,Summer,1,https://matchhistory.na.leagueoflegends.com/en/#match-details/ESPORTSTMNT06/800231?gameHash=207f96ecd920393d,2018,Playoff
ESPORTSTMNT06/810182,2018_LoL_esports_match_data_from_OraclesElixir.csv,LCK,Summer,1,https://matchhistory.na.leagueoflegends.com/en/#match-details/ESPORTSTMNT06/810182?gameHash=e9434c98bf96550f,2018,Playoff
ESPORTSTMNT06/810183,2018_LoL_esports_match_data_from_OraclesElixir.csv,LCK,Summer,1,https://matchhistory.na.leagueoflegends.com/en/#match-details/ESPORTSTMNT06/810183?gameHash=fb2149e3606c7419,2018,Playoff
ESPORTSTMNT06/810190,2018_LoL_esports_match_data_from_OraclesElixir.csv,LCK,Summer,1,https://matchhistory.na.leagueoflegends.com/en/#match-details/ESPORTSTMNT06/810190?gameHash=b4ca787543db70aa,2018,Playoff
ESPORTSTMNT06/800658,2018_LoL_esports_match_data_from_OraclesElixir.csv,LCK,Summer,1,https://matchhistory.na.leagueoflegends.com/en/#match-details/ESPORTSTMNT06/800658?gameHash=e7c12a964880d3ac,2018,Playoff
ESPORTSTMNT06/800678,2018_LoL_esports_match_data_from_OraclesElixir.csv,LCK,Summer,1,https://matchhistory.na.leagueoflegends.com/en/#match-details/ESPORTSTMNT06/800678?gameHash=9d800dfe7cf375d4,2018,Playoff
ESPORTSTMNT06/800691,2018_LoL_esports_match_data_from_OraclesElixir.csv,LCK,Summer,1,https://matchhistory.na.leagueoflegends.com/en/#match-details/ESPORTSTMNT06/800691?gameHash=f2a76a98564e7f2f,2018,Playoff
ESPORTSTMNT06/800707,2018_LoL_esports_match_data_from_OraclesElixir.csv,LCK,Summer,1,https://matchhistory.na.leagueoflegends.com/en/#match-details/ESPORTSTMNT06/800707?gameHash=740b92dddaaec9f1,2018,Playoff
ESPORTSTMNT06/800711,2018_LoL_esports_match_data_from_OraclesElixir.csv,LCK,Summer,1,https://matchhistory.na.leagueoflegends.com/en/#match-details/ESPORTSTMNT06/800711?gameHash=d5a45bc67bcc80c5,2018,Playoff
ESPORTSTMNT06/801742,2018_LoL_esports_match_data_from_OraclesElixir.csv,LCK,Summer,1,https://matchhistory.na.leagueoflegends.com/en/#match-details/ESPORTSTMNT06/801742?gameHash=6dc16698be645369,2018,Playoff
ESPORTSTMNT06/801761,2018_LoL_esports_match_data_from_OraclesElixir.csv,LCK,Summer,1,https://matchhistory.na.leagueoflegends.com/en/#match-details/ESPORTSTMNT06/801761?gameHash=f6706a03a9bef57b,2018,Playoff
ESPORTSTMNT06/801762,2018_LoL_esports_match_data_from_OraclesElixir.csv,LCK,Summer,1,https://matchhistory.na.leagueoflegends.com/en/#match-details/ESPORTSTMNT06/801762?gameHash=657338ba1a29dd46,2018,Playoff
ESPORTSTMNT06/801765,2018_LoL_esports_match_data_from_OraclesElixir.csv,LCK,Summer,1,https://matchhistory.na.leagueoflegends.com/en/#match-details/ESPORTSTMNT06/801765?gameHash=64cbbe7fea95ef1b,2018,Playoff
ESPORTSTMNT06/801767,2018_LoL_esports_match_data_from_OraclesElixir.csv,LCK,Summer,1,https://matchhistory.na.leagueoflegends.com/en/#match-details/ESPORTSTMNT06/801767?gameHash=42f5573d17f40640,2018,Playoff
ESPORTSTMNT06/811711,2018_LoL_esports_match_data_from_OraclesElixir.csv,LCK,,0,https://matchhistory.na.leagueoflegends.com/en/#match-details/ESPORTSTMNT06/811711?gameHash=ab8e5a59739e84d7,2018,Regional Qualifier
ESPORTSTMNT06/801842,2018_LoL_esports_match_data_from_OraclesElixir.csv,LCK,,0,https://matchhistory.na.leagueoflegends.com/en/#match-details/ESPORTSTMNT06/801842?gameHash=c37c87e3e1b32720,2018,Regional Qualifier
ESPORTSTMNT06/811719,2018_LoL_esports_match_data_from_OraclesElixir.csv,LCK,,0,https://matchhistory.na.leagueoflegends.com/en/#match-details/ESPORTSTMNT06/811719?gameHash=63fad6198b76122f,2018,Regional Qualifier
ESPORTSTMNT06/811721,2018_LoL_esports_match_data_from_OraclesElixir.csv,LCK,,0,https://matchhistory.na.leagueoflegends.com/en/#match-details/ESPORTSTMNT06/811721?gameHash=bacb1b2db58deeeb,2018,Regional Qualifier
ESPORTSTMNT06/801855,2018_LoL_esports_match_data_from_OraclesElixir.csv,LCK,,0,https://matchhistory.na.leagueoflegends.com/en/#match-details/ESPORTSTMNT06/801855?gameHash=47cd864d6f9d7436,2018,Regional Qualifier
ESPORTSTMNT06/811786,2018_LoL_esports_match_data_from_OraclesElixir.csv,LCK,,0,https://matchhistory.na.leagueoflegends.com/en/#match-details/ESPORTSTMNT06/811786?gameHash=3bd93c0b18c42aec,2018,Regional Qualifier
ESPORTSTMNT06/811803,2018_LoL_esports_match_data_from_OraclesElixir.csv,LCK,,0,https://matchhistory.na.leagueoflegends.com/en/#match-details/ESPORTSTMNT06/811803?gameHash=0b9feb19d5f659d1,2018,Regional Qualifier
ESPORTSTMNT06/811806,2018_LoL_esports_match_data_from_OraclesElixir.csv,LCK,,0,https://matchhistory.na.leagueoflegends.com/en/#match-details/ESPORTSTMNT06/811806?gameHash=5eaf712a7358e389,2018,Regional Qualifier
ESPORTSTMNT06/811810,2018_LoL_esports_match_data_from_OraclesElixir.csv,LCK,,0,https://matchhistory.na.leagueoflegends.com/en/#match-details/ESPORTSTMNT06/811810?gameHash=158d3271e4cc27d9,2018,Regional Qualifier
ESPORTSTMNT06/811812,2018_LoL_esports_match_data_from_OraclesElixir.csv,LCK,,0,https://matchhistory.na.leagueoflegends.com/en/#match-details/ESPORTSTMNT06/811812?gameHash=3127a7c68e54953f,2018,Regional Qualifier
ESPORTSTMNT06/811838,2018_LoL_esports_match_data_from_OraclesElixir.csv,LCK,,0,https://matchhistory.na.leagueoflegends.com/en/#match-details/ESPORTSTMNT06/811838?gameHash=e95fe1a48652e476,2018,Regional Qualifier
ESPORTSTMNT06/811855,2018_LoL_esports_match_data_from_OraclesElixir.csv,LCK,,0,https://matchhistory.na.leagueoflegends.com/en/#match-details/ESPORTSTMNT06/811855?gameHash=92f7fe3de240e319,2018,Regional Qualifier
ESPORTSTMNT06/811856,2018_LoL_esports_match_data_from_OraclesElixir.csv,LCK,,0,https://matchhistory.na.leagueoflegends.com/en/#match-details/ESPORTSTMNT06/811856?gameHash=ebe35178fb5f1b4c,2018,Regional Qualifier
ESPORTSTMNT06/830037,2018_LoL_esports_match_data_from_OraclesElixir.csv,LCK,Spring,0,https://matchhistory.na.leagueoflegends.com/en/#match-details/ESPORTSTMNT06/830037?gameHash=464ba022471ed910,2018,Promotion
ESPORTSTMNT06/830045,2018_LoL_esports_match_data_from_OraclesElixir.csv,LCK,Spring,0,https://matchhistory.na.leagueoflegends.com/en/#match-details/ESPORTSTMNT06/830045?gameHash=0e95a4fd002db514,2018,Promotion
ESPORTSTMNT06/830053,2018_LoL_esports_match_data_from_OraclesElixir.csv,LCK,Spring,0,https://matchhistory.na.leagueoflegends.com/en/#match-details/ESPORTSTMNT06/830053?gameHash=2d9dff17f20896b6,2018,Promotion
ESPORTSTMNT06/830065,2018_LoL_esports_match_data_from_OraclesElixir.csv,LCK,Spring,0,https://matchhistory.na.leagueoflegends.com/en/#match-details/ESPORTSTMNT06/830065?gameHash=ec49b4f7ffda5eed,2018,Promotion
ESPORTSTMNT06/830129,2018_LoL_esports_match_data_from_OraclesElixir.csv,LCK,Spring,0,https://matchhistory.na.leagueoflegends.com/en/#match-details/ESPORTSTMNT06/830129?gameHash=8cf45b685e853c2e,2018,Promotion
ESPORTSTMNT06/830159,2018_LoL_esports_match_data_from_OraclesElixir.csv,LCK,Spring,0,https://matchhistory.na.leagueoflegends.com/en/#match-details/ESPORTSTMNT06/830159?gameHash=26315fd7daa36823,2018,Promotion
ESPORTSTMNT06/830167,2018_LoL_esports_match_data_from_OraclesElixir.csv,LCK,Spring,0,https://matchhistory.na.leagueoflegends.com/en/#match-details/ESPORTSTMNT06/830167?gameHash=5cb553d9234a806c,2018,Promotion
ESPORTSTMNT06/830170,2018_LoL_esports_match_data_from_OraclesElixir.csv,LCK,Spring,0,https://matchhistory.na.leagueoflegends.com/en/#match-details/ESPORTSTMNT06/830170?gameHash=e525df8176eb729a,2018,Promotion
ESPORTSTMNT06/830194,2018_LoL_esports_match_data_from_OraclesElixir.csv,LCK,Spring,0,https://matchhistory.na.leagueoflegends.com/en/#match-details/ESPORTSTMNT06/830194?gameHash=a635b4ec4a83a51f,2018,Promotion
ESPORTSTMNT06/830210,2018_LoL_esports_match_data_from_OraclesElixir.csv,LCK,Spring,0,https://matchhistory.na.leagueoflegends.com/en/#match-details/ESPORTSTMNT06/830210?gameHash=49ad6b7c020b0822,2018,Promotion
ESPORTSTMNT06/830213,2018_LoL_esports_match_data_from_OraclesElixir.csv,LCK,Spring,0,https://matchhistory.na.leagueoflegends.com/en/#match-details/ESPORTSTMNT06/830213?gameHash=90f76a291a35550b,2018,Promotion
ESPORTSTMNT06/830218,2018_LoL_esports_match_data_from_OraclesElixir.csv,LCK,Spring,0,https://matchhistory.na.leagueoflegends.com/en/#match-details/ESPORTSTMNT06/830218?gameHash=ad40326b7eac1816,2018,Promotion
ESPORTSTMNT06/830241,2018_LoL_esports_match_data_from_OraclesElixir.csv,LCK,Spring,0,https://matchhistory.na.leagueoflegends.com/en/#match-details/ESPORTSTMNT06/830241?gameHash=4f73ad4c8e74d6dd,2018,Promotion
ESPORTSTMNT06/830259,2018_LoL_esports_match_data_from_OraclesElixir.csv,LCK,Spring,0,https://matchhistory.na.leagueoflegends.com/en/#match-details/ESPORTSTMNT06/830259?gameHash=2bf0bdf132d6e949,2018,Promotion
ESPORTSTMNT06/830263,2018_LoL_esports_match_data_from_OraclesElixir.csv,LCK,Spring,0,https://matchhistory.na.leagueoflegends.com/en/#match-details/ESPORTSTMNT06/830263?gameHash=acc758920de83398,2018,Promotion
ESPORTSTMNT01/1041158,2019_LoL_esports_match_data_from_OraclesElixir.csv,LCK,Spring,0,https://matchhistory.euw.leagueoflegends.com/en/#match-details/ESPORTSTMNT01/1041158?gameHash=07b3a542b5c64ccb,2019,Regular Season
ESPORTSTMNT01/1041166,2019_LoL_esports_match_data_from_OraclesElixir.csv,LCK,Spring,0,https://matchhistory.euw.leagueoflegends.com/en/#match-details/ESPORTSTMNT01/1041166?gameHash=7319308a5307a82e,2019,Regular Season
ESPORTSTMNT01/1041205,2019_LoL_esports_match_data_from_OraclesElixir.csv,LCK,Spring,0,https://matchhistory.euw.leagueoflegends.com/en/#match-details/ESPORTSTMNT01/1041205?gameHash=c6b3e8de3b098479,2019,Regular Season
ESPORTSTMNT01/1041216,2019_LoL_esports_match_data_from_OraclesElixir.csv,LCK,Spring,0,https://matchhistory.euw.leagueoflegends.com/en/#match-details/ESPORTSTMNT01/1041216?gameHash=0366dbcf63ce8e8f,2019,Regular Season
ESPORTSTMNT01/1041447,2019_LoL_esports_match_data_from_OraclesElixir.csv,LCK,Spring,0,https://matchhistory.euw.leagueoflegends.com/en/#match-details/ESPORTSTMNT01/1041447?gameHash=d2ec381d2bc354ce,2019,Regular Season
ESPORTSTMNT01/1041495,2019_LoL_esports_match_data_from_OraclesElixir.csv,LCK,Spring,0,https://matchhistory.euw.leagueoflegends.com/en/#match-details/ESPORTSTMNT01/1041495?gameHash=06ec56352c78c8c0,2019,Regular Season
ESPORTSTMNT01/1041497,2019_LoL_esports_match_data_from_OraclesElixir.csv,LCK,Spring,0,https://matchhistory.euw.leagueoflegends.com/en/#match-details/ESPORTSTMNT01/1041497?gameHash=54b113d1cebe3603,2019,Regular Season
ESPORTSTMNT01/1041504,2019_LoL_esports_match_data_from_OraclesElixir.csv,LCK,Spring,0,https://matchhistory.euw.leagueoflegends.com/en/#match-details/ESPORTSTMNT01/1041504?gameHash=c91507e194a6d7d4,2019,Regular Season
ESPORTSTMNT01/1041535,2019_LoL_esports_match_data_from_OraclesElixir.csv,LCK,Spring,0,https://matchhistory.euw.leagueoflegends.com/en/#match-details/ESPORTSTMNT01/1041535?gameHash=60687e5ba3102eed,2019,Regular Season
ESPORTSTMNT01/1041676,2019_LoL_esports_match_data_from_OraclesElixir.csv,LCK,Spring,0,https://matchhistory.euw.leagueoflegends.com/en/#match-details/ESPORTSTMNT01/1041676?gameHash=ee12ff55942fbf22,2019,Regular Season
ESPORTSTMNT01/1041724,2019_LoL_esports_match_data_from_OraclesElixir.csv,LCK,Spring,0,https://matchhistory.euw.leagueoflegends.com/en/#match-details/ESPORTSTMNT01/1041724?gameHash=e592380c2a4b7cac,2019,Regular Season
ESPORTSTMNT01/1041734,2019_LoL_esports_match_data_from_OraclesElixir.csv,LCK,Spring,0,https://matchhistory.euw.leagueoflegends.com/en/#match-details/ESPORTSTMNT01/1041734?gameHash=7b5c1c39a177b491,2019,Regular Season
ESPORTSTMNT01/1041756,2019_LoL_esports_match_data_from_OraclesElixir.csv,LCK,Spring,0,https://matchhistory.euw.leagueoflegends.com/en/#match-details/ESPORTSTMNT01/1041756?gameHash=445c501942700bb6,2019,Regular Season
ESPORTSTMNT01/1041882,2019_LoL_esports_match_data_from_OraclesElixir.csv,LCK,Spring,0,https://matchhistory.euw.leagueoflegends.com/en/#match-details/ESPORTSTMNT01/1041882?gameHash=f670a5ce703ed3b6,2019,Regular Season
ESPORTSTMNT01/1041911,2019_LoL_esports_match_data_from_OraclesElixir.csv,LCK,Spring,0,https://matchhistory.euw.leagueoflegends.com/en/#match-details/ESPORTSTMNT01/1041911?gameHash=945968be2242c0d1,2019,Regular Season
ESPORTSTMNT01/1031941,2019_LoL_esports_match_data_from_OraclesElixir.csv,LCK,Spring,0,https://matchhistory.euw.leagueoflegends.com/en/#match-details/ESPORTSTMNT01/1031941?gameHash=a7ada8e9806d6b38,2019,Regular Season
ESPORTSTMNT01/1031972,2019_LoL_esports_match_data_from_OraclesElixir.csv,LCK,Spring,0,https://matchhistory.euw.leagueoflegends.com/en/#match-details/ESPORTSTMNT01/1031972?gameHash=d3e7fcbced0ba4bc,2019,Regular Season
ESPORTSTMNT01/1032162,2019_LoL_esports_match_data_from_OraclesElixir.csv,LCK,Spring,0,http://matchhistory.euw.leagueoflegends.com/en/#match-details/ESPORTSTMNT01/1032162?gameHash=918d8305e855403c,2019,Regular Season
ESPORTSTMNT01/1032172,2019_LoL_esports_match_data_from_OraclesElixir.csv,LCK,Spring,0,http://matchhistory.euw.leagueoflegends.com/en/#match-details/ESPORTSTMNT01/1032172?gameHash=8ede6f2fb19b38c8,2019,Regular Season
ESPORTSTMNT01/1042154,2019_LoL_esports_match_data_from_OraclesElixir.csv,LCK,Spring,0,http://matchhistory.euw.leagueoflegends.com/en/#match-details/ESPORTSTMNT01/1042154?gameHash=9f3ffd85a4010526,2019,Regular Season
ESPORTSTMNT01/1042168,2019_LoL_esports_match_data_from_OraclesElixir.csv,LCK,Spring,0,http://matchhistory.euw.leagueoflegends.com/en/#match-details/ESPORTSTMNT01/1042168?gameHash=8480d87736d931d3,2019,Regular Season
ESPORTSTMNT01/1032839,2019_LoL_esports_match_data_from_OraclesElixir.csv,LCK,Spring,0,https://matchhistory.euw.leagueoflegends.com/en/#match-details/ESPORTSTMNT01/1032839?gameHash=1d03f4932dfc5318,2019,Regular Season
ESPORTSTMNT01/1032853,2019_LoL_esports_match_data_from_OraclesElixir.csv,LCK,Spring,0,https://matchhistory.euw.leagueoflegends.com/en/#match-details/ESPORTSTMNT01/1032853?gameHash=9ea6261c981102c0,2019,Regular Season
ESPORTSTMNT01/1042854,2019_LoL_esports_match_data_from_OraclesElixir.csv,LCK,Spring,0,https://matchhistory.euw.leagueoflegends.com/en/#match-details/ESPORTSTMNT01/1042854?gameHash=27d00870a99d6d8d,2019,Regular Season
ESPORTSTMNT01/1032906,2019_LoL_esports_match_data_from_OraclesElixir.csv,LCK,Spring,0,https://matchhistory.euw.leagueoflegends.com/en/#match-details/ESPORTSTMNT01/1032906?gameHash=8e4ecc88d33612f4,2019,Regular Season
ESPORTSTMNT01/1043122,2019_LoL_esports_match_data_from_OraclesElixir.csv,LCK,Spring,0,https://matchhistory.euw.leagueoflegends.com/en/#match-details/ESPORTSTMNT01/1043122?gameHash=17c221acb3ea1f72,2019,Regular Season
ESPORTSTMNT01/1043158,2019_LoL_esports_match_data_from_OraclesElixir.csv,LCK,Spring,0,https://matchhistory.euw.leagueoflegends.com/en/#match-details/ESPORTSTMNT01/1043158?gameHash=8225ca96fe944bab,2019,Regular Season
ESPORTSTMNT01/1043165,2019_LoL_esports_match_data_from_OraclesElixir.csv,LCK,Spring,0,https://matchhistory.euw.leagueoflegends.com/en/#match-details/ESPORTSTMNT01/1043165?gameHash=efefe255f86bdc34,2019,Regular Season
ESPORTSTMNT01/1043203,2019_LoL_esports_match_data_from_OraclesElixir.csv,LCK,Spring,0,http://matchhistory.euw.leagueoflegends.com/en/#match-details/ESPORTSTMNT01/1043203?gameHash=b59209cc67e23c3e,2019,Regular Season
ESPORTSTMNT01/1043218,2019_LoL_esports_match_data_from_OraclesElixir.csv,LCK,Spring,0,http://matchhistory.euw.leagueoflegends.com/en/#match-details/ESPORTSTMNT01/1043218?gameHash=276b0fa0e4a0f375,2019,Regular Season
ESPORTSTMNT01/1043223,2019_LoL_esports_match_data_from_OraclesElixir.csv,LCK,Spring,0,http://matchhistory.euw.leagueoflegends.com/en/#match-details/ESPORTSTMNT01/1043223?gameHash=1cc1cba9a548e1a7,2019,Regular Season
ESPORTSTMNT02/991789,2019_LoL_esports_match_data_from_OraclesElixir.csv,LCK,Spring,0,https://matchhistory.euw.leagueoflegends.com/en/#match-details/ESPORTSTMNT02/991789?gameHash=f9961c731b40b48a,2019,Regular Season
ESPORTSTMNT02/981807,2019_LoL_esports_match_data_from_OraclesElixir.csv,LCK,Spring,0,https://matchhistory.euw.leagueoflegends.com/en/#match-details/ESPORTSTMNT02/981807?gameHash=1052b815fd910866,2019,Regular Season
ESPORTSTMNT02/991935,2019_LoL_esports_match_data_from_OraclesElixir.csv,LCK,Spring,0,https://matchhistory.euw.leagueoflegends.com/en/#match-details/ESPORTSTMNT02/991935?gameHash=dc9d13431772c54b,2019,Regular Season
ESPORTSTMNT02/981910,2019_LoL_esports_match_data_from_OraclesElixir.csv,LCK,Spring,0,https://matchhistory.euw.leagueoflegends.com/en/#match-details/ESPORTSTMNT02/981910?gameHash=8080755888ba8942,2019,Regular Season
ESPORTSTMNT02/982269,2019_LoL_esports_match_data_from_OraclesElixir.csv,LCK,Spring,0,https://matchhistory.euw.leagueoflegends.com/en/#match-details/ESPORTSTMNT02/982269?gameHash=7430405614184a16,2019,Regular Season
ESPORTSTMNT02/982307,2019_LoL_esports_match_data_from_OraclesElixir.csv,LCK,Spring,0,https://matchhistory.euw.leagueoflegends.com/en/#match-details/ESPORTSTMNT02/982307?gameHash=1b6824883596a5d1,2019,Regular Season
ESPORTSTMNT02/982326,2019_LoL_esports_match_data_from_OraclesElixir.csv,LCK,Spring,0,https://matchhistory.euw.leagueoflegends.com/en/#match-details/ESPORTSTMNT02/982326?gameHash=c7348b3bbda9f270,2019,Regular Season
ESPORTSTMNT02/982393,2019_LoL_esports_match_data_from_OraclesElixir.csv,LCK,Spring,0,https://matchhistory.euw.leagueoflegends.com/en/#match-details/ESPORTSTMNT02/982393?gameHash=19985969b776b434,2019,Regular Season
ESPORTSTMNT02/982640,2019_LoL_esports_match_data_from_OraclesElixir.csv,LCK,Spring,0,http://matchhistory.euw.leagueoflegends.com/en/#match-details/ESPORTSTMNT02/982640?gameHash=541770f0356ca4a1,2019,Regular Season
ESPORTSTMNT02/992747,2019_LoL_esports_match_data_from_OraclesElixir.csv,LCK,Spring,0,http://matchhistory.euw.leagueoflegends.com/en/#match-details/ESPORTSTMNT02/992747?gameHash=50605e01b97fd8f9,2019,Regular Season
ESPORTSTMNT02/992751,2019_LoL_esports_match_data_from_OraclesElixir.csv,LCK,Spring,0,http://matchhistory.euw.leagueoflegends.com/en/#match-details/ESPORTSTMNT02/992751?gameHash=ca9f903efd6198e7,2019,Regular Season
ESPORTSTMNT02/982686,2019_LoL_esports_match_data_from_OraclesElixir.csv,LCK,Spring,0,https://matchhistory.euw.leagueoflegends.com/en/#match-details/ESPORTSTMNT02/982686?gameHash=4d823bf65b6ba5b2,2019,Regular Season
ESPORTSTMNT02/992771,2019_LoL_esports_match_data_from_OraclesElixir.csv,LCK,Spring,0,https://matchhistory.euw.leagueoflegends.com/en/#match-details/ESPORTSTMNT02/992771?gameHash=9eb23e118f1a4ae6,2019,Regular Season
ESPORTSTMNT02/992779,2019_LoL_esports_match_data_from_OraclesElixir.csv,LCK,Spring,0,https://matchhistory.euw.leagueoflegends.com/en/#match-details/ESPORTSTMNT02/992779?gameHash=fd3325d79f4d6c64,2019,Regular Season
ESPORTSTMNT01/1050537,2019_LoL_esports_match_data_from_OraclesElixir.csv,LCK,Spring,0,https://matchhistory.euw.leagueoflegends.com/en/#match-details/ESPORTSTMNT01/1050537?gameHash=406cdf5de15e941e,2019,Regular Season
ESPORTSTMNT01/1050551,2019_LoL_esports_match_data_from_OraclesElixir.csv,LCK,Spring,0,https://matchhistory.euw.leagueoflegends.com/en/#match-details/ESPORTSTMNT01/1050551?gameHash=0323b087dd562424,2019,Regular Season
ESPORTSTMNT01/1060524,2019_LoL_esports_match_data_from_OraclesElixir.csv,LCK,Spring,0,https://matchhistory.euw.leagueoflegends.com/en/#match-details/ESPORTSTMNT01/1060524?gameHash=930cd934c70c59a0,2019,Regular Season
ESPORTSTMNT01/1050569,2019_LoL_esports_match_data_from_OraclesElixir.csv,LCK,Spring,0,https://matchhistory.euw.leagueoflegends.com/en/#match-details/ESPORTSTMNT01/1050569?gameHash=7f05bd577650c518,2019,Regular Season
ESPORTSTMNT01/1060564,2019_LoL_esports_match_data_from_OraclesElixir.csv,LCK,Spring,0,https://matchhistory.euw.leagueoflegends.com/en/#match-details/ESPORTSTMNT01/1060564?gameHash=bf0d8bcb39197bee,2019,Regular Season
ESPORTSTMNT01/1060844,2019_LoL_esports_match_data_from_OraclesElixir.csv,LCK,Spring,0,https://matchhistory.euw.leagueoflegends.com/en/#match-details/ESPORTSTMNT01/1060844?gameHash=7407624a43e2c0f6,2019,Regular Season
ESPORTSTMNT01/1060866,2019_LoL_esports_match_data_from_OraclesElixir.csv,LCK,Spring,0,https://matchhistory.euw.leagueoflegends.com/en/#match-details/ESPORTSTMNT01/1060866?gameHash=988de53dd57764d3,2019,Regular Season
ESPORTSTMNT01/1060870,2019_LoL_esports_match_data_from_OraclesElixir.csv,LCK,Spring,0,https://matchhistory.euw.leagueoflegends.com/en/#match-details/ESPORTSTMNT01/1060870?gameHash=7b09f642d08924fa,2019,Regular Season
ESPORTSTMNT01/1060904,2019_LoL_esports_match_data_from_OraclesElixir.csv,LCK,Spring,0,https://matchhistory.euw.leagueoflegends.com/en/#match-details/ESPORTSTMNT01/1060904?gameHash=514f0fb55c716b82,2019,Regular Season
ESPORTSTMNT01/1060914,2019_LoL_esports_match_data_from_OraclesElixir.csv,LCK,Spring,0,https://matchhistory.euw.leagueoflegends.com/en/#match-details/ESPORTSTMNT01/1060914?gameHash=54b5ab1329a3bd3f,2019,Regular Season
ESPORTSTMNT01/1061090,2019_LoL_esports_match_data_from_OraclesElixir.csv,LCK,Spring,0,http://matchhistory.euw.leagueoflegends.com/en/#match-details/ESPORTSTMNT01/1061090?gameHash=475a703f3626ae4c,2019,Regular Season
ESPORTSTMNT01/1051172,2019_LoL_esports_match_data_from_OraclesElixir.csv,LCK,Spring,0,http://matchhistory.euw.leagueoflegends.com/en/#match-details/ESPORTSTMNT01/1051172?gameHash=e70109ba63adec7b,2019,Regular Season
ESPORTSTMNT01/1061175,2019_LoL_esports_match_data_from_OraclesElixir.csv,LCK,Spring,0,http://matchhistory.euw.leagueoflegends.com/en/#match-details/ESPORTSTMNT01/1061175?gameHash=892c61f1ace74a4f,2019,Regular Season
ESPORTSTMNT01/1061222,2019_LoL_esports_match_data_from_OraclesElixir.csv,LCK,Spring,0,http://matchhistory.euw.leagueoflegends.com/en/#match-details/ESPORTSTMNT01/1061222?gameHash=79c09629af55a05a,2019,Regular Season
ESPORTSTMNT01/1051364,2019_LoL_esports_match_data_from_OraclesElixir.csv,LCK,Spring,0,http://matchhistory.euw.leagueoflegends.com/en/#match-details/ESPORTSTMNT01/1051364?gameHash=622b036aff483692,2019,Regular Season
ESPORTSTMNT01/1051373,2019_LoL_esports_match_data_from_OraclesElixir.csv,LCK,Spring,0,http://matchhistory.euw.leagueoflegends.com/en/#match-details/ESPORTSTMNT01/1051373?gameHash=79beedeefac51c23,2019,Regular Season
ESPORTSTMNT01/1051379,2019_LoL_esports_match_data_from_OraclesElixir.csv,LCK,Spring,0,http://matchhistory.euw.leagueoflegends.com/en/#match-details/ESPORTSTMNT01/1051379?gameHash=c1d2fe43a51a3363,2019,Regular Season
ESPORTSTMNT01/1051420,2019_LoL_esports_match_data_from_OraclesElixir.csv,LCK,Spring,0,http://matchhistory.euw.leagueoflegends.com/en/#match-details/ESPORTSTMNT01/1051420?gameHash=e6ca251936249d8a,2019,Regular Season
ESPORTSTMNT01/1051434,2019_LoL_esports_match_data_from_OraclesElixir.csv,LCK,Spring,0,http://matchhistory.euw.leagueoflegends.com/en/#match-details/ESPORTSTMNT01/1051434?gameHash=54623a410cd89bbd,2019,Regular Season
ESPORTSTMNT01/1051679,2019_LoL_esports_match_data_from_OraclesElixir.csv,LCK,Spring,0,http://matchhistory.euw.leagueoflegends.com/en/#match-details/ESPORTSTMNT01/1051679?gameHash=c3ebfbce374ef9b4,2019,Regular Season
ESPORTSTMNT01/1051686,2019_LoL_esports_match_data_from_OraclesElixir.csv,LCK,Spring,0,http://matchhistory.euw.leagueoflegends.com/en/#match-details/ESPORTSTMNT01/1051686?gameHash=49445cd9504b323c,2019,Regular Season
ESPORTSTMNT01/1051688,2019_LoL_esports_match_data_from_OraclesElixir.csv,LCK,Spring,0,http://matchhistory.euw.leagueoflegends.com/en/#match-details/ESPORTSTMNT01/1051688?gameHash=ad055c3b75fc10aa,2019,Regular Season
ESPORTSTMNT01/1051690,2019_LoL_esports_match_data_from_OraclesElixir.csv,LCK,Spring,0,http://matchhistory.euw.leagueoflegends.com/en/#match-details/ESPORTSTMNT01/1051690?gameHash=ce0de75e732ab971,2019,Regular Season
ESPORTSTMNT01/1051713,2019_LoL_esports_match_data_from_OraclesElixir.csv,LCK,Spring,0,http://matchhistory.euw.leagueoflegends.com/en/#match-details/ESPORTSTMNT01/1051713?gameHash=8eeefffb716681f6,2019,Regular Season
ESPORTSTMNT02/1000694,2019_LoL_esports_match_data_from_OraclesElixir.csv,LCK,Spring,0,https://matchhistory.euw.leagueoflegends.com/en/#match-details/ESPORTSTMNT02/1000694?gameHash=7ed9550dd683eca5,2019,Regular Season
ESPORTSTMNT02/1010765,2019_LoL_esports_match_data_from_OraclesElixir.csv,LCK,Spring,0,https://matchhistory.euw.leagueoflegends.com/en/#match-details/ESPORTSTMNT02/1010765?gameHash=47a93b02939dd72c,2019,Regular Season
ESPORTSTMNT02/1000735,2019_LoL_esports_match_data_from_OraclesElixir.csv,LCK,Spring,0,https://matchhistory.euw.leagueoflegends.com/en/#match-details/ESPORTSTMNT02/1000735?gameHash=3c506857f93acff1,2019,Regular Season
ESPORTSTMNT02/1010799,2019_LoL_esports_match_data_from_OraclesElixir.csv,LCK,Spring,0,https://matchhistory.euw.leagueoflegends.com/en/#match-details/ESPORTSTMNT02/1010799?gameHash=385ff262b130fd60,2019,Regular Season
ESPORTSTMNT02/1000799,2019_LoL_esports_match_data_from_OraclesElixir.csv,LCK,Spring,0,https://matchhistory.euw.leagueoflegends.com/en/#match-details/ESPORTSTMNT02/1000799?gameHash=e5d621dd371513df,2019,Regular Season
ESPORTSTMNT02/1011098,2019_LoL_esports_match_data_from_OraclesElixir.csv,LCK,Spring,0,https://matchhistory.euw.leagueoflegends.com/en/#match-details/ESPORTSTMNT02/1011098?gameHash=ba41fdefd429a945,2019,Regular Season
ESPORTSTMNT02/1001107,2019_LoL_esports_match_data_from_OraclesElixir.csv,LCK,Spring,0,https://matchhistory.euw.leagueoflegends.com/en/#match-details/ESPORTSTMNT02/1001107?gameHash=2a73d9d3fb6d084d,2019,Regular Season
ESPORTSTMNT02/1001151,2019_LoL_esports_match_data_from_OraclesElixir.csv,LCK,Spring,0,https://matchhistory.euw.leagueoflegends.com/en/#match-details/ESPORTSTMNT02/1001151?gameHash=0fe66a1b79a5ae67,2019,Regular Season
ESPORTSTMNT02/1001169,2019_LoL_esports_match_data_from_OraclesElixir.csv,LCK,Spring,0,https://matchhistory.euw.leagueoflegends.com/en/#match-details/ESPORTSTMNT02/1001169?gameHash=5cb93c9a00cec941,2019,Regular Season
ESPORTSTMNT02/1011492,2019_LoL_esports_match_data_from_OraclesElixir.csv,LCK,Spring,0,https://matchhistory.euw.leagueoflegends.com/en/#match-details/ESPORTSTMNT02/1011492?gameHash=677c51e51d4cefe4,2019,Regular Season
ESPORTSTMNT02/1001528,2019_LoL_esports_match_data_from_OraclesElixir.csv,LCK,Spring,0,https://matchhistory.euw.leagueoflegends.com/en/#match-details/ESPORTSTMNT02/1001528?gameHash=e3b28b02451446c2,2019,Regular Season
ESPORTSTMNT02/1001551,2019_LoL_esports_match_data_from_OraclesElixir.csv,LCK,Spring,0,https://matchhistory.euw.leagueoflegends.com/en/#match-details/ESPORTSTMNT02/1001551?gameHash=87dd1e0991b6a4ae,2019,Regular Season
ESPORTSTMNT02/1001577,2019_LoL_esports_match_data_from_OraclesElixir.csv,LCK,Spring,0,https://matchhistory.euw.leagueoflegends.com/en/#match-details/ESPORTSTMNT02/1001577?gameHash=c3d79fe9eff8c9ef,2019,Regular Season
ESPORTSTMNT02/1011816,2019_LoL_esports_match_data_from_OraclesElixir.csv,LCK,Spring,0,https://matchhistory.euw.leagueoflegends.com/en/#match-details/ESPORTSTMNT02/1011816?gameHash=7e0d8ba38e13c625,2019,Regular Season
ESPORTSTMNT02/1011915,2019_LoL_esports_match_data_from_OraclesElixir.csv,LCK,Spring,0,https://matchhistory.euw.leagueoflegends.com/en/#match-details/ESPORTSTMNT02/1011915?gameHash=4e99854657001dc4,2019,Regular Season
ESPORTSTMNT02/1011933,2019_LoL_esports_match_data_from_OraclesElixir.csv,LCK,Spring,0,https://matchhistory.euw.leagueoflegends.com/en/#match-details/ESPORTSTMNT02/1011933?gameHash=cae77004bb1deae8,2019,Regular Season
ESPORTSTMNT02/1011955,2019_LoL_esports_match_data_from_OraclesElixir.csv,LCK,Spring,0,https://matchhistory.euw.leagueoflegends.com/en/#match-details/ESPORTSTMNT02/1011955?gameHash=9b6d64f4a034c95d,2019,Regular Season
ESPORTSTMNT02/1012004,2019_LoL_esports_match_data_from_OraclesElixir.csv,LCK,Spring,0,https://matchhistory.euw.leagueoflegends.com/en/#match-details/ESPORTSTMNT02/1012004?gameHash=3cd37d494aa86ec4,2019,Regular Season
ESPORTSTMNT02/1002163,2019_LoL_esports_match_data_from_OraclesElixir.csv,LCK,Spring,0,http://matchhistory.euw.leagueoflegends.com/en/#match-details/ESPORTSTMNT02/1002163?gameHash=b2924832ff9c1f91,2019,Regular Season
ESPORTSTMNT02/1002220,2019_LoL_esports_match_data_from_OraclesElixir.csv,LCK,Spring,0,http://matchhistory.euw.leagueoflegends.com/en/#match-details/ESPORTSTMNT02/1002220?gameHash=c318cc38e96ea789,2019,Regular Season
ESPORTSTMNT02/1002221,2019_LoL_esports_match_data_from_OraclesElixir.csv,LCK,Spring,0,http://matchhistory.euw.leagueoflegends.com/en/#match-details/ESPORTSTMNT02/1002221?gameHash=23fe6fc272504000,2019,Regular Season
ESPORTSTMNT02/1012323,2019_LoL_esports_match_data_from_OraclesElixir.csv,LCK,Spring,0,http://matchhistory.euw.leagueoflegends.com/en/#match-details/ESPORTSTMNT02/1012323?gameHash=69812615dc056a49,2019,Regular Season
ESPORTSTMNT02/1002267,2019_LoL_esports_match_data_from_OraclesElixir.csv,LCK,Spring,0,http://matchhistory.euw.leagueoflegends.com/en/#match-details/ESPORTSTMNT02/1002267?gameHash=120773ecee3eaae5,2019,Regular Season
ESPORTSTMNT02/1003080,2019_LoL_esports_match_data_from_OraclesElixir.csv,LCK,Spring,0,https://matchhistory.euw.leagueoflegends.com/en/#match-details/ESPORTSTMNT02/1003080?gameHash=a6ea34e701794489,2019,Regular Season
ESPORTSTMNT02/1013217,2019_LoL_esports_match_data_from_OraclesElixir.csv,LCK,Spring,0,https://matchhistory.euw.leagueoflegends.com/en/#match-details/ESPORTSTMNT02/1013217?gameHash=50ca7972dbf3963f,2019,Regular Season
ESPORTSTMNT02/1013228,2019_LoL_esports_match_data_from_OraclesElixir.csv,LCK,Spring,0,https://matchhistory.euw.leagueoflegends.com/en/#match-details/ESPORTSTMNT02/1013228?gameHash=d8b113d6a6aed4a7,2019,Regular Season
ESPORTSTMNT02/1013262,2019_LoL_esports_match_data_from_OraclesElixir.csv,LCK,Spring,0,https://matchhistory.euw.leagueoflegends.com/en/#match-details/ESPORTSTMNT02/1013262?gameHash=d4efeaed1ce3a194,2019,Regular Season
ESPORTSTMNT02/1013631,2019_LoL_esports_match_data_from_OraclesElixir.csv,LCK,Spring,0,https://matchhistory.euw.leagueoflegends.com/en/#match-details/ESPORTSTMNT02/1013631?gameHash=161aba3b2ffca2c7,2019,Regular Season
ESPORTSTMNT02/1013656,2019_LoL_esports_match_data_from_OraclesElixir.csv,LCK,Spring,0,https://matchhistory.euw.leagueoflegends.com/en/#match-details/ESPORTSTMNT02/1013656?gameHash=9a5a8c31ecade816,2019,Regular Season
ESPORTSTMNT02/1013660,2019_LoL_esports_match_data_from_OraclesElixir.csv,LCK,Spring,0,https://matchhistory.euw.leagueoflegends.com/en/#match-details/ESPORTSTMNT02/1013660?gameHash=927406b6847a1100,2019,Regular Season
ESPORTSTMNT02/1013702,2019_LoL_esports_match_data_from_OraclesElixir.csv,LCK,Spring,0,https://matchhistory.euw.leagueoflegends.com/en/#match-details/ESPORTSTMNT02/1013702?gameHash=77154cd4a1f76a60,2019,Regular Season
ESPORTSTMNT02/1013732,2019_LoL_esports_match_data_from_OraclesElixir.csv,LCK,Spring,0,https://matchhistory.euw.leagueoflegends.com/en/#match-details/ESPORTSTMNT02/1013732?gameHash=01382d584df69c02,2019,Regular Season
ESPORTSTMNT02/1014089,2019_LoL_esports_match_data_from_OraclesElixir.csv,LCK,Spring,0,https://matchhistory.euw.leagueoflegends.com/en/#match-details/ESPORTSTMNT02/1014089?gameHash=b09c23357aa35817,2019,Regular Season
ESPORTSTMNT02/1014171,2019_LoL_esports_match_data_from_OraclesElixir.csv,LCK,Spring,0,https://matchhistory.euw.leagueoflegends.com/en/#match-details/ESPORTSTMNT02/1014171?gameHash=29bc2b50dafce4ab,2019,Regular Season
ESPORTSTMNT02/1014180,2019_LoL_esports_match_data_from_OraclesElixir.csv,LCK,Spring,0,https://matchhistory.euw.leagueoflegends.com/en/#match-details/ESPORTSTMNT02/1014180?gameHash=0e741afcac9e354c,2019,Regular Season
ESPORTSTMNT02/1014229,2019_LoL_esports_match_data_from_OraclesElixir.csv,LCK,Spring,0,https://matchhistory.euw.leagueoflegends.com/en/#match-details/ESPORTSTMNT02/1014229?gameHash=50e08703117d9281,2019,Regular Season
ESPORTSTMNT02/1014480,2019_LoL_esports_match_data_from_OraclesElixir.csv,LCK,Spring,0,https://matchhistory.euw.leagueoflegends.com/en/#match-details/ESPORTSTMNT02/1014480?gameHash=f41443a2036e2d13,2019,Regular Season
ESPORTSTMNT02/1004472,2019_LoL_esports_match_data_from_OraclesElixir.csv,LCK,Spring,0,https://matchhistory.euw.leagueoflegends.com/en/#match-details/ESPORTSTMNT02/1004472?gameHash=b88ac03378672761,2019,Regular Season
ESPORTSTMNT02/1014556,2019_LoL_esports_match_data_from_OraclesElixir.csv,LCK,Spring,0,https://matchhistory.euw.leagueoflegends.com/en/#match-details/ESPORTSTMNT02/1014556?gameHash=86e14ee519b4eb4b,2019,Regular Season
ESPORTSTMNT02/1004510,2019_LoL_esports_match_data_from_OraclesElixir.csv,LCK,Spring,0,https://matchhistory.euw.leagueoflegends.com/en/#match-details/ESPORTSTMNT02/1004510?gameHash=650425a6e3b592f1,2019,Regular Season
ESPORTSTMNT02/1014903,2019_LoL_esports_match_data_from_OraclesElixir.csv,LCK,Spring,0,https://matchhistory.euw.leagueoflegends.com/en/#match-details/ESPORTSTMNT02/1014903?gameHash=3b38ff29a3514b9e,2019,Regular Season
ESPORTSTMNT02/1004826,2019_LoL_esports_match_data_from_OraclesElixir.csv,LCK,Spring,0,https://matchhistory.euw.leagueoflegends.com/en/#match-details/ESPORTSTMNT02/1004826?gameHash=db96d4283261a713,2019,Regular Season
ESPORTSTMNT02/1004838,2019_LoL_esports_match_data_from_OraclesElixir.csv,LCK,Spring,0,https://matchhistory.euw.leagueoflegends.com/en/#match-details/ESPORTSTMNT02/1004838?gameHash=ca864e775f0782ea,2019,Regular Season
ESPORTSTMNT02/1014978,2019_LoL_esports_match_data_from_OraclesElixir.csv,LCK,Spring,0,https://matchhistory.euw.leagueoflegends.com/en/#match-details/ESPORTSTMNT02/1014978?gameHash=7b9c2d79e9232537,2019,Regular Season
ESPORTSTMNT02/1004897,2019_LoL_esports_match_data_from_OraclesElixir.csv,LCK,Spring,0,https://matchhistory.euw.leagueoflegends.com/en/#match-details/ESPORTSTMNT02/1004897?gameHash=f6d5c2a6301f4005,2019,Regular Season
ESPORTSTMNT02/1004915,2019_LoL_esports_match_data_from_OraclesElixir.csv,LCK,Spring,0,https://matchhistory.euw.leagueoflegends.com/en/#match-details/ESPORTSTMNT02/1004915?gameHash=fee953882ea5400a,2019,Regular Season
ESPORTSTMNT03/1020876,2019_LoL_esports_match_data_from_OraclesElixir.csv,LCK,Spring,0,https://matchhistory.euw.leagueoflegends.com/en/#match-details/ESPORTSTMNT03/1020876?gameHash=659432ddd4006bdf,2019,Regular Season
ESPORTSTMNT03/1030844,2019_LoL_esports_match_data_from_OraclesElixir.csv,LCK,Spring,0,https://matchhistory.euw.leagueoflegends.com/en/#match-details/ESPORTSTMNT03/1030844?gameHash=f75ab0ca86331e24,2019,Regular Season
ESPORTSTMNT03/1020896,2019_LoL_esports_match_data_from_OraclesElixir.csv,LCK,Spring,0,http://matchhistory.na.leagueoflegends.com/en/#match-details/ESPORTSTMNT03/1020896?gameHash=db9140531026f622,2019,Regular Season
ESPORTSTMNT03/1030876,2019_LoL_esports_match_data_from_OraclesElixir.csv,LCK,Spring,0,http://matchhistory.na.leagueoflegends.com/en/#match-details/ESPORTSTMNT03/1030876?gameHash=46e06e489552b3b8,2019,Regular Season
ESPORTSTMNT03/1031095,2019_LoL_esports_match_data_from_OraclesElixir.csv,LCK,Spring,0,http://matchhistory.na.leagueoflegends.com/en/#match-details/ESPORTSTMNT03/1031095?gameHash=f676c047b18dbba8,2019,Regular Season
ESPORTSTMNT03/1031112,2019_LoL_esports_match_data_from_OraclesElixir.csv,LCK,Spring,0,http://matchhistory.na.leagueoflegends.com/en/#match-details/ESPORTSTMNT03/1031112?gameHash=8a2b2691cfc2b9d6,2019,Regular Season
ESPORTSTMNT03/1031118,2019_LoL_esports_match_data_from_OraclesElixir.csv,LCK,Spring,0,http://matchhistory.na.leagueoflegends.com/en/#match-details/ESPORTSTMNT03/1031118?gameHash=9d57d69cf1fd4921,2019,Regular Season
ESPORTSTMNT03/1031154,2019_LoL_esports_match_data_from_OraclesElixir.csv,LCK,Spring,0,http://matchhistory.na.leagueoflegends.com/en/#match-details/ESPORTSTMNT03/1031154?gameHash=7025d1d383a1697c,2019,Regular Season
ESPORTSTMNT03/1021352,2019_LoL_esports_match_data_from_OraclesElixir.csv,LCK,Spring,0,http://matchhistory.na.leagueoflegends.com/en/#match-details/ESPORTSTMNT03/1021352?gameHash=261140744e9f4fe2,2019,Regular Season
ESPORTSTMNT03/1031342,2019_LoL_esports_match_data_from_OraclesElixir.csv,LCK,Spring,0,http://matchhistory.na.leagueoflegends.com/en/#match-details/ESPORTSTMNT03/1031342?gameHash=8b683f5f1f19cda6,2019,Regular Season
ESPORTSTMNT03/1031350,2019_LoL_esports_match_data_from_OraclesElixir.csv,LCK,Spring,0,http://matchhistory.na.leagueoflegends.com/en/#match-details/ESPORTSTMNT03/1031350?gameHash=fb9ca6187e6c3e05,2019,Regular Season
ESPORTSTMNT03/1021430,2019_LoL_esports_match_data_from_OraclesElixir.csv,LCK,Spring,0,http://matchhistory.na.leagueoflegends.com/en/#match-details/ESPORTSTMNT03/1021430?gameHash=3b07df0b921e2bbc,2019,Regular Season
ESPORTSTMNT03/1031391,2019_LoL_esports_match_data_from_OraclesElixir.csv,LCK,Spring,0,http://matchhistory.na.leagueoflegends.com/en/#match-details/ESPORTSTMNT03/1031391?gameHash=319646941ffbb143,2019,Regular Season
ESPORTSTMNT03/1021668,2019_LoL_esports_match_data_from_OraclesElixir.csv,LCK,Spring,0,http://matchhistory.na.leagueoflegends.com/en/#match-details/ESPORTSTMNT03/1021668?gameHash=b611b6d46eb5dd56,2019,Regular Season
ESPORTSTMNT03/1031584,2019_LoL_esports_match_data_from_OraclesElixir.csv,LCK,Spring,0,http://matchhistory.na.leagueoflegends.com/en/#match-details/ESPORTSTMNT03/1031584?gameHash=0f4c473c3ba998c7,2019,Regular Season
ESPORTSTMNT03/1031589,2019_LoL_esports_match_data_from_OraclesElixir.csv,LCK,Spring,0,http://matchhistory.na.leagueoflegends.com/en/#match-details/ESPORTSTMNT03/1031589?gameHash=66d533b0206f92e1,2019,Regular Season
ESPORTSTMNT03/1021695,2019_LoL_esports_match_data_from_OraclesElixir.csv,LCK,Spring,0,http://matchhistory.na.leagueoflegends.com/en/#match-details/ESPORTSTMNT03/1021695?gameHash=03df5bdbbd6db09e,2019,Regular Season
ESPORTSTMNT03/1031640,2019_LoL_esports_match_data_from_OraclesElixir.csv,LCK,Spring,0,http://matchhistory.na.leagueoflegends.com/en/#match-details/ESPORTSTMNT03/1031640?gameHash=9c98e56329175589,2019,Regular Season
ESPORTSTMNT03/1032849,2019_LoL_esports_match_data_from_OraclesElixir.csv,LCK,Spring,0,http://matchhistory.na.leagueoflegends.com/en/#match-details/ESPORTSTMNT03/1032849?gameHash=0e0dae476c2fcf5a,2019,Regular Season
ESPORTSTMNT03/1022932,2019_LoL_esports_match_data_from_OraclesElixir.csv,LCK,Spring,0,http://matchhistory.na.leagueoflegends.com/en/#match-details/ESPORTSTMNT03/1022932?gameHash=9d9222390d06b601,2019,Regular Season
ESPORTSTMNT03/1022943,2019_LoL_esports_match_data_from_OraclesElixir.csv,LCK,Spring,0,http://matchhistory.na.leagueoflegends.com/en/#match-details/ESPORTSTMNT03/1022943?gameHash=f096ae54986a0258,2019,Regular Season
ESPORTSTMNT03/1032916,2019_LoL_esports_match_data_from_OraclesElixir.csv,LCK,Spring,0,http://matchhistory.na.leagueoflegends.com/en/#match-details/ESPORTSTMNT03/1032916?gameHash=321ef01845a14cb4,2019,Regular Season
ESPORTSTMNT03/1022996,2019_LoL_esports_match_data_from_OraclesElixir.csv,LCK,Spring,0,http://matchhistory.na.leagueoflegends.com/en/#match-details/ESPORTSTMNT03/1022996?gameHash=3e5f7cd1a2b05d9b,2019,Regular Season
ESPORTSTMNT03/1023006,2019_LoL_esports_match_data_from_OraclesElixir.csv,LCK,Spring,0,http://matchhistory.na.leagueoflegends.com/en/#match-details/ESPORTSTMNT03/1023006?gameHash=f7f2cb7f54048850,2019,Regular Season
ESPORTSTMNT03/1033333,2019_LoL_esports_match_data_from_OraclesElixir.csv,LCK,Spring,0,http://matchhistory.na.leagueoflegends.com/en/#match-details/ESPORTSTMNT03/1033333?gameHash=9815eb6a59b3f082,2019,Regular Season
ESPORTSTMNT03/1023345,2019_LoL_esports_match_data_from_OraclesElixir.csv,LCK,Spring,0,http://matchhistory.na.leagueoflegends.com/en/#match-details/ESPORTSTMNT03/1023345?gameHash=df5cbee4af641c47,2019,Regular Season
ESPORTSTMNT03/1023353,2019_LoL_esports_match_data_from_OraclesElixir.csv,LCK,Spring,0,http://matchhistory.na.leagueoflegends.com/en/#match-details/ESPORTSTMNT03/1023353?gameHash=835f7a9780a193a9,2019,Regular Season
ESPORTSTMNT03/1033408,2019_LoL_esports_match_data_from_OraclesElixir.csv,LCK,Spring,0,http://matchhistory.na.leagueoflegends.com/en/#match-details/ESPORTSTMNT03/1033408?gameHash=0e021597c48c05a4,2019,Regular Season
ESPORTSTMNT03/1023398,2019_LoL_esports_match_data_from_OraclesElixir.csv,LCK,Spring,0,http://matchhistory.na.leagueoflegends.com/en/#match-details/ESPORTSTMNT03/1023398?gameHash=2ac15db6b88a0760,2019,Regular Season
ESPORTSTMNT03/1023406,2019_LoL_esports_match_data_from_OraclesElixir.csv,LCK,Spring,0,http://matchhistory.na.leagueoflegends.com/en/#match-details/ESPORTSTMNT03/1023406?gameHash=f15ee246696f97bc,2019,Regular Season
ESPORTSTMNT03/1023628,2019_LoL_esports_match_data_from_OraclesElixir.csv,LCK,Spring,0,http://matchhistory.na.leagueoflegends.com/en/#match-details/ESPORTSTMNT03/1023628?gameHash=300736d3a2a41ff9,2019,Regular Season
ESPORTSTMNT03/1033738,2019_LoL_esports_match_data_from_OraclesElixir.csv,LCK,Spring,0,http://matchhistory.na.leagueoflegends.com/en/#match-details/ESPORTSTMNT03/1033738?gameHash=c29590ff27a04acf,2019,Regular Season
ESPORTSTMNT03/1023719,2019_LoL_esports_match_data_from_OraclesElixir.csv,LCK,Spring,0,http://matchhistory.na.leagueoflegends.com/en/#match-details/ESPORTSTMNT03/1023719?gameHash=28d8c4800ded31d6,2019,Regular Season
ESPORTSTMNT03/1033795,2019_LoL_esports_match_data_from_OraclesElixir.csv,LCK,Spring,0,http://matchhistory.na.leagueoflegends.com/en/#match-details/ESPORTSTMNT03/1033795?gameHash=ba012fe0471a8ab7,2019,Regular Season
ESPORTSTMNT03/1024004,2019_LoL_esports_match_data_from_OraclesElixir.csv,LCK,Spring,0,http://matchhistory.na.leagueoflegends.com/en/#match-details/ESPORTSTMNT03/1024004?gameHash=4aa0f77ccf859128,2019,Regular Season
ESPORTSTMNT03/1024040,2019_LoL_esports_match_data_from_OraclesElixir.csv,LCK,Spring,0,http://matchhistory.na.leagueoflegends.com/en/#match-details/ESPORTSTMNT03/1024040?gameHash=31a2a3e463177194,2019,Regular Season
ESPORTSTMNT03/1024054,2019_LoL_esports_match_data_from_OraclesElixir.csv,LCK,Spring,0,http://matchhistory.na.leagueoflegends.com/en/#match-details/ESPORTSTMNT03/1024054?gameHash=033c95e4b9e9599e,2019,Regular Season
ESPORTSTMNT03/1024117,2019_LoL_esports_match_data_from_OraclesElixir.csv,LCK,Spring,0,http://matchhistory.na.leagueoflegends.com/en/#match-details/ESPORTSTMNT03/1024117?gameHash=046d97c735212767,2019,Regular Season
ESPORTSTMNT01/1070786,2019_LoL_esports_match_data_from_OraclesElixir.csv,LCK,Spring,0,http://matchhistory.na.leagueoflegends.com/en/#match-details/ESPORTSTMNT01/1070786?gameHash=f2f98af718695acf,2019,Regular Season
ESPORTSTMNT01/1080863,2019_LoL_esports_match_data_from_OraclesElixir.csv,LCK,Spring,0,http://matchhistory.na.leagueoflegends.com/en/#match-details/ESPORTSTMNT01/1080863?gameHash=9a23d832fa839c8e,2019,Regular Season
ESPORTSTMNT01/1070844,2019_LoL_esports_match_data_from_OraclesElixir.csv,LCK,Spring,0,http://matchhistory.na.leagueoflegends.com/en/#match-details/ESPORTSTMNT01/1070844?gameHash=94c3aa01d0403cd6,2019,Regular Season
ESPORTSTMNT01/1080900,2019_LoL_esports_match_data_from_OraclesElixir.csv,LCK,Spring,0,http://matchhistory.na.leagueoflegends.com/en/#match-details/ESPORTSTMNT01/1080900?gameHash=4c7a4a356bfe1bd9,2019,Regular Season
ESPORTSTMNT01/1080915,2019_LoL_esports_match_data_from_OraclesElixir.csv,LCK,Spring,0,http://matchhistory.na.leagueoflegends.com/en/#match-details/ESPORTSTMNT01/1080915?gameHash=06db7c7836b45131,2019,Regular Season
ESPORTSTMNT01/1071134,2019_LoL_esports_match_data_from_OraclesElixir.csv,LCK,Spring,0,http://matchhistory.na.leagueoflegends.com/en/#match-details/ESPORTSTMNT01/1071134?gameHash=6badb58ab854dc65,2019,Regular Season
ESPORTSTMNT01/1081171,2019_LoL_esports_match_data_from_OraclesElixir.csv,LCK,Spring,0,http://matchhistory.na.leagueoflegends.com/en/#match-details/ESPORTSTMNT01/1081171?gameHash=c89565041aa8137c,2019,Regular Season
ESPORTSTMNT01/1071206,2019_LoL_esports_match_data_from_OraclesElixir.csv,LCK,Spring,0,http://matchhistory.na.leagueoflegends.com/en/#match-details/ESPORTSTMNT01/1071206?gameHash=9cdab872da466112,2019,Regular Season
ESPORTSTMNT01/1081262,2019_LoL_esports_match_data_from_OraclesElixir.csv,LCK,Spring,0,http://matchhistory.na.leagueoflegends.com/en/#match-details/ESPORTSTMNT01/1081262?gameHash=eb870120d38d10ce,2019,Regular Season
ESPORTSTMNT01/1081285,2019_LoL_esports_match_data_from_OraclesElixir.csv,LCK,Spring,0,http://matchhistory.na.leagueoflegends.com/en/#match-details/ESPORTSTMNT01/1081285?gameHash=0ec7201ac533e7d5,2019,Regular Season
ESPORTSTMNT01/1071489,2019_LoL_esports_match_data_from_OraclesElixir.csv,LCK,Spring,0,http://matchhistory.na.leagueoflegends.com/en/#match-details/ESPORTSTMNT01/1071489?gameHash=f2327c06f42c5941,2019,Regular Season
ESPORTSTMNT01/1081479,2019_LoL_esports_match_data_from_OraclesElixir.csv,LCK,Spring,0,http://matchhistory.na.leagueoflegends.com/en/#match-details/ESPORTSTMNT01/1081479?gameHash=83415cc32de75d01,2019,Regular Season
ESPORTSTMNT01/1071532,2019_LoL_esports_match_data_from_OraclesElixir.csv,LCK,Spring,0,http://matchhistory.na.leagueoflegends.com/en/#match-details/ESPORTSTMNT01/1071532?gameHash=98619c1fcfb4dd1e,2019,Regular Season
ESPORTSTMNT01/1071569,2019_LoL_esports_match_data_from_OraclesElixir.csv,LCK,Spring,0,http://matchhistory.na.leagueoflegends.com/en/#match-details/ESPORTSTMNT01/1071569?gameHash=efc8c977de12a72a,2019,Regular Season
ESPORTSTMNT01/1081574,2019_LoL_esports_match_data_from_OraclesElixir.csv,LCK,Spring,0,http://matchhistory.na.leagueoflegends.com/en/#match-details/ESPORTSTMNT01/1081574?gameHash=d04ed715f5c0ee29,2019,Regular Season
ESPORTSTMNT01/1081591,2019_LoL_esports_match_data_from_OraclesElixir.csv,LCK,Spring,0,http://matchhistory.na.leagueoflegends.com/en/#match-details/ESPORTSTMNT01/1081591?gameHash=ead5db42505a0314,2019,Regular Season
ESPORTSTMNT01/1071818,2019_LoL_esports_match_data_from_OraclesElixir.csv,LCK,Spring,0,http://matchhistory.na.leagueoflegends.com/en/#match-details/ESPORTSTMNT01/1071818?gameHash=85e92ceddcf89dbb,2019,Regular Season
ESPORTSTMNT01/1081886,2019_LoL_esports_match_data_from_OraclesElixir.csv,LCK,Spring,0,http://matchhistory.na.leagueoflegends.com/en/#match-details/ESPORTSTMNT01/1081886?gameHash=f04c803fcd75dfa3,2019,Regular Season
ESPORTSTMNT01/1081890,2019_LoL_esports_match_data_from_OraclesElixir.csv,LCK,Spring,0,http://matchhistory.na.leagueoflegends.com/en/#match-details/ESPORTSTMNT01/1081890?gameHash=4d7d0d0c3baa4d3e,2019,Regular Season
ESPORTSTMNT01/1071877,2019_LoL_esports_match_data_from_OraclesElixir.csv,LCK,Spring,0,http://matchhistory.na.leagueoflegends.com/en/#match-details/ESPORTSTMNT01/1071877?gameHash=fa8eecb9c0a61b2b,2019,Regular Season
ESPORTSTMNT01/1081945,2019_LoL_esports_match_data_from_OraclesElixir.csv,LCK,Spring,0,http://matchhistory.na.leagueoflegends.com/en/#match-details/ESPORTSTMNT01/1081945?gameHash=a44429311797bcb4,2019,Regular Season
ESPORTSTMNT01/1083180,2019_LoL_esports_match_data_from_OraclesElixir.csv,LCK,Spring,0,http://matchhistory.na.leagueoflegends.com/en/#match-details/ESPORTSTMNT01/1083180?gameHash=4573ff2b57dea9b8,2019,Regular Season
ESPORTSTMNT01/1083244,2019_LoL_esports_match_data_from_OraclesElixir.csv,LCK,Spring,0,http://matchhistory.na.leagueoflegends.com/en/#match-details/ESPORTSTMNT01/1083244?gameHash=e3c6a9da075345a2,2019,Regular Season
ESPORTSTMNT01/1083258,2019_LoL_esports_match_data_from_OraclesElixir.csv,LCK,Spring,0,http://matchhistory.na.leagueoflegends.com/en/#match-details/ESPORTSTMNT01/1083258?gameHash=a56cdfef3bbebc9e,2019,Regular Season
ESPORTSTMNT01/1083336,2019_LoL_esports_match_data_from_OraclesElixir.csv,LCK,Spring,0,http://matchhistory.na.leagueoflegends.com/en/#match-details/ESPORTSTMNT01/1083336?gameHash=92b717d3c905771b,2019,Regular Season
ESPORTSTMNT01/1083645,2019_LoL_esports_match_data_from_OraclesElixir.csv,LCK,Spring,0,http://matchhistory.na.leagueoflegends.com/en/#match-details/ESPORTSTMNT01/1083645?gameHash=4d77557c32d6fcc7,2019,Regular Season
ESPORTSTMNT01/1083762,2019_LoL_esports_match_data_from_OraclesElixir.csv,LCK,Spring,0,http://matchhistory.na.leagueoflegends.com/en/#match-details/ESPORTSTMNT01/1083762?gameHash=1fcd6635c6dafb4d,2019,Regular Season
ESPORTSTMNT01/1083791,2019_LoL_esports_match_data_from_OraclesElixir.csv,LCK,Spring,0,http://matchhistory.na.leagueoflegends.com/en/#match-details/ESPORTSTMNT01/1083791?gameHash=60fc69ef625173f4,2019,Regular Season
ESPORTSTMNT01/1083842,2019_LoL_esports_match_data_from_OraclesElixir.csv,LCK,Spring,0,http://matchhistory.na.leagueoflegends.com/en/#match-details/ESPORTSTMNT01/1083842?gameHash=e343bb121d5494ed,2019,Regular Season
ESPORTSTMNT01/1084099,2019_LoL_esports_match_data_from_OraclesElixir.csv,LCK,Spring,0,http://matchhistory.na.leagueoflegends.com/en/#match-details/ESPORTSTMNT01/1084099?gameHash=e5cf94bcf10ef77b,2019,Regular Season
ESPORTSTMNT01/1084187,2019_LoL_esports_match_data_from_OraclesElixir.csv,LCK,Spring,0,http://matchhistory.na.leagueoflegends.com/en/#match-details/ESPORTSTMNT01/1084187?gameHash=27507cd138b714fd,2019,Regular Season
ESPORTSTMNT01/1084219,2019_LoL_esports_match_data_from_OraclesElixir.csv,LCK,Spring,0,http://matchhistory.na.leagueoflegends.com/en/#match-details/ESPORTSTMNT01/1084219?gameHash=e12317238c65a9e8,2019,Regular Season
ESPORTSTMNT01/1084279,2019_LoL_esports_match_data_from_OraclesElixir.csv,LCK,Spring,0,http://matchhistory.na.leagueoflegends.com/en/#match-details/ESPORTSTMNT01/1084279?gameHash=e172232dd39eca07,2019,Regular Season
ESPORTSTMNT01/1074235,2019_LoL_esports_match_data_from_OraclesElixir.csv,LCK,Spring,0,http://matchhistory.na.leagueoflegends.com/en/#match-details/ESPORTSTMNT01/1074235?gameHash=c09dc73a510a8ae7,2019,Regular Season
ESPORTSTMNT01/1084548,2019_LoL_esports_match_data_from_OraclesElixir.csv,LCK,Spring,0,http://matchhistory.na.leagueoflegends.com/en/#match-details/ESPORTSTMNT01/1084548?gameHash=1d04a85090b24c31,2019,Regular Season
ESPORTSTMNT01/1074277,2019_LoL_esports_match_data_from_OraclesElixir.csv,LCK,Spring,0,http://matchhistory.na.leagueoflegends.com/en/#match-details/ESPORTSTMNT01/1074277?gameHash=5654adf587b12a36,2019,Regular Season
ESPORTSTMNT01/1084580,2019_LoL_esports_match_data_from_OraclesElixir.csv,LCK,Spring,0,http://matchhistory.na.leagueoflegends.com/en/#match-details/ESPORTSTMNT01/1084580?gameHash=71acd4ffc6d53fd3,2019,Regular Season
ESPORTSTMNT01/1084609,2019_LoL_esports_match_data_from_OraclesElixir.csv,LCK,Spring,0,http://matchhistory.na.leagueoflegends.com/en/#match-details/ESPORTSTMNT01/1084609?gameHash=d4f0bc75f4aac15f,2019,Regular Season
ESPORTSTMNT02/1030895,2019_LoL_esports_match_data_from_OraclesElixir.csv,LCK,Spring,0,http://matchhistory.na.leagueoflegends.com/en/#match-details/ESPORTSTMNT02/1030895?gameHash=64097f3eed7868e4,2019,Regular Season
ESPORTSTMNT02/1020987,2019_LoL_esports_match_data_from_OraclesElixir.csv,LCK,Spring,0,http://matchhistory.na.leagueoflegends.com/en/#match-details/ESPORTSTMNT02/1020987?gameHash=870e2917df190584,2019,Regular Season
ESPORTSTMNT02/1020997,2019_LoL_esports_match_data_from_OraclesElixir.csv,LCK,Spring,0,http://matchhistory.na.leagueoflegends.com/en/#match-details/ESPORTSTMNT02/1020997?gameHash=6f76139a65c66011,2019,Regular Season
ESPORTSTMNT02/1021019,2019_LoL_esports_match_data_from_OraclesElixir.csv,LCK,Spring,0,http://matchhistory.na.leagueoflegends.com/en/#match-details/ESPORTSTMNT02/1021019?gameHash=2294b7b08aaba83f,2019,Regular Season
ESPORTSTMNT02/1021175,2019_LoL_esports_match_data_from_OraclesElixir.csv,LCK,Spring,0,http://matchhistory.na.leagueoflegends.com/en/#match-details/ESPORTSTMNT02/1021175?gameHash=9a54c8a861ded773,2019,Regular Season
ESPORTSTMNT02/1021228,2019_LoL_esports_match_data_from_OraclesElixir.csv,LCK,Spring,0,http://matchhistory.na.leagueoflegends.com/en/#match-details/ESPORTSTMNT02/1021228?gameHash=060db2511136b2d3,2019,Regular Season
ESPORTSTMNT02/1021234,2019_LoL_esports_match_data_from_OraclesElixir.csv,LCK,Spring,0,http://matchhistory.na.leagueoflegends.com/en/#match-details/ESPORTSTMNT02/1021234?gameHash=a72bff0fa6292b19,2019,Regular Season
ESPORTSTMNT02/1021291,2019_LoL_esports_match_data_from_OraclesElixir.csv,LCK,Spring,0,http://matchhistory.na.leagueoflegends.com/en/#match-details/ESPORTSTMNT02/1021291?gameHash=4a57d28acda5d556,2019,Regular Season
ESPORTSTMNT02/1021526,2019_LoL_esports_match_data_from_OraclesElixir.csv,LCK,Spring,0,http://matchhistory.na.leagueoflegends.com/en/#match-details/ESPORTSTMNT02/1021526?gameHash=b592d14095989c32,2019,Regular Season
ESPORTSTMNT02/1021559,2019_LoL_esports_match_data_from_OraclesElixir.csv,LCK,Spring,0,http://matchhistory.na.leagueoflegends.com/en/#match-details/ESPORTSTMNT02/1021559?gameHash=57322322ae39905b,2019,Regular Season
ESPORTSTMNT02/1021570,2019_LoL_esports_match_data_from_OraclesElixir.csv,LCK,Spring,0,http://matchhistory.na.leagueoflegends.com/en/#match-details/ESPORTSTMNT02/1021570?gameHash=a483aa3c55ea244c,2019,Regular Season
ESPORTSTMNT02/1021578,2019_LoL_esports_match_data_from_OraclesElixir.csv,LCK,Spring,0,http://matchhistory.na.leagueoflegends.com/en/#match-details/ESPORTSTMNT02/1021578?gameHash=fa0c7e07146319a1,2019,Regular Season
ESPORTSTMNT02/1021616,2019_LoL_esports_match_data_from_OraclesElixir.csv,LCK,Spring,0,http://matchhistory.na.leagueoflegends.com/en/#match-details/ESPORTSTMNT02/1021616?gameHash=a10ae9882ffe2b75,2019,Regular Season
ESPORTSTMNT02/1031753,2019_LoL_esports_match_data_from_OraclesElixir.csv,LCK,Spring,0,http://matchhistory.na.leagueoflegends.com/en/#match-details/ESPORTSTMNT02/1031753?gameHash=070cc9daa62d94ac,2019,Regular Season
ESPORTSTMNT02/1021779,2019_LoL_esports_match_data_from_OraclesElixir.csv,LCK,Spring,0,http://matchhistory.na.leagueoflegends.com/en/#match-details/ESPORTSTMNT02/1021779?gameHash=da73ab808a47475d,2019,Regular Season
ESPORTSTMNT02/1031773,2019_LoL_esports_match_data_from_OraclesElixir.csv,LCK,Spring,0,http://matchhistory.na.leagueoflegends.com/en/#match-details/ESPORTSTMNT02/1031773?gameHash=5208d297ca875a0b,2019,Regular Season
ESPORTSTMNT02/1021831,2019_LoL_esports_match_data_from_OraclesElixir.csv,LCK,Spring,0,http://matchhistory.na.leagueoflegends.com/en/#match-details/ESPORTSTMNT02/1021831?gameHash=23960bd639cdbfd3,2019,Regular Season
ESPORTSTMNT02/1032209,2019_LoL_esports_match_data_from_OraclesElixir.csv,LCK,Spring,1,https://matchhistory.euw.leagueoflegends.com/en/#match-details/ESPORTSTMNT02/1032209?gameHash=514b6b89cc7dcad0,2019,Playoff
ESPORTSTMNT02/1032253,2019_LoL_esports_match_data_from_OraclesElixir.csv,LCK,Spring,1,https://matchhistory.euw.leagueoflegends.com/en/#match-details/ESPORTSTMNT02/1032253?gameHash=4a6fb0af20035af3,2019,Playoff
ESPORTSTMNT02/1032255,2019_LoL_esports_match_data_from_OraclesElixir.csv,LCK,Spring,1,https://matchhistory.euw.leagueoflegends.com/en/#match-details/ESPORTSTMNT02/1032255?gameHash=61257828cc215219,2019,Playoff
ESPORTSTMNT02/1032563,2019_LoL_esports_match_data_from_OraclesElixir.csv,LCK,Spring,1,http://matchhistory.na.leagueoflegends.com/en/#match-details/ESPORTSTMNT02/1032563?gameHash=6c14f59c0a92803c,2019,Playoff
ESPORTSTMNT02/1032585,2019_LoL_esports_match_data_from_OraclesElixir.csv,LCK,Spring,1,http://matchhistory.na.leagueoflegends.com/en/#match-details/ESPORTSTMNT02/1032585?gameHash=0c42aed4c9c95bbf,2019,Playoff
ESPORTSTMNT02/1032586,2019_LoL_esports_match_data_from_OraclesElixir.csv,LCK,Spring,1,http://matchhistory.na.leagueoflegends.com/en/#match-details/ESPORTSTMNT02/1032586?gameHash=e64fd3efbb81ad41,2019,Playoff
ESPORTSTMNT02/1032986,2019_LoL_esports_match_data_from_OraclesElixir.csv,LCK,Spring,1,https://matchhistory.na.leagueoflegends.com/en/#match-details/ESPORTSTMNT02/1032986?gameHash=eb6951faa3668cb1,2019,Playoff
ESPORTSTMNT02/1033014,2019_LoL_esports_match_data_from_OraclesElixir.csv,LCK,Spring,1,https://matchhistory.na.leagueoflegends.com/en/#match-details/ESPORTSTMNT02/1033014?gameHash=37670f617502a745,2019,Playoff
ESPORTSTMNT02/1033016,2019_LoL_esports_match_data_from_OraclesElixir.csv,LCK,Spring,1,https://matchhistory.na.leagueoflegends.com/en/#match-details/ESPORTSTMNT02/1033016?gameHash=59156cc69fd7bec8,2019,Playoff
ESPORTSTMNT02/1023942,2019_LoL_esports_match_data_from_OraclesElixir.csv,LCK,Spring,1,http://matchhistory.na.leagueoflegends.com/en/#match-details/ESPORTSTMNT02/1023942?gameHash=759a8bf93da6dc37,2019,Playoff
ESPORTSTMNT02/1023979,2019_LoL_esports_match_data_from_OraclesElixir.csv,LCK,Spring,1,http://matchhistory.na.leagueoflegends.com/en/#match-details/ESPORTSTMNT02/1023979?gameHash=f67b34a43e371cb6,2019,Playoff
ESPORTSTMNT02/1023980,2019_LoL_esports_match_data_from_OraclesElixir.csv,LCK,Spring,1,http://matchhistory.na.leagueoflegends.com/en/#match-details/ESPORTSTMNT02/1023980?gameHash=c75261d2f3556b14,2019,Playoff
ESPORTSTMNT02/1034062,2019_LoL_esports_match_data_from_OraclesElixir.csv,LCK,Summer,0,https://matchhistory.euw.leagueoflegends.com/en/#match-details/ESPORTSTMNT02/1034062?gameHash=1443b7ce6886f151,2019,Promotion
ESPORTSTMNT02/1034077,2019_LoL_esports_match_data_from_OraclesElixir.csv,LCK,Summer,0,https://matchhistory.euw.leagueoflegends.com/en/#match-details/ESPORTSTMNT02/1034077?gameHash=b36e055dd6b332b1,2019,Promotion
ESPORTSTMNT02/1034081,2019_LoL_esports_match_data_from_OraclesElixir.csv,LCK,Summer,0,https://matchhistory.euw.leagueoflegends.com/en/#match-details/ESPORTSTMNT02/1034081?gameHash=07c76201c8908ed6,2019,Promotion
ESPORTSTMNT02/1034103,2019_LoL_esports_match_data_from_OraclesElixir.csv,LCK,Summer,0,https://matchhistory.euw.leagueoflegends.com/en/#match-details/ESPORTSTMNT02/1034103?gameHash=51a9979e69767348,2019,Promotion
ESPORTSTMNT02/1024457,2019_LoL_esports_match_data_from_OraclesElixir.csv,LCK,Summer,0,http://matchhistory.na.leagueoflegends.com/en/#match-details/ESPORTSTMNT02/1024457?gameHash=9bbd866c373eb1a0,2019,Promotion
ESPORTSTMNT02/1034217,2019_LoL_esports_match_data_from_OraclesElixir.csv,LCK,Summer,0,http://matchhistory.na.leagueoflegends.com/en/#match-details/ESPORTSTMNT02/1034217?gameHash=7da892b4349e6c86,2019,Promotion
ESPORTSTMNT02/1034224,2019_LoL_esports_match_data_from_OraclesElixir.csv,LCK,Summer,0,http://matchhistory.na.leagueoflegends.com/en/#match-details/ESPORTSTMNT02/1034224?gameHash=83c3e486a427fcbc,2019,Promotion
ESPORTSTMNT02/1034269,2019_LoL_esports_match_data_from_OraclesElixir.csv,LCK,Summer,0,http://matchhistory.na.leagueoflegends.com/en/#match-details/ESPORTSTMNT02/1034269?gameHash=632b7c428def3238,2019,Promotion
ESPORTSTMNT02/1024532,2019_LoL_esports_match_data_from_OraclesElixir.csv,LCK,Summer,0,http://matchhistory.na.leagueoflegends.com/en/#match-details/ESPORTSTMNT02/1024532?gameHash=920c82f9e8a94d76,2019,Promotion
ESPORTSTMNT02/1024535,2019_LoL_esports_match_data_from_OraclesElixir.csv,LCK,Summer,0,http://matchhistory.euw.leagueoflegends.com/en/#match-details/ESPORTSTMNT02/1024535?gameHash=7bbb02ee7e0d0f6e,2019,Promotion
ESPORTSTMNT02/1024540,2019_LoL_esports_match_data_from_OraclesElixir.csv,LCK,Summer,0,http://matchhistory.euw.leagueoflegends.com/en/#match-details/ESPORTSTMNT02/1024540?gameHash=172b1ddcbc2da924,2019,Promotion
ESPORTSTMNT02/1024543,2019_LoL_esports_match_data_from_OraclesElixir.csv,LCK,Summer,0,http://matchhistory.euw.leagueoflegends.com/en/#match-details/ESPORTSTMNT02/1024543?gameHash=31fa3e5c6eaac055,2019,Promotion
ESPORTSTMNT02/1034460,2019_LoL_esports_match_data_from_OraclesElixir.csv,LCK,Summer,0,https://matchhistory.euw.leagueoflegends.com/en/#match-details/ESPORTSTMNT02/1034460?gameHash=c858e75320697bb3,2019,Promotion
ESPORTSTMNT02/1024721,2019_LoL_esports_match_data_from_OraclesElixir.csv,LCK,Summer,0,https://matchhistory.euw.leagueoflegends.com/en/#match-details/ESPORTSTMNT02/1024721?gameHash=23c37758e1ba3295,2019,Promotion
ESPORTSTMNT02/1024731,2019_LoL_esports_match_data_from_OraclesElixir.csv,LCK,Summer,0,https://matchhistory.euw.leagueoflegends.com/en/#match-details/ESPORTSTMNT02/1024731?gameHash=223f5231254128d5,2019,Promotion
ESPORTSTMNT02/1024733,2019_LoL_esports_match_data_from_OraclesElixir.csv,LCK,Summer,0,https://matchhistory.euw.leagueoflegends.com/en/#match-details/ESPORTSTMNT02/1024733?gameHash=593c5bd6aa5cf7c4,2019,Promotion
ESPORTSTMNT01/1130750,2019_LoL_esports_match_data_from_OraclesElixir.csv,LCK,Summer,0,http://matchhistory.na.leagueoflegends.com/en/#match-details/ESPORTSTMNT01/1130750?gameHash=9f0a43d24356df20,2019,Regular Season
ESPORTSTMNT01/1130754,2019_LoL_esports_match_data_from_OraclesElixir.csv,LCK,Summer,0,http://matchhistory.na.leagueoflegends.com/en/#match-details/ESPORTSTMNT01/1130754?gameHash=5b453270cf3e854e,2019,Regular Season
ESPORTSTMNT01/1130786,2019_LoL_esports_match_data_from_OraclesElixir.csv,LCK,Summer,0,http://matchhistory.na.leagueoflegends.com/en/#match-details/ESPORTSTMNT01/1130786?gameHash=704cc0966c3576ee,2019,Regular Season
ESPORTSTMNT01/1130806,2019_LoL_esports_match_data_from_OraclesElixir.csv,LCK,Summer,0,http://matchhistory.na.leagueoflegends.com/en/#match-details/ESPORTSTMNT01/1130806?gameHash=db16f89e02a3a3da,2019,Regular Season
ESPORTSTMNT01/1140917,2019_LoL_esports_match_data_from_OraclesElixir.csv,LCK,Summer,0,http://matchhistory.na.leagueoflegends.com/en/#match-details/ESPORTSTMNT01/1140917?gameHash=08da7cedf0dd954c,2019,Regular Season
ESPORTSTMNT01/1131058,2019_LoL_esports_match_data_from_OraclesElixir.csv,LCK,Summer,0,http://matchhistory.na.leagueoflegends.com/en/#match-details/ESPORTSTMNT01/1131058?gameHash=50596cf4782bcf22,2019,Regular Season
ESPORTSTMNT01/1131097,2019_LoL_esports_match_data_from_OraclesElixir.csv,LCK,Summer,0,http://matchhistory.na.leagueoflegends.com/en/#match-details/ESPORTSTMNT01/1131097?gameHash=469713d74d8838e1,2019,Regular Season
ESPORTSTMNT01/1131104,2019_LoL_esports_match_data_from_OraclesElixir.csv,LCK,Summer,0,http://matchhistory.na.leagueoflegends.com/en/#match-details/ESPORTSTMNT01/1131104?gameHash=18d0795fc1316ea8,2019,Regular Season
ESPORTSTMNT01/1131131,2019_LoL_esports_match_data_from_OraclesElixir.csv,LCK,Summer,0,http://matchhistory.euw.leagueoflegends.com/en/#match-details/ESPORTSTMNT01/1131131?gameHash=0ad450f8b3c2035f,2019,Regular Season
ESPORTSTMNT01/1131144,2019_LoL_esports_match_data_from_OraclesElixir.csv,LCK,Summer,0,http://matchhistory.euw.leagueoflegends.com/en/#match-details/ESPORTSTMNT01/1131144?gameHash=daf691d21c1c33c3,2019,Regular Season
ESPORTSTMNT01/1141450,2019_LoL_esports_match_data_from_OraclesElixir.csv,LCK,Summer,0,https://matchhistory.euw.leagueoflegends.com/en/#match-details/ESPORTSTMNT01/1141450?gameHash=58dca94464786d8e,2019,Regular Season
ESPORTSTMNT01/1131400,2019_LoL_esports_match_data_from_OraclesElixir.csv,LCK,Summer,0,https://matchhistory.euw.leagueoflegends.com/en/#match-details/ESPORTSTMNT01/1131400?gameHash=99d74be98c381955,2019,Regular Season
ESPORTSTMNT01/1131416,2019_LoL_esports_match_data_from_OraclesElixir.csv,LCK,Summer,0,https://matchhistory.euw.leagueoflegends.com/en/#match-details/ESPORTSTMNT01/1131416?gameHash=7bba7ed7337865c9,2019,Regular Season
ESPORTSTMNT01/1131423,2019_LoL_esports_match_data_from_OraclesElixir.csv,LCK,Summer,0,https://matchhistory.euw.leagueoflegends.com/en/#match-details/ESPORTSTMNT01/1131423?gameHash=84af03e61a28d205,2019,Regular Season
ESPORTSTMNT01/1131451,2019_LoL_esports_match_data_from_OraclesElixir.csv,LCK,Summer,0,https://matchhistory.euw.leagueoflegends.com/en/#match-details/ESPORTSTMNT01/1131451?gameHash=1249bc31a95a126e,2019,Regular Season
ESPORTSTMNT01/1141728,2019_LoL_esports_match_data_from_OraclesElixir.csv,LCK,Summer,0,https://matchhistory.euw.leagueoflegends.com/en/#match-details/ESPORTSTMNT01/1141728?gameHash=59d91e06cffed31b,2019,Regular Season
ESPORTSTMNT01/1131604,2019_LoL_esports_match_data_from_OraclesElixir.csv,LCK,Summer,0,https://matchhistory.euw.leagueoflegends.com/en/#match-details/ESPORTSTMNT01/1131604?gameHash=d30137a869bd1af5,2019,Regular Season
ESPORTSTMNT01/1131623,2019_LoL_esports_match_data_from_OraclesElixir.csv,LCK,Summer,0,https://matchhistory.euw.leagueoflegends.com/en/#match-details/ESPORTSTMNT01/1131623?gameHash=a213dea6b42938f6,2019,Regular Season
ESPORTSTMNT01/1131632,2019_LoL_esports_match_data_from_OraclesElixir.csv,LCK,Summer,0,https://matchhistory.euw.leagueoflegends.com/en/#match-details/ESPORTSTMNT01/1131632?gameHash=5d00a3996d22244b,2019,Regular Season
ESPORTSTMNT01/1131870,2019_LoL_esports_match_data_from_OraclesElixir.csv,LCK,Summer,0,https://matchhistory.euw.leagueoflegends.com/en/#match-details/ESPORTSTMNT01/1131870?gameHash=29b86d69682ec769,2019,Regular Season
ESPORTSTMNT01/1131890,2019_LoL_esports_match_data_from_OraclesElixir.csv,LCK,Summer,0,https://matchhistory.euw.leagueoflegends.com/en/#match-details/ESPORTSTMNT01/1131890?gameHash=2c22ec6020ca5b1d,2019,Regular Season
ESPORTSTMNT01/1131894,2019_LoL_esports_match_data_from_OraclesElixir.csv,LCK,Summer,0,http://matchhistory.na.leagueoflegends.com/en/#match-details/ESPORTSTMNT01/1131894?gameHash=059bd8f2382d344a,2019,Regular Season
ESPORTSTMNT01/1131926,2019_LoL_esports_match_data_from_OraclesElixir.csv,LCK,Summer,0,http://matchhistory.na.leagueoflegends.com/en/#match-details/ESPORTSTMNT01/1131926?gameHash=581058cba49151aa,2019,Regular Season
ESPORTSTMNT01/1131932,2019_LoL_esports_match_data_from_OraclesElixir.csv,LCK,Summer,0,http://matchhistory.na.leagueoflegends.com/en/#match-details/ESPORTSTMNT01/1131932?gameHash=e0cfb7c95900aef4,2019,Regular Season
ESPORTSTMNT01/1132838,2019_LoL_esports_match_data_from_OraclesElixir.csv,LCK,Summer,0,http://matchhistory.na.leagueoflegends.com/en/#match-details/ESPORTSTMNT01/1132838?gameHash=d42ea8a7cee50f03,2019,Regular Season
ESPORTSTMNT01/1132857,2019_LoL_esports_match_data_from_OraclesElixir.csv,LCK,Summer,0,http://matchhistory.na.leagueoflegends.com/en/#match-details/ESPORTSTMNT01/1132857?gameHash=3951976f801f9e2a,2019,Regular Season
ESPORTSTMNT01/1132877,2019_LoL_esports_match_data_from_OraclesElixir.csv,LCK,Summer,0,http://matchhistory.na.leagueoflegends.com/en/#match-details/ESPORTSTMNT01/1132877?gameHash=35db8deeed49511d,2019,Regular Season
ESPORTSTMNT01/1132935,2019_LoL_esports_match_data_from_OraclesElixir.csv,LCK,Summer,0,http://matchhistory.na.leagueoflegends.com/en/#match-details/ESPORTSTMNT01/1132935?gameHash=7b0c7356a22d0468,2019,Regular Season
ESPORTSTMNT01/1132954,2019_LoL_esports_match_data_from_OraclesElixir.csv,LCK,Summer,0,http://matchhistory.na.leagueoflegends.com/en/#match-details/ESPORTSTMNT01/1132954?gameHash=56d941e986d9613b,2019,Regular Season
ESPORTSTMNT01/1143282,2019_LoL_esports_match_data_from_OraclesElixir.csv,LCK,Summer,0,http://matchhistory.na.leagueoflegends.com/en/#match-details/ESPORTSTMNT01/1143282?gameHash=12075e5d60f42367,2019,Regular Season
ESPORTSTMNT01/1143414,2019_LoL_esports_match_data_from_OraclesElixir.csv,LCK,Summer,0,http://matchhistory.na.leagueoflegends.com/en/#match-details/ESPORTSTMNT01/1143414?gameHash=5cb538d9c56631f3,2019,Regular Season
ESPORTSTMNT01/1143433,2019_LoL_esports_match_data_from_OraclesElixir.csv,LCK,Summer,0,http://matchhistory.na.leagueoflegends.com/en/#match-details/ESPORTSTMNT01/1143433?gameHash=782e8815c2e14ef5,2019,Regular Season
ESPORTSTMNT01/1143510,2019_LoL_esports_match_data_from_OraclesElixir.csv,LCK,Summer,0,http://matchhistory.na.leagueoflegends.com/en/#match-details/ESPORTSTMNT01/1143510?gameHash=4e8a95f030aba4d7,2019,Regular Season
ESPORTSTMNT01/1143542,2019_LoL_esports_match_data_from_OraclesElixir.csv,LCK,Summer,0,http://matchhistory.na.leagueoflegends.com/en/#match-details/ESPORTSTMNT01/1143542?gameHash=deefc313b7bfccc5,2019,Regular Season
ESPORTSTMNT01/1133666,2019_LoL_esports_match_data_from_OraclesElixir.csv,LCK,Summer,0,http://matchhistory.na.leagueoflegends.com/en/#match-details/ESPORTSTMNT01/1133666?gameHash=dde8d9f8fa63ddf9,2019,Regular Season
ESPORTSTMNT01/1133768,2019_LoL_esports_match_data_from_OraclesElixir.csv,LCK,Summer,0,http://matchhistory.na.leagueoflegends.com/en/#match-details/ESPORTSTMNT01/1133768?gameHash=fd6307c758133e84,2019,Regular Season
ESPORTSTMNT01/1133776,2019_LoL_esports_match_data_from_OraclesElixir.csv,LCK,Summer,0,http://matchhistory.na.leagueoflegends.com/en/#match-details/ESPORTSTMNT01/1133776?gameHash=5eb97652b1586c48,2019,Regular Season
ESPORTSTMNT01/1133789,2019_LoL_esports_match_data_from_OraclesElixir.csv,LCK,Summer,0,http://matchhistory.na.leagueoflegends.com/en/#match-details/ESPORTSTMNT01/1133789?gameHash=396f036a5fe4637e,2019,Regular Season
ESPORTSTMNT01/1133822,2019_LoL_esports_match_data_from_OraclesElixir.csv,LCK,Summer,0,http://matchhistory.na.leagueoflegends.com/en/#match-details/ESPORTSTMNT01/1133822?gameHash=889dd88752992607,2019,Regular Season
ESPORTSTMNT01/1144254,2019_LoL_esports_match_data_from_OraclesElixir.csv,LCK,Summer,0,http://matchhistory.na.leagueoflegends.com/en/#match-details/ESPORTSTMNT01/1144254?gameHash=bc40302a3daa8086,2019,Regular Season
ESPORTSTMNT01/1134136,2019_LoL_esports_match_data_from_OraclesElixir.csv,LCK,Summer,0,http://matchhistory.na.leagueoflegends.com/en/#match-details/ESPORTSTMNT01/1134136?gameHash=e4f8ec4fd68170b3,2019,Regular Season
ESPORTSTMNT01/1134154,2019_LoL_esports_match_data_from_OraclesElixir.csv,LCK,Summer,0,http://matchhistory.na.leagueoflegends.com/en/#match-details/ESPORTSTMNT01/1134154?gameHash=05eb17da01f24284,2019,Regular Season
ESPORTSTMNT01/1134185,2019_LoL_esports_match_data_from_OraclesElixir.csv,LCK,Summer,0,http://matchhistory.na.leagueoflegends.com/en/#match-details/ESPORTSTMNT01/1134185?gameHash=863d2fc89f9e5f49,2019,Regular Season
ESPORTSTMNT01/1134226,2019_LoL_esports_match_data_from_OraclesElixir.csv,LCK,Summer,0,http://matchhistory.na.leagueoflegends.com/en/#match-details/ESPORTSTMNT01/1134226?gameHash=fc11b5b6e2e65bbd,2019,Regular Season
ESPORTSTMNT01/1134456,2019_LoL_esports_match_data_from_OraclesElixir.csv,LCK,Summer,0,http://matchhistory.na.leagueoflegends.com/en/#match-details/ESPORTSTMNT01/1134456?gameHash=7d33ca50dd3d4e2d,2019,Regular Season
ESPORTSTMNT01/1144744,2019_LoL_esports_match_data_from_OraclesElixir.csv,LCK,Summer,0,http://matchhistory.na.leagueoflegends.com/en/#match-details/ESPORTSTMNT01/1144744?gameHash=5ad56f67f1d78e25,2019,Regular Season
ESPORTSTMNT01/1144747,2019_LoL_esports_match_data_from_OraclesElixir.csv,LCK,Summer,0,http://matchhistory.na.leagueoflegends.com/en/#match-details/ESPORTSTMNT01/1144747?gameHash=2d18dbb129cb4b94,2019,Regular Season
ESPORTSTMNT01/1144751,2019_LoL_esports_match_data_from_OraclesElixir.csv,LCK,Summer,0,http://matchhistory.na.leagueoflegends.com/en/#match-details/ESPORTSTMNT01/1144751?gameHash=d04ad73e7259f653,2019,Regular Season
ESPORTSTMNT01/1144770,2019_LoL_esports_match_data_from_OraclesElixir.csv,LCK,Summer,0,http://matchhistory.na.leagueoflegends.com/en/#match-details/ESPORTSTMNT01/1144770?gameHash=1f338ddddae5cf22,2019,Regular Season
ESPORTSTMNT01/1144778,2019_LoL_esports_match_data_from_OraclesElixir.csv,LCK,Summer,0,http://matchhistory.na.leagueoflegends.com/en/#match-details/ESPORTSTMNT01/1144778?gameHash=0a69a8cf7a043c65,2019,Regular Season
ESPORTSTMNT02/1080533,2019_LoL_esports_match_data_from_OraclesElixir.csv,LCK,Summer,0,https://matchhistory.euw.leagueoflegends.com/en/#match-details/ESPORTSTMNT02/1080533?gameHash=e0070d24c05fadc6,2019,Regular Season
ESPORTSTMNT02/1080555,2019_LoL_esports_match_data_from_OraclesElixir.csv,LCK,Summer,0,https://matchhistory.euw.leagueoflegends.com/en/#match-details/ESPORTSTMNT02/1080555?gameHash=f02236982e2a61cc,2019,Regular Season
ESPORTSTMNT02/1080561,2019_LoL_esports_match_data_from_OraclesElixir.csv,LCK,Summer,0,https://matchhistory.euw.leagueoflegends.com/en/#match-details/ESPORTSTMNT02/1080561?gameHash=da139cd69fea39a9,2019,Regular Season
ESPORTSTMNT02/1080572,2019_LoL_esports_match_data_from_OraclesElixir.csv,LCK,Summer,0,https://matchhistory.euw.leagueoflegends.com/en/#match-details/ESPORTSTMNT02/1080572?gameHash=59a24b7dfd9d9503,2019,Regular Season
ESPORTSTMNT02/1080611,2019_LoL_esports_match_data_from_OraclesElixir.csv,LCK,Summer,0,https://matchhistory.euw.leagueoflegends.com/en/#match-details/ESPORTSTMNT02/1080611?gameHash=a2acda19a8c7f17f,2019,Regular Season
ESPORTSTMNT02/1090827,2019_LoL_esports_match_data_from_OraclesElixir.csv,LCK,Summer,0,http://matchhistory.na.leagueoflegends.com/en/#match-details/ESPORTSTMNT02/1090827?gameHash=21d1f2969f39dc6c,2019,Regular Season
ESPORTSTMNT02/1090924,2019_LoL_esports_match_data_from_OraclesElixir.csv,LCK,Summer,0,http://matchhistory.na.leagueoflegends.com/en/#match-details/ESPORTSTMNT02/1090924?gameHash=3c892b276afc3e17,2019,Regular Season
ESPORTSTMNT02/1090928,2019_LoL_esports_match_data_from_OraclesElixir.csv,LCK,Summer,0,http://matchhistory.na.leagueoflegends.com/en/#match-details/ESPORTSTMNT02/1090928?gameHash=919191426e04b3bf,2019,Regular Season
ESPORTSTMNT02/1090996,2019_LoL_esports_match_data_from_OraclesElixir.csv,LCK,Summer,0,http://matchhistory.na.leagueoflegends.com/en/#match-details/ESPORTSTMNT02/1090996?gameHash=114734ed035abfca,2019,Regular Season
ESPORTSTMNT02/1091018,2019_LoL_esports_match_data_from_OraclesElixir.csv,LCK,Summer,0,http://matchhistory.na.leagueoflegends.com/en/#match-details/ESPORTSTMNT02/1091018?gameHash=d50c6600cd964b19,2019,Regular Season
ESPORTSTMNT02/1091192,2019_LoL_esports_match_data_from_OraclesElixir.csv,LCK,Summer,0,http://matchhistory.na.leagueoflegends.com/en/#match-details/ESPORTSTMNT02/1091192?gameHash=3636d7995a2ddc5d,2019,Regular Season
ESPORTSTMNT02/1091292,2019_LoL_esports_match_data_from_OraclesElixir.csv,LCK,Summer,0,http://matchhistory.na.leagueoflegends.com/en/#match-details/ESPORTSTMNT02/1091292?gameHash=d25978d2caae65c5,2019,Regular Season
ESPORTSTMNT02/1091308,2019_LoL_esports_match_data_from_OraclesElixir.csv,LCK,Summer,0,http://matchhistory.na.leagueoflegends.com/en/#match-details/ESPORTSTMNT02/1091308?gameHash=0d97b13aed3b596b,2019,Regular Season
ESPORTSTMNT02/1091316,2019_LoL_esports_match_data_from_OraclesElixir.csv,LCK,Summer,0,http://matchhistory.na.leagueoflegends.com/en/#match-details/ESPORTSTMNT02/1091316?gameHash=a5c9d164573e6c2a,2019,Regular Season
ESPORTSTMNT02/1091363,2019_LoL_esports_match_data_from_OraclesElixir.csv,LCK,Summer,0,http://matchhistory.na.leagueoflegends.com/en/#match-details/ESPORTSTMNT02/1091363?gameHash=278933309eac1712,2019,Regular Season
ESPORTSTMNT02/1091379,2019_LoL_esports_match_data_from_OraclesElixir.csv,LCK,Summer,0,http://matchhistory.na.leagueoflegends.com/en/#match-details/ESPORTSTMNT02/1091379?gameHash=4f24e99d0fd0b4e9,2019,Regular Season
ESPORTSTMNT02/1091677,2019_LoL_esports_match_data_from_OraclesElixir.csv,LCK,Summer,0,http://matchhistory.na.leagueoflegends.com/en/#match-details/ESPORTSTMNT02/1091677?gameHash=873468c1eedae092,2019,Regular Season
ESPORTSTMNT02/1081655,2019_LoL_esports_match_data_from_OraclesElixir.csv,LCK,Summer,0,http://matchhistory.na.leagueoflegends.com/en/#match-details/ESPORTSTMNT02/1081655?gameHash=f8a791bc0b4c2ce1,2019,Regular Season
ESPORTSTMNT02/1081687,2019_LoL_esports_match_data_from_OraclesElixir.csv,LCK,Summer,0,http://matchhistory.na.leagueoflegends.com/en/#match-details/ESPORTSTMNT02/1081687?gameHash=ccbf2590d464b72b,2019,Regular Season
ESPORTSTMNT02/1081749,2019_LoL_esports_match_data_from_OraclesElixir.csv,LCK,Summer,0,http://matchhistory.na.leagueoflegends.com/en/#match-details/ESPORTSTMNT02/1081749?gameHash=77bc74ebd435b7cf,2019,Regular Season
ESPORTSTMNT02/1081984,2019_LoL_esports_match_data_from_OraclesElixir.csv,LCK,Summer,0,http://matchhistory.na.leagueoflegends.com/en/#match-details/ESPORTSTMNT02/1081984?gameHash=be30ab19939a4e93,2019,Regular Season
ESPORTSTMNT02/1082052,2019_LoL_esports_match_data_from_OraclesElixir.csv,LCK,Summer,0,http://matchhistory.na.leagueoflegends.com/en/#match-details/ESPORTSTMNT02/1082052?gameHash=d360c60dd86cd1e4,2019,Regular Season
ESPORTSTMNT02/1082067,2019_LoL_esports_match_data_from_OraclesElixir.csv,LCK,Summer,0,http://matchhistory.na.leagueoflegends.com/en/#match-details/ESPORTSTMNT02/1082067?gameHash=daca0770b46da1cd,2019,Regular Season
ESPORTSTMNT02/1082144,2019_LoL_esports_match_data_from_OraclesElixir.csv,LCK,Summer,0,http://matchhistory.na.leagueoflegends.com/en/#match-details/ESPORTSTMNT02/1082144?gameHash=70c924375373caa0,2019,Regular Season
ESPORTSTMNT02/1082155,2019_LoL_esports_match_data_from_OraclesElixir.csv,LCK,Summer,0,http://matchhistory.na.leagueoflegends.com/en/#match-details/ESPORTSTMNT02/1082155?gameHash=7263fdc110e4fe0d,2019,Regular Season
ESPORTSTMNT02/1093265,2019_LoL_esports_match_data_from_OraclesElixir.csv,LCK,Summer,0,http://matchhistory.na.leagueoflegends.com/en/#match-details/ESPORTSTMNT02/1093265?gameHash=2acf28fbabff1009,2019,Regular Season
ESPORTSTMNT02/1093310,2019_LoL_esports_match_data_from_OraclesElixir.csv,LCK,Summer,0,http://matchhistory.na.leagueoflegends.com/en/#match-details/ESPORTSTMNT02/1093310?gameHash=d2d0ddef0e5aebe7,2019,Regular Season
ESPORTSTMNT02/1093323,2019_LoL_esports_match_data_from_OraclesElixir.csv,LCK,Summer,0,http://matchhistory.na.leagueoflegends.com/en/#match-details/ESPORTSTMNT02/1093323?gameHash=0c180eabf79e2f2a,2019,Regular Season
ESPORTSTMNT02/1093354,2019_LoL_esports_match_data_from_OraclesElixir.csv,LCK,Summer,0,http://matchhistory.na.leagueoflegends.com/en/#match-details/ESPORTSTMNT02/1093354?gameHash=c487e2b8e2fc8947,2019,Regular Season
ESPORTSTMNT02/1093630,2019_LoL_esports_match_data_from_OraclesElixir.csv,LCK,Summer,0,http://matchhistory.na.leagueoflegends.com/en/#match-details/ESPORTSTMNT02/1093630?gameHash=bae846d6b4ac81e9,2019,Regular Season
ESPORTSTMNT02/1083574,2019_LoL_esports_match_data_from_OraclesElixir.csv,LCK,Summer,0,http://matchhistory.na.leagueoflegends.com/en/#match-details/ESPORTSTMNT02/1083574?gameHash=c5c2752d9817478a,2019,Regular Season
ESPORTSTMNT02/1083593,2019_LoL_esports_match_data_from_OraclesElixir.csv,LCK,Summer,0,http://matchhistory.na.leagueoflegends.com/en/#match-details/ESPORTSTMNT02/1083593?gameHash=0b3f14aac0f5c0c4,2019,Regular Season
ESPORTSTMNT02/1093796,2019_LoL_esports_match_data_from_OraclesElixir.csv,LCK,Summer,0,http://matchhistory.na.leagueoflegends.com/en/#match-details/ESPORTSTMNT02/1093796?gameHash=d39c14d1f880235d,2019,Regular Season
ESPORTSTMNT02/1094107,2019_LoL_esports_match_data_from_OraclesElixir.csv,LCK,Summer,0,http://matchhistory.na.leagueoflegends.com/en/#match-details/ESPORTSTMNT02/1094107?gameHash=9d43c702db28c4e7,2019,Regular Season
ESPORTSTMNT02/1094190,2019_LoL_esports_match_data_from_OraclesElixir.csv,LCK,Summer,0,http://matchhistory.na.leagueoflegends.com/en/#match-details/ESPORTSTMNT02/1094190?gameHash=e5d9408f72cf90a5,2019,Regular Season
ESPORTSTMNT02/1084073,2019_LoL_esports_match_data_from_OraclesElixir.csv,LCK,Summer,0,http://matchhistory.na.leagueoflegends.com/en/#match-details/ESPORTSTMNT02/1084073?gameHash=869a2aa57d819ce6,2019,Regular Season
ESPORTSTMNT02/1084088,2019_LoL_esports_match_data_from_OraclesElixir.csv,LCK,Summer,0,http://matchhistory.na.leagueoflegends.com/en/#match-details/ESPORTSTMNT02/1084088?gameHash=78913042725cadaf,2019,Regular Season
ESPORTSTMNT02/1084133,2019_LoL_esports_match_data_from_OraclesElixir.csv,LCK,Summer,0,http://matchhistory.na.leagueoflegends.com/en/#match-details/ESPORTSTMNT02/1084133?gameHash=d4bb660eecc5c9ef,2019,Regular Season
ESPORTSTMNT05/1200105,2019_LoL_esports_match_data_from_OraclesElixir.csv,LCK,Summer,0,http://matchhistory.na.leagueoflegends.com/en/#match-details/ESPORTSTMNT05/1200105?gameHash=d0093882d409e5cd,2019,Regular Season
ESPORTSTMNT05/1200114,2019_LoL_esports_match_data_from_OraclesElixir.csv,LCK,Summer,0,http://matchhistory.na.leagueoflegends.com/en/#match-details/ESPORTSTMNT05/1200114?gameHash=3afefa3dc4b75b8e,2019,Regular Season
ESPORTSTMNT05/1200115,2019_LoL_esports_match_data_from_OraclesElixir.csv,LCK,Summer,0,http://matchhistory.na.leagueoflegends.com/en/#match-details/ESPORTSTMNT05/1200115?gameHash=2c9f7dfe1527dc69,2019,Regular Season
ESPORTSTMNT05/1200154,2019_LoL_esports_match_data_from_OraclesElixir.csv,LCK,Summer,0,http://matchhistory.na.leagueoflegends.com/en/#match-details/ESPORTSTMNT05/1200154?gameHash=283c47ada29b30dd,2019,Regular Season
ESPORTSTMNT02/1084890,2019_LoL_esports_match_data_from_OraclesElixir.csv,LCK,Summer,0,http://matchhistory.na.leagueoflegends.com/en/#match-details/ESPORTSTMNT02/1084890?gameHash=8d8eca25c3e40f9d,2019,Regular Season
ESPORTSTMNT02/1095293,2019_LoL_esports_match_data_from_OraclesElixir.csv,LCK,Summer,0,http://matchhistory.na.leagueoflegends.com/en/#match-details/ESPORTSTMNT02/1095293?gameHash=187f14b322bc6317,2019,Regular Season
ESPORTSTMNT02/1095310,2019_LoL_esports_match_data_from_OraclesElixir.csv,LCK,Summer,0,http://matchhistory.na.leagueoflegends.com/en/#match-details/ESPORTSTMNT02/1095310?gameHash=967de3ce0859cbe3,2019,Regular Season
ESPORTSTMNT02/1085061,2019_LoL_esports_match_data_from_OraclesElixir.csv,LCK,Summer,0,http://matchhistory.na.leagueoflegends.com/en/#match-details/ESPORTSTMNT02/1085061?gameHash=cd00aaf149211c79,2019,Regular Season
ESPORTSTMNT03/1113147,2019_LoL_esports_match_data_from_OraclesElixir.csv,LCK,Summer,0,http://matchhistory.na.leagueoflegends.com/en/#match-details/ESPORTSTMNT03/1113147?gameHash=08baf8f09dd8c3ca,2019,Regular Season
ESPORTSTMNT03/1123055,2019_LoL_esports_match_data_from_OraclesElixir.csv,LCK,Summer,0,http://matchhistory.na.leagueoflegends.com/en/#match-details/ESPORTSTMNT03/1123055?gameHash=fb4384913b21fe41,2019,Regular Season
ESPORTSTMNT03/1113188,2019_LoL_esports_match_data_from_OraclesElixir.csv,LCK,Summer,0,http://matchhistory.na.leagueoflegends.com/en/#match-details/ESPORTSTMNT03/1113188?gameHash=602066f7e3ffb6ac,2019,Regular Season
ESPORTSTMNT03/1113199,2019_LoL_esports_match_data_from_OraclesElixir.csv,LCK,Summer,0,http://matchhistory.na.leagueoflegends.com/en/#match-details/ESPORTSTMNT03/1113199?gameHash=df84a5d7e8f258f3,2019,Regular Season
ESPORTSTMNT03/1123114,2019_LoL_esports_match_data_from_OraclesElixir.csv,LCK,Summer,0,http://matchhistory.na.leagueoflegends.com/en/#match-details/ESPORTSTMNT03/1123114?gameHash=39f6f06db9fed9a1,2019,Regular Season
ESPORTSTMNT03/1113582,2019_LoL_esports_match_data_from_OraclesElixir.csv,LCK,Summer,0,http://matchhistory.na.leagueoflegends.com/en/#match-details/ESPORTSTMNT03/1113582?gameHash=94e98f1501e3c9a4,2019,Regular Season
ESPORTSTMNT03/1123484,2019_LoL_esports_match_data_from_OraclesElixir.csv,LCK,Summer,0,http://matchhistory.na.leagueoflegends.com/en/#match-details/ESPORTSTMNT03/1123484?gameHash=eec78b2ef9b54f69,2019,Regular Season
ESPORTSTMNT03/1113642,2019_LoL_esports_match_data_from_OraclesElixir.csv,LCK,Summer,0,http://matchhistory.na.leagueoflegends.com/en/#match-details/ESPORTSTMNT03/1113642?gameHash=686edb6ecc07c863,2019,Regular Season
ESPORTSTMNT03/1123539,2019_LoL_esports_match_data_from_OraclesElixir.csv,LCK,Summer,0,http://matchhistory.na.leagueoflegends.com/en/#match-details/ESPORTSTMNT03/1123539?gameHash=74ad0c53d65fcf7c,2019,Regular Season
ESPORTSTMNT03/1123826,2019_LoL_esports_match_data_from_OraclesElixir.csv,LCK,Summer,0,http://matchhistory.na.leagueoflegends.com/en/#match-details/ESPORTSTMNT03/1123826?gameHash=e337e8539b361f47,2019,Regular Season
ESPORTSTMNT03/1123938,2019_LoL_esports_match_data_from_OraclesElixir.csv,LCK,Summer,0,http://matchhistory.na.leagueoflegends.com/en/#match-details/ESPORTSTMNT03/1123938?gameHash=dddda7b34d043b5d,2019,Regular Season
ESPORTSTMNT03/1123953,2019_LoL_esports_match_data_from_OraclesElixir.csv,LCK,Summer,0,http://matchhistory.na.leagueoflegends.com/en/#match-details/ESPORTSTMNT03/1123953?gameHash=9130b03f00e74e9b,2019,Regular Season
ESPORTSTMNT03/1123988,2019_LoL_esports_match_data_from_OraclesElixir.csv,LCK,Summer,0,http://matchhistory.na.leagueoflegends.com/en/#match-details/ESPORTSTMNT03/1123988?gameHash=fc07431f9036f684,2019,Regular Season
ESPORTSTMNT03/1114416,2019_LoL_esports_match_data_from_OraclesElixir.csv,LCK,Summer,0,http://matchhistory.na.leagueoflegends.com/en/#match-details/ESPORTSTMNT03/1114416?gameHash=57ef91da5142a80a,2019,Regular Season
ESPORTSTMNT03/1114521,2019_LoL_esports_match_data_from_OraclesElixir.csv,LCK,Summer,0,http://matchhistory.na.leagueoflegends.com/en/#match-details/ESPORTSTMNT03/1114521?gameHash=5cb7fd43c1b37556,2019,Regular Season
ESPORTSTMNT03/1124425,2019_LoL_esports_match_data_from_OraclesElixir.csv,LCK,Summer,0,http://matchhistory.na.leagueoflegends.com/en/#match-details/ESPORTSTMNT03/1124425?gameHash=d4cb3c1cb4aaffe5,2019,Regular Season
ESPORTSTMNT03/1124490,2019_LoL_esports_match_data_from_OraclesElixir.csv,LCK,Summer,0,http://matchhistory.na.leagueoflegends.com/en/#match-details/ESPORTSTMNT03/1124490?gameHash=cffc4140aa64d5ce,2019,Regular Season
ESPORTSTMNT03/1114618,2019_LoL_esports_match_data_from_OraclesElixir.csv,LCK,Summer,0,http://matchhistory.na.leagueoflegends.com/en/#match-details/ESPORTSTMNT03/1114618?gameHash=c43bc4eee71666e7,2019,Regular Season
ESPORTSTMNT03/1115146,2019_LoL_esports_match_data_from_OraclesElixir.csv,LCK,Summer,0,http://matchhistory.na.leagueoflegends.com/en/#match-details/ESPORTSTMNT03/1115146?gameHash=619cdd2c2a4f223c,2019,Regular Season
ESPORTSTMNT03/1125063,2019_LoL_esports_match_data_from_OraclesElixir.csv,LCK,Summer,0,http://matchhistory.na.leagueoflegends.com/en/#match-details/ESPORTSTMNT03/1125063?gameHash=b81b9fd18412b527,2019,Regular Season
ESPORTSTMNT03/1125069,2019_LoL_esports_match_data_from_OraclesElixir.csv,LCK,Summer,0,http://matchhistory.na.leagueoflegends.com/en/#match-details/ESPORTSTMNT03/1125069?gameHash=5a37a846e66b1592,2019,Regular Season
ESPORTSTMNT03/1125094,2019_LoL_esports_match_data_from_OraclesElixir.csv,LCK,Summer,0,http://matchhistory.na.leagueoflegends.com/en/#match-details/ESPORTSTMNT03/1125094?gameHash=ae897db53a0d54c2,2019,Regular Season
ESPORTSTMNT03/1125168,2019_LoL_esports_match_data_from_OraclesElixir.csv,LCK,Summer,0,http://matchhistory.na.leagueoflegends.com/en/#match-details/ESPORTSTMNT03/1125168?gameHash=8e8020eea056f0b0,2019,Regular Season
ESPORTSTMNT03/1116923,2019_LoL_esports_match_data_from_OraclesElixir.csv,LCK,Summer,0,http://matchhistory.euw.leagueoflegends.com/en/#match-details/ESPORTSTMNT03/1116923?gameHash=29782e86fd01e7fe,2019,Regular Season
ESPORTSTMNT03/1116958,2019_LoL_esports_match_data_from_OraclesElixir.csv,LCK,Summer,0,http://matchhistory.euw.leagueoflegends.com/en/#match-details/ESPORTSTMNT03/1116958?gameHash=8fc857b1dd9fa37e,2019,Regular Season
ESPORTSTMNT03/1116973,2019_LoL_esports_match_data_from_OraclesElixir.csv,LCK,Summer,0,http://matchhistory.euw.leagueoflegends.com/en/#match-details/ESPORTSTMNT03/1116973?gameHash=b079606168364a6c,2019,Regular Season
ESPORTSTMNT03/1117026,2019_LoL_esports_match_data_from_OraclesElixir.csv,LCK,Summer,0,http://matchhistory.euw.leagueoflegends.com/en/#match-details/ESPORTSTMNT03/1117026?gameHash=6a13e46a8337867e,2019,Regular Season
ESPORTSTMNT03/1117044,2019_LoL_esports_match_data_from_OraclesElixir.csv,LCK,Summer,0,http://matchhistory.euw.leagueoflegends.com/en/#match-details/ESPORTSTMNT03/1117044?gameHash=2cb1397cf767ca6b,2019,Regular Season
ESPORTSTMNT03/1127323,2019_LoL_esports_match_data_from_OraclesElixir.csv,LCK,Summer,0,http://matchhistory.euw.leagueoflegends.com/en/#match-details/ESPORTSTMNT03/1127323?gameHash=30ebdf254a1f344f,2019,Regular Season
ESPORTSTMNT03/1117513,2019_LoL_esports_match_data_from_OraclesElixir.csv,LCK,Summer,0,http://matchhistory.euw.leagueoflegends.com/en/#match-details/ESPORTSTMNT03/1117513?gameHash=810d8aa3e1c090be,2019,Regular Season
ESPORTSTMNT03/1117573,2019_LoL_esports_match_data_from_OraclesElixir.csv,LCK,Summer,0,http://matchhistory.euw.leagueoflegends.com/en/#match-details/ESPORTSTMNT03/1117573?gameHash=778849545d43311b,2019,Regular Season
ESPORTSTMNT03/1117673,2019_LoL_esports_match_data_from_OraclesElixir.csv,LCK,Summer,0,http://matchhistory.euw.leagueoflegends.com/en/#match-details/ESPORTSTMNT03/1117673?gameHash=acbe66856ec353fd,2019,Regular Season
ESPORTSTMNT03/1117690,2019_LoL_esports_match_data_from_OraclesElixir.csv,LCK,Summer,0,http://matchhistory.euw.leagueoflegends.com/en/#match-details/ESPORTSTMNT03/1117690?gameHash=359d177eafe78ccf,2019,Regular Season
ESPORTSTMNT03/1128226,2019_LoL_esports_match_data_from_OraclesElixir.csv,LCK,Summer,0,http://matchhistory.na.leagueoflegends.com/en/#match-details/ESPORTSTMNT03/1128226?gameHash=db5c72db32b3daa3,2019,Regular Season
ESPORTSTMNT03/1128297,2019_LoL_esports_match_data_from_OraclesElixir.csv,LCK,Summer,0,http://matchhistory.na.leagueoflegends.com/en/#match-details/ESPORTSTMNT03/1128297?gameHash=37709ef6955734e4,2019,Regular Season
ESPORTSTMNT03/1128337,2019_LoL_esports_match_data_from_OraclesElixir.csv,LCK,Summer,0,http://matchhistory.na.leagueoflegends.com/en/#match-details/ESPORTSTMNT03/1128337?gameHash=48f6e99c4bd266d3,2019,Regular Season
ESPORTSTMNT03/1128401,2019_LoL_esports_match_data_from_OraclesElixir.csv,LCK,Summer,0,http://matchhistory.na.leagueoflegends.com/en/#match-details/ESPORTSTMNT03/1128401?gameHash=7379141f6d96eb70,2019,Regular Season
ESPORTSTMNT03/1128436,2019_LoL_esports_match_data_from_OraclesElixir.csv,LCK,Summer,0,http://matchhistory.na.leagueoflegends.com/en/#match-details/ESPORTSTMNT03/1128436?gameHash=2871365f999f69a8,2019,Regular Season
ESPORTSTMNT03/1128757,2019_LoL_esports_match_data_from_OraclesElixir.csv,LCK,Summer,0,http://matchhistory.na.leagueoflegends.com/en/#match-details/ESPORTSTMNT03/1128757?gameHash=2965c59e6a8e44e6,2019,Regular Season
ESPORTSTMNT03/1128813,2019_LoL_esports_match_data_from_OraclesElixir.csv,LCK,Summer,0,http://matchhistory.na.leagueoflegends.com/en/#match-details/ESPORTSTMNT03/1128813?gameHash=deb86bd0a88c7b3e,2019,Regular Season
ESPORTSTMNT03/1128820,2019_LoL_esports_match_data_from_OraclesElixir.csv,LCK,Summer,0,http://matchhistory.na.leagueoflegends.com/en/#match-details/ESPORTSTMNT03/1128820?gameHash=374f9221b708b2e3,2019,Regular Season
ESPORTSTMNT03/1128909,2019_LoL_esports_match_data_from_OraclesElixir.csv,LCK,Summer,0,http://matchhistory.na.leagueoflegends.com/en/#match-details/ESPORTSTMNT03/1128909?gameHash=d5c6e1751a61fcc9,2019,Regular Season
ESPORTSTMNT03/1128925,2019_LoL_esports_match_data_from_OraclesElixir.csv,LCK,Summer,0,http://matchhistory.na.leagueoflegends.com/en/#match-details/ESPORTSTMNT03/1128925?gameHash=185aa8bd3635d808,2019,Regular Season
ESPORTSTMNT01/1151506,2019_LoL_esports_match_data_from_OraclesElixir.csv,LCK,Summer,0,http://matchhistory.na.leagueoflegends.com/en/#match-details/ESPORTSTMNT01/1151506?gameHash=4bb8fc956b2c872c,2019,Regular Season
ESPORTSTMNT01/1161505,2019_LoL_esports_match_data_from_OraclesElixir.csv,LCK,Summer,0,http://matchhistory.na.leagueoflegends.com/en/#match-details/ESPORTSTMNT01/1161505?gameHash=97cc2fcc47c197d8,2019,Regular Season
ESPORTSTMNT01/1151650,2019_LoL_esports_match_data_from_OraclesElixir.csv,LCK,Summer,0,http://matchhistory.na.leagueoflegends.com/en/#match-details/ESPORTSTMNT01/1151650?gameHash=0bfcc8fa7252fa93,2019,Regular Season
ESPORTSTMNT01/1151693,2019_LoL_esports_match_data_from_OraclesElixir.csv,LCK,Summer,0,http://matchhistory.na.leagueoflegends.com/en/#match-details/ESPORTSTMNT01/1151693?gameHash=a0a4656e9e17f9d5,2019,Regular Season
ESPORTSTMNT01/1161934,2019_LoL_esports_match_data_from_OraclesElixir.csv,LCK,Summer,0,http://matchhistory.na.leagueoflegends.com/en/#match-details/ESPORTSTMNT01/1161934?gameHash=e3b4e86352ba38bf,2019,Regular Season
ESPORTSTMNT01/1161958,2019_LoL_esports_match_data_from_OraclesElixir.csv,LCK,Summer,0,http://matchhistory.na.leagueoflegends.com/en/#match-details/ESPORTSTMNT01/1161958?gameHash=e8f23d85a493bfd8,2019,Regular Season
ESPORTSTMNT01/1161995,2019_LoL_esports_match_data_from_OraclesElixir.csv,LCK,Summer,0,http://matchhistory.na.leagueoflegends.com/en/#match-details/ESPORTSTMNT01/1161995?gameHash=f127c047d5cf8e93,2019,Regular Season
ESPORTSTMNT01/1162008,2019_LoL_esports_match_data_from_OraclesElixir.csv,LCK,Summer,0,http://matchhistory.na.leagueoflegends.com/en/#match-details/ESPORTSTMNT01/1162008?gameHash=2ea6c1d7bf219296,2019,Regular Season
ESPORTSTMNT01/1162038,2019_LoL_esports_match_data_from_OraclesElixir.csv,LCK,Summer,0,http://matchhistory.na.leagueoflegends.com/en/#match-details/ESPORTSTMNT01/1162038?gameHash=1629bae203191f6c,2019,Regular Season
ESPORTSTMNT01/1152584,2019_LoL_esports_match_data_from_OraclesElixir.csv,LCK,Summer,0,http://matchhistory.na.leagueoflegends.com/en/#match-details/ESPORTSTMNT01/1152584?gameHash=a1ef631cc1c453a6,2019,Regular Season
ESPORTSTMNT01/1152624,2019_LoL_esports_match_data_from_OraclesElixir.csv,LCK,Summer,0,http://matchhistory.na.leagueoflegends.com/en/#match-details/ESPORTSTMNT01/1152624?gameHash=9b74c5aa4c025ad3,2019,Regular Season
ESPORTSTMNT01/1152631,2019_LoL_esports_match_data_from_OraclesElixir.csv,LCK,Summer,0,http://matchhistory.na.leagueoflegends.com/en/#match-details/ESPORTSTMNT01/1152631?gameHash=3e798620e7a00b74,2019,Regular Season
ESPORTSTMNT01/1152651,2019_LoL_esports_match_data_from_OraclesElixir.csv,LCK,Summer,0,http://matchhistory.na.leagueoflegends.com/en/#match-details/ESPORTSTMNT01/1152651?gameHash=6e4b2b2a8c465a99,2019,Regular Season
ESPORTSTMNT01/1162529,2019_LoL_esports_match_data_from_OraclesElixir.csv,LCK,Summer,0,http://matchhistory.na.leagueoflegends.com/en/#match-details/ESPORTSTMNT01/1162529?gameHash=7e100d29b9f34440,2019,Regular Season
ESPORTSTMNT01/1162877,2019_LoL_esports_match_data_from_OraclesElixir.csv,LCK,Summer,0,http://matchhistory.na.leagueoflegends.com/en/#match-details/ESPORTSTMNT01/1162877?gameHash=58305e904d66c52a,2019,Regular Season
ESPORTSTMNT01/1162943,2019_LoL_esports_match_data_from_OraclesElixir.csv,LCK,Summer,0,http://matchhistory.na.leagueoflegends.com/en/#match-details/ESPORTSTMNT01/1162943?gameHash=cf92a42fd4003f07,2019,Regular Season
ESPORTSTMNT01/1162958,2019_LoL_esports_match_data_from_OraclesElixir.csv,LCK,Summer,0,http://matchhistory.na.leagueoflegends.com/en/#match-details/ESPORTSTMNT01/1162958?gameHash=c36843a036017df6,2019,Regular Season
ESPORTSTMNT01/1162990,2019_LoL_esports_match_data_from_OraclesElixir.csv,LCK,Summer,0,http://matchhistory.na.leagueoflegends.com/en/#match-details/ESPORTSTMNT01/1162990?gameHash=7576b729705957d1,2019,Regular Season
ESPORTSTMNT01/1163030,2019_LoL_esports_match_data_from_OraclesElixir.csv,LCK,Summer,0,http://matchhistory.na.leagueoflegends.com/en/#match-details/ESPORTSTMNT01/1163030?gameHash=894694d62d87cc5d,2019,Regular Season
ESPORTSTMNT01/1154612,2019_LoL_esports_match_data_from_OraclesElixir.csv,LCK,Summer,0,http://matchhistory.na.leagueoflegends.com/en/#match-details/ESPORTSTMNT01/1154612?gameHash=b1dca3e5ad16dbce,2019,Regular Season
ESPORTSTMNT01/1154679,2019_LoL_esports_match_data_from_OraclesElixir.csv,LCK,Summer,0,http://matchhistory.na.leagueoflegends.com/en/#match-details/ESPORTSTMNT01/1154679?gameHash=5c47dcd73cb9d17f,2019,Regular Season
ESPORTSTMNT01/1154696,2019_LoL_esports_match_data_from_OraclesElixir.csv,LCK,Summer,0,http://matchhistory.na.leagueoflegends.com/en/#match-details/ESPORTSTMNT01/1154696?gameHash=a07db37ef0406271,2019,Regular Season
ESPORTSTMNT01/1154754,2019_LoL_esports_match_data_from_OraclesElixir.csv,LCK,Summer,0,http://matchhistory.na.leagueoflegends.com/en/#match-details/ESPORTSTMNT01/1154754?gameHash=e22c6b1086bce3fd,2019,Regular Season
ESPORTSTMNT01/1155159,2019_LoL_esports_match_data_from_OraclesElixir.csv,LCK,Summer,0,http://matchhistory.na.leagueoflegends.com/en/#match-details/ESPORTSTMNT01/1155159?gameHash=5612813addd3f889,2019,Regular Season
ESPORTSTMNT01/1155199,2019_LoL_esports_match_data_from_OraclesElixir.csv,LCK,Summer,0,http://matchhistory.na.leagueoflegends.com/en/#match-details/ESPORTSTMNT01/1155199?gameHash=e6d9a09dbf925987,2019,Regular Season
ESPORTSTMNT01/1155220,2019_LoL_esports_match_data_from_OraclesElixir.csv,LCK,Summer,0,http://matchhistory.na.leagueoflegends.com/en/#match-details/ESPORTSTMNT01/1155220?gameHash=ef1d23e0d1a9940f,2019,Regular Season
ESPORTSTMNT01/1155300,2019_LoL_esports_match_data_from_OraclesElixir.csv,LCK,Summer,0,http://matchhistory.na.leagueoflegends.com/en/#match-details/ESPORTSTMNT01/1155300?gameHash=33c3ed5165fee28a,2019,Regular Season
ESPORTSTMNT01/1155325,2019_LoL_esports_match_data_from_OraclesElixir.csv,LCK,Summer,0,http://matchhistory.na.leagueoflegends.com/en/#match-details/ESPORTSTMNT01/1155325?gameHash=5e70a4e1fe96c312,2019,Regular Season
ESPORTSTMNT01/1165430,2019_LoL_esports_match_data_from_OraclesElixir.csv,LCK,Summer,0,http://matchhistory.na.leagueoflegends.com/en/#match-details/ESPORTSTMNT01/1165430?gameHash=aacad9b465846ffb,2019,Regular Season
ESPORTSTMNT01/1165549,2019_LoL_esports_match_data_from_OraclesElixir.csv,LCK,Summer,0,http://matchhistory.na.leagueoflegends.com/en/#match-details/ESPORTSTMNT01/1165549?gameHash=9a4d586356947c9f,2019,Regular Season
ESPORTSTMNT01/1165560,2019_LoL_esports_match_data_from_OraclesElixir.csv,LCK,Summer,0,http://matchhistory.na.leagueoflegends.com/en/#match-details/ESPORTSTMNT01/1165560?gameHash=3982d58c36eaed0c,2019,Regular Season
ESPORTSTMNT01/1155853,2019_LoL_esports_match_data_from_OraclesElixir.csv,LCK,Summer,0,http://matchhistory.na.leagueoflegends.com/en/#match-details/ESPORTSTMNT01/1155853?gameHash=6324ae93effac6a1,2019,Regular Season
ESPORTSTMNT01/1155902,2019_LoL_esports_match_data_from_OraclesElixir.csv,LCK,Summer,0,http://matchhistory.na.leagueoflegends.com/en/#match-details/ESPORTSTMNT01/1155902?gameHash=5c7c333aea0b20fa,2019,Regular Season
ESPORTSTMNT01/1165940,2019_LoL_esports_match_data_from_OraclesElixir.csv,LCK,Summer,0,http://matchhistory.na.leagueoflegends.com/en/#match-details/ESPORTSTMNT01/1165940?gameHash=b2b045eca4cca0b8,2019,Regular Season
ESPORTSTMNT01/1165976,2019_LoL_esports_match_data_from_OraclesElixir.csv,LCK,Summer,0,http://matchhistory.na.leagueoflegends.com/en/#match-details/ESPORTSTMNT01/1165976?gameHash=48fbe8226a5961b1,2019,Regular Season
ESPORTSTMNT01/1165982,2019_LoL_esports_match_data_from_OraclesElixir.csv,LCK,Summer,0,http://matchhistory.na.leagueoflegends.com/en/#match-details/ESPORTSTMNT01/1165982?gameHash=034a3b2151547583,2019,Regular Season
ESPORTSTMNT01/1166043,2019_LoL_esports_match_data_from_OraclesElixir.csv,LCK,Summer,0,http://matchhistory.na.leagueoflegends.com/en/#match-details/ESPORTSTMNT01/1166043?gameHash=3c0d2dd471ae27b4,2019,Regular Season
ESPORTSTMNT02/1101238,2019_LoL_esports_match_data_from_OraclesElixir.csv,LCK,Summer,0,http://matchhistory.na.leagueoflegends.com/en/#match-details/ESPORTSTMNT02/1101238?gameHash=72bbe25692ac0832,2019,Regular Season
ESPORTSTMNT02/1101245,2019_LoL_esports_match_data_from_OraclesElixir.csv,LCK,Summer,0,http://matchhistory.na.leagueoflegends.com/en/#match-details/ESPORTSTMNT02/1101245?gameHash=c40ca9c67dc403ae,2019,Regular Season
ESPORTSTMNT02/1101246,2019_LoL_esports_match_data_from_OraclesElixir.csv,LCK,Summer,0,http://matchhistory.na.leagueoflegends.com/en/#match-details/ESPORTSTMNT02/1101246?gameHash=4feba4c356803754,2019,Regular Season
ESPORTSTMNT02/1101274,2019_LoL_esports_match_data_from_OraclesElixir.csv,LCK,Summer,0,http://matchhistory.na.leagueoflegends.com/en/#match-details/ESPORTSTMNT02/1101274?gameHash=de2bb4ac8ec4d08d,2019,Regular Season
ESPORTSTMNT02/1101549,2019_LoL_esports_match_data_from_OraclesElixir.csv,LCK,Summer,0,http://matchhistory.na.leagueoflegends.com/en/#match-details/ESPORTSTMNT02/1101549?gameHash=0d2773ba0abff8d8,2019,Regular Season
ESPORTSTMNT02/1101574,2019_LoL_esports_match_data_from_OraclesElixir.csv,LCK,Summer,0,http://matchhistory.na.leagueoflegends.com/en/#match-details/ESPORTSTMNT02/1101574?gameHash=23ea6bac3dd74267,2019,Regular Season
ESPORTSTMNT02/1101589,2019_LoL_esports_match_data_from_OraclesElixir.csv,LCK,Summer,0,http://matchhistory.na.leagueoflegends.com/en/#match-details/ESPORTSTMNT02/1101589?gameHash=6fc013902c66ad6f,2019,Regular Season
ESPORTSTMNT02/1101610,2019_LoL_esports_match_data_from_OraclesElixir.csv,LCK,Summer,0,http://matchhistory.na.leagueoflegends.com/en/#match-details/ESPORTSTMNT02/1101610?gameHash=e7f27b38991b7953,2019,Regular Season
ESPORTSTMNT02/1101662,2019_LoL_esports_match_data_from_OraclesElixir.csv,LCK,Summer,0,http://matchhistory.na.leagueoflegends.com/en/#match-details/ESPORTSTMNT02/1101662?gameHash=00446b4c45f354c2,2019,Regular Season
ESPORTSTMNT02/1101685,2019_LoL_esports_match_data_from_OraclesElixir.csv,LCK,Summer,0,http://matchhistory.na.leagueoflegends.com/en/#match-details/ESPORTSTMNT02/1101685?gameHash=d3d80993c902662c,2019,Regular Season
ESPORTSTMNT02/1101828,2019_LoL_esports_match_data_from_OraclesElixir.csv,LCK,Summer,0,http://matchhistory.na.leagueoflegends.com/en/#match-details/ESPORTSTMNT02/1101828?gameHash=b7d4712f59ac95dd,2019,Regular Season
ESPORTSTMNT02/1101868,2019_LoL_esports_match_data_from_OraclesElixir.csv,LCK,Summer,0,http://matchhistory.na.leagueoflegends.com/en/#match-details/ESPORTSTMNT02/1101868?gameHash=e3991ae6819999c9,2019,Regular Season
ESPORTSTMNT02/1101882,2019_LoL_esports_match_data_from_OraclesElixir.csv,LCK,Summer,0,http://matchhistory.na.leagueoflegends.com/en/#match-details/ESPORTSTMNT02/1101882?gameHash=9b82ab90d516ccac,2019,Regular Season
ESPORTSTMNT02/1101888,2019_LoL_esports_match_data_from_OraclesElixir.csv,LCK,Summer,0,http://matchhistory.na.leagueoflegends.com/en/#match-details/ESPORTSTMNT02/1101888?gameHash=9b84b4df86a7cda6,2019,Regular Season
ESPORTSTMNT02/1101938,2019_LoL_esports_match_data_from_OraclesElixir.csv,LCK,Summer,0,http://matchhistory.na.leagueoflegends.com/en/#match-details/ESPORTSTMNT02/1101938?gameHash=bd37f86f783b9a4a,2019,Regular Season
ESPORTSTMNT02/1101946,2019_LoL_esports_match_data_from_OraclesElixir.csv,LCK,Summer,0,http://matchhistory.na.leagueoflegends.com/en/#match-details/ESPORTSTMNT02/1101946?gameHash=b33a7dd56d9af687,2019,Regular Season
ESPORTSTMNT02/1102211,2019_LoL_esports_match_data_from_OraclesElixir.csv,LCK,Summer,0,http://matchhistory.na.leagueoflegends.com/en/#match-details/ESPORTSTMNT02/1102211?gameHash=1275503d8adf5863,2019,Regular Season
ESPORTSTMNT02/1102215,2019_LoL_esports_match_data_from_OraclesElixir.csv,LCK,Summer,0,http://matchhistory.na.leagueoflegends.com/en/#match-details/ESPORTSTMNT02/1102215?gameHash=c4e51f2e2fe46037,2019,Regular Season
ESPORTSTMNT02/1102272,2019_LoL_esports_match_data_from_OraclesElixir.csv,LCK,Summer,0,http://matchhistory.na.leagueoflegends.com/en/#match-details/ESPORTSTMNT02/1102272?gameHash=718f3cd5c87dc323,2019,Regular Season
ESPORTSTMNT02/1112427,2019_LoL_esports_match_data_from_OraclesElixir.csv,LCK,Summer,0,http://matchhistory.na.leagueoflegends.com/en/#match-details/ESPORTSTMNT02/1112427?gameHash=c7908c0cd5f73c22,2019,Regular Season
ESPORTSTMNT02/1112464,2019_LoL_esports_match_data_from_OraclesElixir.csv,LCK,Summer,0,http://matchhistory.na.leagueoflegends.com/en/#match-details/ESPORTSTMNT02/1112464?gameHash=0877c1ef571872e8,2019,Regular Season
ESPORTSTMNT02/1113579,2019_LoL_esports_match_data_from_OraclesElixir.csv,LCK,Summer,0,http://matchhistory.na.leagueoflegends.com/en/#match-details/ESPORTSTMNT02/1113579?gameHash=d8e4c2a815b1b16c,2019,Regular Season
ESPORTSTMNT02/1103479,2019_LoL_esports_match_data_from_OraclesElixir.csv,LCK,Summer,0,http://matchhistory.na.leagueoflegends.com/en/#match-details/ESPORTSTMNT02/1103479?gameHash=7361f3eec6499284,2019,Regular Season
ESPORTSTMNT02/1103488,2019_LoL_esports_match_data_from_OraclesElixir.csv,LCK,Summer,0,http://matchhistory.na.leagueoflegends.com/en/#match-details/ESPORTSTMNT02/1103488?gameHash=8c5fc3640b52058a,2019,Regular Season
ESPORTSTMNT02/1103515,2019_LoL_esports_match_data_from_OraclesElixir.csv,LCK,Summer,0,http://matchhistory.na.leagueoflegends.com/en/#match-details/ESPORTSTMNT02/1103515?gameHash=0a64e55a62a25abd,2019,Regular Season
ESPORTSTMNT02/1103523,2019_LoL_esports_match_data_from_OraclesElixir.csv,LCK,Summer,0,http://matchhistory.na.leagueoflegends.com/en/#match-details/ESPORTSTMNT02/1103523?gameHash=028fcbe04a8d27ac,2019,Regular Season
ESPORTSTMNT02/1113882,2019_LoL_esports_match_data_from_OraclesElixir.csv,LCK,Summer,0,http://matchhistory.na.leagueoflegends.com/en/#match-details/ESPORTSTMNT02/1113882?gameHash=0b0f8c459ad23eec,2019,Regular Season
ESPORTSTMNT05/1220352,2019_LoL_esports_match_data_from_OraclesElixir.csv,LCK,Summer,0,http://matchhistory.na.leagueoflegends.com/en/#match-details/ESPORTSTMNT05/1220352?gameHash=7fd639b170dbf0ed,2019,Regular Season
ESPORTSTMNT02/1113946,2019_LoL_esports_match_data_from_OraclesElixir.csv,LCK,Summer,0,http://matchhistory.na.leagueoflegends.com/en/#match-details/ESPORTSTMNT02/1113946?gameHash=d9fa2fbec8194ee1,2019,Regular Season
ESPORTSTMNT02/1113974,2019_LoL_esports_match_data_from_OraclesElixir.csv,LCK,Summer,0,http://matchhistory.na.leagueoflegends.com/en/#match-details/ESPORTSTMNT02/1113974?gameHash=0a14901d91f50f86,2019,Regular Season
ESPORTSTMNT02/1113984,2019_LoL_esports_match_data_from_OraclesElixir.csv,LCK,Summer,0,http://matchhistory.na.leagueoflegends.com/en/#match-details/ESPORTSTMNT02/1113984?gameHash=5f6b3ecb0a08d0f6,2019,Regular Season
ESPORTSTMNT02/1114190,2019_LoL_esports_match_data_from_OraclesElixir.csv,LCK,Summer,0,http://matchhistory.na.leagueoflegends.com/en/#match-details/ESPORTSTMNT02/1114190?gameHash=18d44ad248d9de30,2019,Regular Season
ESPORTSTMNT02/1104004,2019_LoL_esports_match_data_from_OraclesElixir.csv,LCK,Summer,0,http://matchhistory.na.leagueoflegends.com/en/#match-details/ESPORTSTMNT02/1104004?gameHash=5e107c44c4eda294,2019,Regular Season
ESPORTSTMNT02/1104022,2019_LoL_esports_match_data_from_OraclesElixir.csv,LCK,Summer,0,http://matchhistory.na.leagueoflegends.com/en/#match-details/ESPORTSTMNT02/1104022?gameHash=111dde9531337654,2019,Regular Season
ESPORTSTMNT02/1114311,2019_LoL_esports_match_data_from_OraclesElixir.csv,LCK,Summer,0,http://matchhistory.na.leagueoflegends.com/en/#match-details/ESPORTSTMNT02/1114311?gameHash=061460f0c099dfe3,2019,Regular Season
ESPORTSTMNT02/1104096,2019_LoL_esports_match_data_from_OraclesElixir.csv,LCK,Summer,0,http://matchhistory.na.leagueoflegends.com/en/#match-details/ESPORTSTMNT02/1104096?gameHash=e62c5d91f76e8fe3,2019,Regular Season
ESPORTSTMNT02/1114370,2019_LoL_esports_match_data_from_OraclesElixir.csv,LCK,Summer,0,http://matchhistory.na.leagueoflegends.com/en/#match-details/ESPORTSTMNT02/1114370?gameHash=1850528b91a24275,2019,Regular Season
ESPORTSTMNT02/1104290,2019_LoL_esports_match_data_from_OraclesElixir.csv,LCK,Summer,0,http://matchhistory.na.leagueoflegends.com/en/#match-details/ESPORTSTMNT02/1104290?gameHash=b4d7698165b91e32,2019,Regular Season
ESPORTSTMNT02/1114599,2019_LoL_esports_match_data_from_OraclesElixir.csv,LCK,Summer,0,http://matchhistory.na.leagueoflegends.com/en/#match-details/ESPORTSTMNT02/1114599?gameHash=db12805fee1b8eb3,2019,Regular Season
ESPORTSTMNT02/1104334,2019_LoL_esports_match_data_from_OraclesElixir.csv,LCK,Summer,0,http://matchhistory.na.leagueoflegends.com/en/#match-details/ESPORTSTMNT02/1104334?gameHash=76036b9b8d122310,2019,Regular Season
ESPORTSTMNT02/1114608,2019_LoL_esports_match_data_from_OraclesElixir.csv,LCK,Summer,0,http://matchhistory.na.leagueoflegends.com/en/#match-details/ESPORTSTMNT02/1114608?gameHash=924351ee2dfa977c,2019,Regular Season
ESPORTSTMNT02/1104381,2019_LoL_esports_match_data_from_OraclesElixir.csv,LCK,Summer,0,http://matchhistory.na.leagueoflegends.com/en/#match-details/ESPORTSTMNT02/1104381?gameHash=b89ff6205097f3a5,2019,Regular Season
ESPORTSTMNT03/1130509,2019_LoL_esports_match_data_from_OraclesElixir.csv,LCK,Summer,1,http://matchhistory.na.leagueoflegends.com/en/#match-details/ESPORTSTMNT03/1130509?gameHash=2d655109f3c8475c,2019,Playoff
ESPORTSTMNT03/1140467,2019_LoL_esports_match_data_from_OraclesElixir.csv,LCK,Summer,1,http://matchhistory.na.leagueoflegends.com/en/#match-details/ESPORTSTMNT03/1140467?gameHash=17bf8665596f3e4e,2019,Playoff
ESPORTSTMNT03/1130558,2019_LoL_esports_match_data_from_OraclesElixir.csv,LCK,Summer,1,http://matchhistory.na.leagueoflegends.com/en/#match-details/ESPORTSTMNT03/1130558?gameHash=2d7fc1a1cb6a0fea,2019,Playoff
ESPORTSTMNT03/1141004,2019_LoL_esports_match_data_from_OraclesElixir.csv,LCK,Summer,1,http://matchhistory.na.leagueoflegends.com/en/#match-details/ESPORTSTMNT03/1141004?gameHash=5acf146560ac2a4b,2019,Playoff
ESPORTSTMNT03/1141035,2019_LoL_esports_match_data_from_OraclesElixir.csv,LCK,Summer,1,http://matchhistory.na.leagueoflegends.com/en/#match-details/ESPORTSTMNT03/1141035?gameHash=1433ad72c6d1079f,2019,Playoff
ESPORTSTMNT03/1141045,2019_LoL_esports_match_data_from_OraclesElixir.csv,LCK,Summer,1,http://matchhistory.na.leagueoflegends.com/en/#match-details/ESPORTSTMNT03/1141045?gameHash=dea234a34df19893,2019,Playoff
ESPORTSTMNT03/1131673,2019_LoL_esports_match_data_from_OraclesElixir.csv,LCK,Summer,1,http://matchhistory.na.leagueoflegends.com/en/#match-details/ESPORTSTMNT03/1131673?gameHash=eb9c234bbdc52771,2019,Playoff
ESPORTSTMNT03/1141615,2019_LoL_esports_match_data_from_OraclesElixir.csv,LCK,Summer,1,http://matchhistory.na.leagueoflegends.com/en/#match-details/ESPORTSTMNT03/1141615?gameHash=7efd09a89c1933ab,2019,Playoff
ESPORTSTMNT03/1141645,2019_LoL_esports_match_data_from_OraclesElixir.csv,LCK,Summer,1,http://matchhistory.na.leagueoflegends.com/en/#match-details/ESPORTSTMNT03/1141645?gameHash=002cc7f3c28149dd,2019,Playoff
ESPORTSTMNT03/1142535,2019_LoL_esports_match_data_from_OraclesElixir.csv,LCK,Summer,1,http://matchhistory.na.leagueoflegends.com/en/#match-details/ESPORTSTMNT03/1142535?gameHash=b43f503a583c63e4,2019,Playoff
ESPORTSTMNT03/1142556,2019_LoL_esports_match_data_from_OraclesElixir.csv,LCK,Summer,1,http://matchhistory.na.leagueoflegends.com/en/#match-details/ESPORTSTMNT03/1142556?gameHash=87621c8d8a4662be,2019,Playoff
ESPORTSTMNT03/1132697,2019_LoL_esports_match_data_from_OraclesElixir.csv,LCK,Summer,1,http://matchhistory.na.leagueoflegends.com/en/#match-details/ESPORTSTMNT03/1132697?gameHash=b10278d7a254e264,2019,Playoff
ESPORTSTMNT03/1142571,2019_LoL_esports_match_data_from_OraclesElixir.csv,LCK,Summer,1,http://matchhistory.na.leagueoflegends.com/en/#match-details/ESPORTSTMNT03/1142571?gameHash=c74489d887ac9949,2019,Playoff
ESPORTSTMNT03/1143228,2019_LoL_esports_match_data_from_OraclesElixir.csv,LCK,,0,http://matchhistory.na.leagueoflegends.com/en/#match-details/ESPORTSTMNT03/1143228?gameHash=cb582988f785f27f,2019,Regional Qualifier
ESPORTSTMNT03/1143256,2019_LoL_esports_match_data_from_OraclesElixir.csv,LCK,,0,http://matchhistory.na.leagueoflegends.com/en/#match-details/ESPORTSTMNT03/1143256?gameHash=50368dd6465f407c,2019,Regional Qualifier
ESPORTSTMNT03/1143260,2019_LoL_esports_match_data_from_OraclesElixir.csv,LCK,,0,http://matchhistory.na.leagueoflegends.com/en/#match-details/ESPORTSTMNT03/1143260?gameHash=218a339741b19210,2019,Regional Qualifier
ESPORTSTMNT03/1143268,2019_LoL_esports_match_data_from_OraclesElixir.csv,LCK,,0,http://matchhistory.na.leagueoflegends.com/en/#match-details/ESPORTSTMNT03/1143268?gameHash=e45ab7df8dd7115f,2019,Regional Qualifier
ESPORTSTMNT03/1143398,2019_LoL_esports_match_data_from_OraclesElixir.csv,LCK,,0,http://matchhistory.na.leagueoflegends.com/en/#match-details/ESPORTSTMNT03/1143398?gameHash=19827d6e90ab0b3c,2019,Regional Qualifier
ESPORTSTMNT03/1133428,2019_LoL_esports_match_data_from_OraclesElixir.csv,LCK,,0,http://matchhistory.na.leagueoflegends.com/en/#match-details/ESPORTSTMNT03/1133428?gameHash=989d9bc3601fdc0c,2019,Regional Qualifier
ESPORTSTMNT03/1143404,2019_LoL_esports_match_data_from_OraclesElixir.csv,LCK,,0,http://matchhistory.na.leagueoflegends.com/en/#match-details/ESPORTSTMNT03/1143404?gameHash=af3b5f0198c6c5d7,2019,Regional Qualifier
ESPORTSTMNT03/1143409,2019_LoL_esports_match_data_from_OraclesElixir.csv,LCK,,0,http://matchhistory.na.leagueoflegends.com/en/#match-details/ESPORTSTMNT03/1143409?gameHash=d032795a028418f8,2019,Regional Qualifier
ESPORTSTMNT03/1133664,2019_LoL_esports_match_data_from_OraclesElixir.csv,LCK,,0,http://matchhistory.na.leagueoflegends.com/en/#match-details/ESPORTSTMNT03/1133664?gameHash=fcbf92bdeab063ea,2019,Regional Qualifier
ESPORTSTMNT03/1133705,2019_LoL_esports_match_data_from_OraclesElixir.csv,LCK,,0,http://matchhistory.na.leagueoflegends.com/en/#match-details/ESPORTSTMNT03/1133705?gameHash=fe4ebfd171d16949,2019,Regional Qualifier
ESPORTSTMNT03/1143689,2019_LoL_esports_match_data_from_OraclesElixir.csv,LCK,,0,http://matchhistory.na.leagueoflegends.com/en/#match-details/ESPORTSTMNT03/1143689?gameHash=740f7c08ffd35caf,2019,Regional Qualifier
ESPORTSTMNT03/1143691,2019_LoL_esports_match_data_from_OraclesElixir.csv,LCK,,0,http://matchhistory.na.leagueoflegends.com/en/#match-details/ESPORTSTMNT03/1143691?gameHash=e5b4f017e235d387,2019,Regional Qualifier
ESPORTSTMNT03/1133727,2019_LoL_esports_match_data_from_OraclesElixir.csv,LCK,,0,http://matchhistory.na.leagueoflegends.com/en/#match-details/ESPORTSTMNT03/1133727?gameHash=fd070007f2349143,2019,Regional Qualifier
ESPORTSTMNT03/1133892,2019_LoL_esports_match_data_from_OraclesElixir.csv,LCK,Spring,0,https://matchhistory.na.leagueoflegends.com/en/#match-details/ESPORTSTMNT03/1133892?gameHash=d2eb41eb15a93c8e,2019,Promotion
ESPORTSTMNT03/1133901,2019_LoL_esports_match_data_from_OraclesElixir.csv,LCK,Spring,0,https://matchhistory.na.leagueoflegends.com/en/#match-details/ESPORTSTMNT03/1133901?gameHash=58a0c052dc682ced,2019,Promotion
ESPORTSTMNT03/1133905,2019_LoL_esports_match_data_from_OraclesElixir.csv,LCK,Spring,0,https://matchhistory.na.leagueoflegends.com/en/#match-details/ESPORTSTMNT03/1133905?gameHash=5f03550ebc9e7316,2019,Promotion
ESPORTSTMNT03/1133919,2019_LoL_esports_match_data_from_OraclesElixir.csv,LCK,Spring,0,https://matchhistory.na.leagueoflegends.com/en/#match-details/ESPORTSTMNT03/1133919?gameHash=f841b3fc80bca314,2019,Promotion
ESPORTSTMNT03/1133921,2019_LoL_esports_match_data_from_OraclesElixir.csv,LCK,Spring,0,https://matchhistory.na.leagueoflegends.com/en/#match-details/ESPORTSTMNT03/1133921?gameHash=6972ed539d68b666,2019,Promotion
ESPORTSTMNT03/1143971,2019_LoL_esports_match_data_from_OraclesElixir.csv,LCK,Spring,0,https://matchhistory.na.leagueoflegends.com/en/#match-details/ESPORTSTMNT03/1143971?gameHash=e89a98c81c5e5df5,2019,Promotion
ESPORTSTMNT03/1143973,2019_LoL_esports_match_data_from_OraclesElixir.csv,LCK,Spring,0,https://matchhistory.na.leagueoflegends.com/en/#match-details/ESPORTSTMNT03/1143973?gameHash=46e013b72a47b48f,2019,Promotion
ESPORTSTMNT03/1143975,2019_LoL_esports_match_data_from_OraclesElixir.csv,LCK,Spring,0,https://matchhistory.na.leagueoflegends.com/en/#match-details/ESPORTSTMNT03/1143975?gameHash=36aeb4e2910929a9,2019,Promotion
ESPORTSTMNT03/1143977,2019_LoL_esports_match_data_from_OraclesElixir.csv,LCK,Spring,0,https://matchhistory.na.leagueoflegends.com/en/#match-details/ESPORTSTMNT03/1143977?gameHash=da4b220d35938fdf,2019,Promotion
ESPORTSTMNT03/1143979,2019_LoL_esports_match_data_from_OraclesElixir.csv,LCK,Spring,0,https://matchhistory.na.leagueoflegends.com/en/#match-details/ESPORTSTMNT03/1143979?gameHash=8f747bf82d94db3f,2019,Promotion
ESPORTSTMNT03/1143988,2019_LoL_esports_match_data_from_OraclesElixir.csv,LCK,Spring,0,https://matchhistory.na.leagueoflegends.com/en/#match-details/ESPORTSTMNT03/1143988?gameHash=b4627d9f33c1dbea,2019,Promotion
ESPORTSTMNT03/1143990,2019_LoL_esports_match_data_from_OraclesElixir.csv,LCK,Spring,0,https://matchhistory.na.leagueoflegends.com/en/#match-details/ESPORTSTMNT03/1143990?gameHash=862687898a1490dd,2019,Promotion
ESPORTSTMNT03/1143995,2019_LoL_esports_match_data_from_OraclesElixir.csv,LCK,Spring,0,https://matchhistory.na.leagueoflegends.com/en/#match-details/ESPORTSTMNT03/1143995?gameHash=6de9f4a684524d4e,2019,Promotion
ESPORTSTMNT03/1144028,2019_LoL_esports_match_data_from_OraclesElixir.csv,LCK,Spring,0,https://matchhistory.na.leagueoflegends.com/en/#match-details/ESPORTSTMNT03/1144028?gameHash=a1a7ec25737f2fbe,2019,Promotion
ESPORTSTMNT03/1144054,2019_LoL_esports_match_data_from_OraclesElixir.csv,LCK,Spring,0,https://matchhistory.na.leagueoflegends.com/en/#match-details/ESPORTSTMNT03/1144054?gameHash=2ca672f730514cad,2019,Promotion
ESPORTSTMNT03/1144057,2019_LoL_esports_match_data_from_OraclesElixir.csv,LCK,Spring,0,https://matchhistory.na.leagueoflegends.com/en/#match-details/ESPORTSTMNT03/1144057?gameHash=57723446422139f9,2019,Promotion
ESPORTSTMNT01/1302595,2020_LoL_esports_match_data_from_OraclesElixir.csv,LCK,Spring,0,http://matchhistory.na.leagueoflegends.com/en/#match-details/ESPORTSTMNT01/1302595?gameHash=314d39ea940b354f,2020,Regular Season
ESPORTSTMNT01/1302628,2020_LoL_esports_match_data_from_OraclesElixir.csv,LCK,Spring,0,http://matchhistory.na.leagueoflegends.com/en/#match-details/ESPORTSTMNT01/1302628?gameHash=0ab39ec364a3ff5b,2020,Regular Season
ESPORTSTMNT01/1302635,2020_LoL_esports_match_data_from_OraclesElixir.csv,LCK,Spring,0,http://matchhistory.na.leagueoflegends.com/en/#match-details/ESPORTSTMNT01/1302635?gameHash=5625553825f5994e,2020,Regular Season
ESPORTSTMNT01/1302651,2020_LoL_esports_match_data_from_OraclesElixir.csv,LCK,Spring,0,http://matchhistory.na.leagueoflegends.com/en/#match-details/ESPORTSTMNT01/1302651?gameHash=555c7cd73dff952d,2020,Regular Season
ESPORTSTMNT01/1292960,2020_LoL_esports_match_data_from_OraclesElixir.csv,LCK,Spring,0,http://matchhistory.na.leagueoflegends.com/en/#match-details/ESPORTSTMNT01/1292960?gameHash=e3ce73c142354517,2020,Regular Season
ESPORTSTMNT01/1292974,2020_LoL_esports_match_data_from_OraclesElixir.csv,LCK,Spring,0,http://matchhistory.na.leagueoflegends.com/en/#match-details/ESPORTSTMNT01/1292974?gameHash=ab79b8f6f354bc0b,2020,Regular Season
ESPORTSTMNT01/1293312,2020_LoL_esports_match_data_from_OraclesElixir.csv,LCK,Spring,0,http://matchhistory.na.leagueoflegends.com/en/#match-details/ESPORTSTMNT01/1293312?gameHash=8e2209227e28843b,2020,Regular Season
ESPORTSTMNT01/1293319,2020_LoL_esports_match_data_from_OraclesElixir.csv,LCK,Spring,0,http://matchhistory.na.leagueoflegends.com/en/#match-details/ESPORTSTMNT01/1293319?gameHash=762cb3a92744846f,2020,Regular Season
ESPORTSTMNT01/1293370,2020_LoL_esports_match_data_from_OraclesElixir.csv,LCK,Spring,0,http://matchhistory.na.leagueoflegends.com/en/#match-details/ESPORTSTMNT01/1293370?gameHash=8a70038d2eba61de,2020,Regular Season
ESPORTSTMNT01/1293393,2020_LoL_esports_match_data_from_OraclesElixir.csv,LCK,Spring,0,http://matchhistory.na.leagueoflegends.com/en/#match-details/ESPORTSTMNT01/1293393?gameHash=841d85edbfa78057,2020,Regular Season
ESPORTSTMNT01/1293885,2020_LoL_esports_match_data_from_OraclesElixir.csv,LCK,Spring,0,http://matchhistory.na.leagueoflegends.com/en/#match-details/ESPORTSTMNT01/1293885?gameHash=1ffaffd98da7e806,2020,Regular Season
ESPORTSTMNT01/1293899,2020_LoL_esports_match_data_from_OraclesElixir.csv,LCK,Spring,0,http://matchhistory.na.leagueoflegends.com/en/#match-details/ESPORTSTMNT01/1293899?gameHash=aa93723cded96f3b,2020,Regular Season
ESPORTSTMNT01/1293909,2020_LoL_esports_match_data_from_OraclesElixir.csv,LCK,Spring,0,http://matchhistory.na.leagueoflegends.com/en/#match-details/ESPORTSTMNT01/1293909?gameHash=245dbdf428788434,2020,Regular Season
ESPORTSTMNT01/1293929,2020_LoL_esports_match_data_from_OraclesElixir.csv,LCK,Spring,0,http://matchhistory.na.leagueoflegends.com/en/#match-details/ESPORTSTMNT01/1293929?gameHash=f4b6f53e68bbbc86,2020,Regular Season
ESPORTSTMNT01/1293950,2020_LoL_esports_match_data_from_OraclesElixir.csv,LCK,Spring,0,http://matchhistory.na.leagueoflegends.com/en/#match-details/ESPORTSTMNT01/1293950?gameHash=e2f3a99412844d36,2020,Regular Season
ESPORTSTMNT01/1293964,2020_LoL_esports_match_data_from_OraclesElixir.csv,LCK,Spring,0,http://matchhistory.na.leagueoflegends.com/en/#match-details/ESPORTSTMNT01/1293964?gameHash=10bd6ec239231196,2020,Regular Season
ESPORTSTMNT01/1304035,2020_LoL_esports_match_data_from_OraclesElixir.csv,LCK,Spring,0,http://matchhistory.na.leagueoflegends.com/en/#match-details/ESPORTSTMNT01/1304035?gameHash=f8e3702e77f87cc7,2020,Regular Season
ESPORTSTMNT01/1304079,2020_LoL_esports_match_data_from_OraclesElixir.csv,LCK,Spring,0,http://matchhistory.na.leagueoflegends.com/en/#match-details/ESPORTSTMNT01/1304079?gameHash=8339c23d8d925f8b,2020,Regular Season
ESPORTSTMNT01/1304122,2020_LoL_esports_match_data_from_OraclesElixir.csv,LCK,Spring,0,http://matchhistory.na.leagueoflegends.com/en/#match-details/ESPORTSTMNT01/1304122?gameHash=bf7e80351592ce98,2020,Regular Season
ESPORTSTMNT01/1294417,2020_LoL_esports_match_data_from_OraclesElixir.csv,LCK,Spring,0,http://matchhistory.na.leagueoflegends.com/en/#match-details/ESPORTSTMNT01/1294417?gameHash=746905a629b8f374,2020,Regular Season
ESPORTSTMNT01/1294710,2020_LoL_esports_match_data_from_OraclesElixir.csv,LCK,Spring,0,http://matchhistory.na.leagueoflegends.com/en/#match-details/ESPORTSTMNT01/1294710?gameHash=0d01dd80aa803997,2020,Regular Season
ESPORTSTMNT01/1294725,2020_LoL_esports_match_data_from_OraclesElixir.csv,LCK,Spring,0,http://matchhistory.na.leagueoflegends.com/en/#match-details/ESPORTSTMNT01/1294725?gameHash=3ae63821918e2b43,2020,Regular Season
ESPORTSTMNT01/1294738,2020_LoL_esports_match_data_from_OraclesElixir.csv,LCK,Spring,0,http://matchhistory.na.leagueoflegends.com/en/#match-details/ESPORTSTMNT01/1294738?gameHash=5fd20a0eec2c86f4,2020,Regular Season
ESPORTSTMNT01/1294750,2020_LoL_esports_match_data_from_OraclesElixir.csv,LCK,Spring,0,http://matchhistory.na.leagueoflegends.com/en/#match-details/ESPORTSTMNT01/1294750?gameHash=fa9335e1a61165a5,2020,Regular Season
ESPORTSTMNT01/1294784,2020_LoL_esports_match_data_from_OraclesElixir.csv,LCK,Spring,0,http://matchhistory.na.leagueoflegends.com/en/#match-details/ESPORTSTMNT01/1294784?gameHash=7d1bf4754cda9b46,2020,Regular Season
ESPORTSTMNT01/1294813,2020_LoL_esports_match_data_from_OraclesElixir.csv,LCK,Spring,0,http://matchhistory.na.leagueoflegends.com/en/#match-details/ESPORTSTMNT01/1294813?gameHash=51f4579db6e7049f,2020,Regular Season
ESPORTSTMNT01/1305569,2020_LoL_esports_match_data_from_OraclesElixir.csv,LCK,Spring,0,http://matchhistory.na.leagueoflegends.com/en/#match-details/ESPORTSTMNT01/1305569?gameHash=f31c49ce4aee06a3,2020,Regular Season
ESPORTSTMNT01/1305601,2020_LoL_esports_match_data_from_OraclesElixir.csv,LCK,Spring,0,http://matchhistory.na.leagueoflegends.com/en/#match-details/ESPORTSTMNT01/1305601?gameHash=71bed3e1854feff3,2020,Regular Season
ESPORTSTMNT01/1305613,2020_LoL_esports_match_data_from_OraclesElixir.csv,LCK,Spring,0,http://matchhistory.na.leagueoflegends.com/en/#match-details/ESPORTSTMNT01/1305613?gameHash=2284fb854f939688,2020,Regular Season
ESPORTSTMNT01/1305624,2020_LoL_esports_match_data_from_OraclesElixir.csv,LCK,Spring,0,http://matchhistory.na.leagueoflegends.com/en/#match-details/ESPORTSTMNT01/1305624?gameHash=399f9a58b6057d3a,2020,Regular Season
ESPORTSTMNT01/1295834,2020_LoL_esports_match_data_from_OraclesElixir.csv,LCK,Spring,0,http://matchhistory.na.leagueoflegends.com/en/#match-details/ESPORTSTMNT01/1295834?gameHash=34d00b8ff1d7fc4a,2020,Regular Season
ESPORTSTMNT01/1295840,2020_LoL_esports_match_data_from_OraclesElixir.csv,LCK,Spring,0,http://matchhistory.na.leagueoflegends.com/en/#match-details/ESPORTSTMNT01/1295840?gameHash=c3ab9745c9b9659e,2020,Regular Season
ESPORTSTMNT01/1305843,2020_LoL_esports_match_data_from_OraclesElixir.csv,LCK,Spring,0,http://matchhistory.na.leagueoflegends.com/en/#match-details/ESPORTSTMNT01/1305843?gameHash=52b32c3f3ad75fb4,2020,Regular Season
ESPORTSTMNT01/1305850,2020_LoL_esports_match_data_from_OraclesElixir.csv,LCK,Spring,0,http://matchhistory.na.leagueoflegends.com/en/#match-details/ESPORTSTMNT01/1305850?gameHash=375ab9898dfd8092,2020,Regular Season
ESPORTSTMNT01/1305855,2020_LoL_esports_match_data_from_OraclesElixir.csv,LCK,Spring,0,http://matchhistory.na.leagueoflegends.com/en/#match-details/ESPORTSTMNT01/1305855?gameHash=adee7f1bea61dc2b,2020,Regular Season
ESPORTSTMNT01/1305891,2020_LoL_esports_match_data_from_OraclesElixir.csv,LCK,Spring,0,http://matchhistory.na.leagueoflegends.com/en/#match-details/ESPORTSTMNT01/1305891?gameHash=aaff0530f728e2ff,2020,Regular Season
ESPORTSTMNT01/1306047,2020_LoL_esports_match_data_from_OraclesElixir.csv,LCK,Spring,0,http://matchhistory.na.leagueoflegends.com/en/#match-details/ESPORTSTMNT01/1306047?gameHash=3ec6080ed834fb7f,2020,Regular Season
ESPORTSTMNT01/1306112,2020_LoL_esports_match_data_from_OraclesElixir.csv,LCK,Spring,0,http://matchhistory.na.leagueoflegends.com/en/#match-details/ESPORTSTMNT01/1306112?gameHash=065166ff0bf27a01,2020,Regular Season
ESPORTSTMNT01/1306124,2020_LoL_esports_match_data_from_OraclesElixir.csv,LCK,Spring,0,http://matchhistory.na.leagueoflegends.com/en/#match-details/ESPORTSTMNT01/1306124?gameHash=cc76ca165c14e7c9,2020,Regular Season
ESPORTSTMNT01/1306165,2020_LoL_esports_match_data_from_OraclesElixir.csv,LCK,Spring,0,http://matchhistory.na.leagueoflegends.com/en/#match-details/ESPORTSTMNT01/1306165?gameHash=9f536078e89da8db,2020,Regular Season
ESPORTSTMNT01/1306179,2020_LoL_esports_match_data_from_OraclesElixir.csv,LCK,Spring,0,http://matchhistory.na.leagueoflegends.com/en/#match-details/ESPORTSTMNT01/1306179?gameHash=452ad1e916a4ab2d,2020,Regular Season
ESPORTSTMNT01/1306343,2020_LoL_esports_match_data_from_OraclesElixir.csv,LCK,Spring,0,http://matchhistory.na.leagueoflegends.com/en/#match-details/ESPORTSTMNT01/1306343?gameHash=465ab65653b45967,2020,Regular Season
ESPORTSTMNT01/1296527,2020_LoL_esports_match_data_from_OraclesElixir.csv,LCK,Spring,0,http://matchhistory.na.leagueoflegends.com/en/#match-details/ESPORTSTMNT01/1296527?gameHash=32986c598306bba9,2020,Regular Season
ESPORTSTMNT01/1306370,2020_LoL_esports_match_data_from_OraclesElixir.csv,LCK,Spring,0,http://matchhistory.na.leagueoflegends.com/en/#match-details/ESPORTSTMNT01/1306370?gameHash=f3d19cacf0820c21,2020,Regular Season
ESPORTSTMNT01/1306381,2020_LoL_esports_match_data_from_OraclesElixir.csv,LCK,Spring,0,http://matchhistory.na.leagueoflegends.com/en/#match-details/ESPORTSTMNT01/1306381?gameHash=c0e44330b72f655c,2020,Regular Season
ESPORTSTMNT01/1306406,2020_LoL_esports_match_data_from_OraclesElixir.csv,LCK,Spring,0,http://matchhistory.na.leagueoflegends.com/en/#match-details/ESPORTSTMNT01/1306406?gameHash=45761d1cd3c37a29,2020,Regular Season
ESPORTSTMNT01/1296638,2020_LoL_esports_match_data_from_OraclesElixir.csv,LCK,Spring,0,http://matchhistory.na.leagueoflegends.com/en/#match-details/ESPORTSTMNT01/1296638?gameHash=2c8f95497cc7ff14,2020,Regular Season
ESPORTSTMNT01/1296656,2020_LoL_esports_match_data_from_OraclesElixir.csv,LCK,Spring,0,http://matchhistory.na.leagueoflegends.com/en/#match-details/ESPORTSTMNT01/1296656?gameHash=0c3cb1103d1f16fb,2020,Regular Season
ESPORTSTMNT01/1296689,2020_LoL_esports_match_data_from_OraclesElixir.csv,LCK,Spring,0,http://matchhistory.na.leagueoflegends.com/en/#match-details/ESPORTSTMNT01/1296689?gameHash=2a54ba40de91870b,2020,Regular Season
ESPORTSTMNT01/1296707,2020_LoL_esports_match_data_from_OraclesElixir.csv,LCK,Spring,0,http://matchhistory.na.leagueoflegends.com/en/#match-details/ESPORTSTMNT01/1296707?gameHash=413bccde098d6c8d,2020,Regular Season
ESPORTSTMNT01/1296710,2020_LoL_esports_match_data_from_OraclesElixir.csv,LCK,Spring,0,http://matchhistory.na.leagueoflegends.com/en/#match-details/ESPORTSTMNT01/1296710?gameHash=6780ab653e07123a,2020,Regular Season
ESPORTSTMNT02/1292611,2020_LoL_esports_match_data_from_OraclesElixir.csv,LCK,Spring,0,http://matchhistory.na.leagueoflegends.com/en/#match-details/ESPORTSTMNT02/1292611?gameHash=77028c9ec61a3694,2020,Regular Season
ESPORTSTMNT02/1292653,2020_LoL_esports_match_data_from_OraclesElixir.csv,LCK,Spring,0,http://matchhistory.na.leagueoflegends.com/en/#match-details/ESPORTSTMNT02/1292653?gameHash=bdbdaf09db9146e7,2020,Regular Season
ESPORTSTMNT02/1282702,2020_LoL_esports_match_data_from_OraclesElixir.csv,LCK,Spring,0,http://matchhistory.na.leagueoflegends.com/en/#match-details/ESPORTSTMNT02/1282702?gameHash=524673f08a2074be,2020,Regular Season
ESPORTSTMNT02/1292699,2020_LoL_esports_match_data_from_OraclesElixir.csv,LCK,Spring,0,http://matchhistory.na.leagueoflegends.com/en/#match-details/ESPORTSTMNT02/1292699?gameHash=cd73e4721dda1f1b,2020,Regular Season
ESPORTSTMNT02/1292716,2020_LoL_esports_match_data_from_OraclesElixir.csv,LCK,Spring,0,http://matchhistory.na.leagueoflegends.com/en/#match-details/ESPORTSTMNT02/1292716?gameHash=a9f058ecbee19766,2020,Regular Season
ESPORTSTMNT02/1283124,2020_LoL_esports_match_data_from_OraclesElixir.csv,LCK,Spring,0,http://matchhistory.na.leagueoflegends.com/en/#match-details/ESPORTSTMNT02/1283124?gameHash=f47e487d6547cf4b,2020,Regular Season
ESPORTSTMNT02/1283134,2020_LoL_esports_match_data_from_OraclesElixir.csv,LCK,Spring,0,http://matchhistory.na.leagueoflegends.com/en/#match-details/ESPORTSTMNT02/1283134?gameHash=b7125c84f4b5842c,2020,Regular Season
ESPORTSTMNT02/1283146,2020_LoL_esports_match_data_from_OraclesElixir.csv,LCK,Spring,0,http://matchhistory.na.leagueoflegends.com/en/#match-details/ESPORTSTMNT02/1283146?gameHash=7bb05e86a304ac69,2020,Regular Season
ESPORTSTMNT02/1283154,2020_LoL_esports_match_data_from_OraclesElixir.csv,LCK,Spring,0,http://matchhistory.na.leagueoflegends.com/en/#match-details/ESPORTSTMNT02/1283154?gameHash=f608e43f44d1eea0,2020,Regular Season
ESPORTSTMNT02/1283186,2020_LoL_esports_match_data_from_OraclesElixir.csv,LCK,Spring,0,http://matchhistory.na.leagueoflegends.com/en/#match-details/ESPORTSTMNT02/1283186?gameHash=1d565a3115f3df9e,2020,Regular Season
ESPORTSTMNT02/1293718,2020_LoL_esports_match_data_from_OraclesElixir.csv,LCK,Spring,0,http://matchhistory.na.leagueoflegends.com/en/#match-details/ESPORTSTMNT02/1293718?gameHash=91ee96c156a31285,2020,Regular Season
ESPORTSTMNT02/1293757,2020_LoL_esports_match_data_from_OraclesElixir.csv,LCK,Spring,0,http://matchhistory.na.leagueoflegends.com/en/#match-details/ESPORTSTMNT02/1293757?gameHash=afdfe0e54c00821f,2020,Regular Season
ESPORTSTMNT02/1293762,2020_LoL_esports_match_data_from_OraclesElixir.csv,LCK,Spring,0,http://matchhistory.na.leagueoflegends.com/en/#match-details/ESPORTSTMNT02/1293762?gameHash=37adcde5ba53c739,2020,Regular Season
ESPORTSTMNT02/1293784,2020_LoL_esports_match_data_from_OraclesElixir.csv,LCK,Spring,0,http://matchhistory.na.leagueoflegends.com/en/#match-details/ESPORTSTMNT02/1293784?gameHash=80323fbafec7ce99,2020,Regular Season
ESPORTSTMNT02/1293792,2020_LoL_esports_match_data_from_OraclesElixir.csv,LCK,Spring,0,http://matchhistory.na.leagueoflegends.com/en/#match-details/ESPORTSTMNT02/1293792?gameHash=83a2f00c8eb78c2f,2020,Regular Season
ESPORTSTMNT02/1293807,2020_LoL_esports_match_data_from_OraclesElixir.csv,LCK,Spring,0,http://matchhistory.na.leagueoflegends.com/en/#match-details/ESPORTSTMNT02/1293807?gameHash=877148e028e9899a,2020,Regular Season
ESPORTSTMNT02/1294153,2020_LoL_esports_match_data_from_OraclesElixir.csv,LCK,Spring,0,http://matchhistory.na.leagueoflegends.com/en/#match-details/ESPORTSTMNT02/1294153?gameHash=9767eca559602c37,2020,Regular Season
ESPORTSTMNT02/1294209,2020_LoL_esports_match_data_from_OraclesElixir.csv,LCK,Spring,0,http://matchhistory.na.leagueoflegends.com/en/#match-details/ESPORTSTMNT02/1294209?gameHash=750fe22d0def7e52,2020,Regular Season
ESPORTSTMNT02/1294231,2020_LoL_esports_match_data_from_OraclesElixir.csv,LCK,Spring,0,http://matchhistory.na.leagueoflegends.com/en/#match-details/ESPORTSTMNT02/1294231?gameHash=fd8d437d4895a696,2020,Regular Season
ESPORTSTMNT02/1294235,2020_LoL_esports_match_data_from_OraclesElixir.csv,LCK,Spring,0,http://matchhistory.na.leagueoflegends.com/en/#match-details/ESPORTSTMNT02/1294235?gameHash=aa5d6e46be25b21a,2020,Regular Season
ESPORTSTMNT02/1294283,2020_LoL_esports_match_data_from_OraclesElixir.csv,LCK,Spring,0,http://matchhistory.na.leagueoflegends.com/en/#match-details/ESPORTSTMNT02/1294283?gameHash=d2401637265c8feb,2020,Regular Season
ESPORTSTMNT02/1294582,2020_LoL_esports_match_data_from_OraclesElixir.csv,LCK,Spring,0,http://matchhistory.na.leagueoflegends.com/en/#match-details/ESPORTSTMNT02/1294582?gameHash=8ce19cad69c340fa,2020,Regular Season
ESPORTSTMNT02/1294635,2020_LoL_esports_match_data_from_OraclesElixir.csv,LCK,Spring,0,http://matchhistory.na.leagueoflegends.com/en/#match-details/ESPORTSTMNT02/1294635?gameHash=867c531c2e09472c,2020,Regular Season
ESPORTSTMNT02/1294655,2020_LoL_esports_match_data_from_OraclesElixir.csv,LCK,Spring,0,http://matchhistory.na.leagueoflegends.com/en/#match-details/ESPORTSTMNT02/1294655?gameHash=3470e16e02606f26,2020,Regular Season
ESPORTSTMNT02/1294689,2020_LoL_esports_match_data_from_OraclesElixir.csv,LCK,Spring,0,http://matchhistory.na.leagueoflegends.com/en/#match-details/ESPORTSTMNT02/1294689?gameHash=7aa0211f8debf148,2020,Regular Season
ESPORTSTMNT02/1294719,2020_LoL_esports_match_data_from_OraclesElixir.csv,LCK,Spring,0,http://matchhistory.na.leagueoflegends.com/en/#match-details/ESPORTSTMNT02/1294719?gameHash=450ea7ac75fc3210,2020,Regular Season
ESPORTSTMNT02/1295808,2020_LoL_esports_match_data_from_OraclesElixir.csv,LCK,Spring,0,http://matchhistory.na.leagueoflegends.com/en/#match-details/ESPORTSTMNT02/1295808?gameHash=370c90f92ab9fea8,2020,Regular Season
ESPORTSTMNT02/1295837,2020_LoL_esports_match_data_from_OraclesElixir.csv,LCK,Spring,0,http://matchhistory.na.leagueoflegends.com/en/#match-details/ESPORTSTMNT02/1295837?gameHash=659547e1f386383e,2020,Regular Season
ESPORTSTMNT02/1295849,2020_LoL_esports_match_data_from_OraclesElixir.csv,LCK,Spring,0,http://matchhistory.na.leagueoflegends.com/en/#match-details/ESPORTSTMNT02/1295849?gameHash=20aea695e9fe1210,2020,Regular Season
ESPORTSTMNT02/1295851,2020_LoL_esports_match_data_from_OraclesElixir.csv,LCK,Spring,0,http://matchhistory.na.leagueoflegends.com/en/#match-details/ESPORTSTMNT02/1295851?gameHash=bd7a200136c755a7,2020,Regular Season
ESPORTSTMNT02/1295891,2020_LoL_esports_match_data_from_OraclesElixir.csv,LCK,Spring,0,http://matchhistory.na.leagueoflegends.com/en/#match-details/ESPORTSTMNT02/1295891?gameHash=5812a7ebd8520bd9,2020,Regular Season
ESPORTSTMNT02/1296174,2020_LoL_esports_match_data_from_OraclesElixir.csv,LCK,Spring,0,http://matchhistory.na.leagueoflegends.com/en/#match-details/ESPORTSTMNT02/1296174?gameHash=8f491ff585bbaf1d,2020,Regular Season
ESPORTSTMNT02/1296215,2020_LoL_esports_match_data_from_OraclesElixir.csv,LCK,Spring,0,http://matchhistory.na.leagueoflegends.com/en/#match-details/ESPORTSTMNT02/1296215?gameHash=5b36328aac82a190,2020,Regular Season
ESPORTSTMNT02/1296226,2020_LoL_esports_match_data_from_OraclesElixir.csv,LCK,Spring,0,http://matchhistory.na.leagueoflegends.com/en/#match-details/ESPORTSTMNT02/1296226?gameHash=4b31dce6be392bd8,2020,Regular Season
ESPORTSTMNT02/1296231,2020_LoL_esports_match_data_from_OraclesElixir.csv,LCK,Spring,0,http://matchhistory.na.leagueoflegends.com/en/#match-details/ESPORTSTMNT02/1296231?gameHash=439707672794b3e4,2020,Regular Season
ESPORTSTMNT02/1296263,2020_LoL_esports_match_data_from_OraclesElixir.csv,LCK,Spring,0,http://matchhistory.na.leagueoflegends.com/en/#match-details/ESPORTSTMNT02/1296263?gameHash=6259e9e8a9af5281,2020,Regular Season
ESPORTSTMNT02/1296276,2020_LoL_esports_match_data_from_OraclesElixir.csv,LCK,Spring,0,http://matchhistory.na.leagueoflegends.com/en/#match-details/ESPORTSTMNT02/1296276?gameHash=c00a47e4677c160a,2020,Regular Season
ESPORTSTMNT02/1286608,2020_LoL_esports_match_data_from_OraclesElixir.csv,LCK,Spring,0,http://matchhistory.na.leagueoflegends.com/en/#match-details/ESPORTSTMNT02/1286608?gameHash=de069bf8c8e3345f,2020,Regular Season
ESPORTSTMNT02/1286670,2020_LoL_esports_match_data_from_OraclesElixir.csv,LCK,Spring,0,http://matchhistory.na.leagueoflegends.com/en/#match-details/ESPORTSTMNT02/1286670?gameHash=082e1247ef004a85,2020,Regular Season
ESPORTSTMNT02/1286682,2020_LoL_esports_match_data_from_OraclesElixir.csv,LCK,Spring,0,http://matchhistory.na.leagueoflegends.com/en/#match-details/ESPORTSTMNT02/1286682?gameHash=bfdc532e8c16f906,2020,Regular Season
ESPORTSTMNT02/1286736,2020_LoL_esports_match_data_from_OraclesElixir.csv,LCK,Spring,0,http://matchhistory.na.leagueoflegends.com/en/#match-details/ESPORTSTMNT02/1286736?gameHash=466fcd7d38f2f125,2020,Regular Season
ESPORTSTMNT02/1286918,2020_LoL_esports_match_data_from_OraclesElixir.csv,LCK,Spring,0,http://matchhistory.na.leagueoflegends.com/en/#match-details/ESPORTSTMNT02/1286918?gameHash=1f79bd5cad3d561b,2020,Regular Season
ESPORTSTMNT02/1286938,2020_LoL_esports_match_data_from_OraclesElixir.csv,LCK,Spring,0,http://matchhistory.na.leagueoflegends.com/en/#match-details/ESPORTSTMNT02/1286938?gameHash=3444ccbd4abe961e,2020,Regular Season
ESPORTSTMNT02/1286962,2020_LoL_esports_match_data_from_OraclesElixir.csv,LCK,Spring,0,http://matchhistory.na.leagueoflegends.com/en/#match-details/ESPORTSTMNT02/1286962?gameHash=193885d8561cd9a9,2020,Regular Season
ESPORTSTMNT02/1287022,2020_LoL_esports_match_data_from_OraclesElixir.csv,LCK,Spring,0,http://matchhistory.na.leagueoflegends.com/en/#match-details/ESPORTSTMNT02/1287022?gameHash=61a6924a0c28e4a3,2020,Regular Season
ESPORTSTMNT02/1287048,2020_LoL_esports_match_data_from_OraclesElixir.csv,LCK,Spring,0,http://matchhistory.na.leagueoflegends.com/en/#match-details/ESPORTSTMNT02/1287048?gameHash=02d8d71874c4dcff,2020,Regular Season
ESPORTSTMNT02/1287168,2020_LoL_esports_match_data_from_OraclesElixir.csv,LCK,Spring,0,http://matchhistory.na.leagueoflegends.com/en/#match-details/ESPORTSTMNT02/1287168?gameHash=029b69c85a173b2c,2020,Regular Season
ESPORTSTMNT02/1287203,2020_LoL_esports_match_data_from_OraclesElixir.csv,LCK,Spring,0,http://matchhistory.na.leagueoflegends.com/en/#match-details/ESPORTSTMNT02/1287203?gameHash=6fc7184f4dd99e2b,2020,Regular Season
ESPORTSTMNT02/1287256,2020_LoL_esports_match_data_from_OraclesElixir.csv,LCK,Spring,0,http://matchhistory.na.leagueoflegends.com/en/#match-details/ESPORTSTMNT02/1287256?gameHash=4218c28df17f091f,2020,Regular Season
ESPORTSTMNT02/1287286,2020_LoL_esports_match_data_from_OraclesElixir.csv,LCK,Spring,0,http://matchhistory.na.leagueoflegends.com/en/#match-details/ESPORTSTMNT02/1287286?gameHash=efe6d1025889b5c2,2020,Regular Season
ESPORTSTMNT03/1332603,2020_LoL_esports_match_data_from_OraclesElixir.csv,LCK,Spring,0,http://matchhistory.na.leagueoflegends.com/en/#match-details/ESPORTSTMNT03/1332603?gameHash=4a35cb544574c02f,2020,Regular Season
ESPORTSTMNT03/1332642,2020_LoL_esports_match_data_from_OraclesElixir.csv,LCK,Spring,0,http://matchhistory.na.leagueoflegends.com/en/#match-details/ESPORTSTMNT03/1332642?gameHash=8e224411e13e4c3a,2020,Regular Season
ESPORTSTMNT03/1332659,2020_LoL_esports_match_data_from_OraclesElixir.csv,LCK,Spring,0,http://matchhistory.na.leagueoflegends.com/en/#match-details/ESPORTSTMNT03/1332659?gameHash=996e0270212d9c36,2020,Regular Season
ESPORTSTMNT03/1332688,2020_LoL_esports_match_data_from_OraclesElixir.csv,LCK,Spring,0,http://matchhistory.na.leagueoflegends.com/en/#match-details/ESPORTSTMNT03/1332688?gameHash=da0e5ba0db43699b,2020,Regular Season
ESPORTSTMNT03/1323007,2020_LoL_esports_match_data_from_OraclesElixir.csv,LCK,Spring,0,http://matchhistory.na.leagueoflegends.com/en/#match-details/ESPORTSTMNT03/1323007?gameHash=049462a43e7b5513,2020,Regular Season
ESPORTSTMNT03/1323037,2020_LoL_esports_match_data_from_OraclesElixir.csv,LCK,Spring,0,http://matchhistory.na.leagueoflegends.com/en/#match-details/ESPORTSTMNT03/1323037?gameHash=3883c7507a3fe803,2020,Regular Season
ESPORTSTMNT03/1323049,2020_LoL_esports_match_data_from_OraclesElixir.csv,LCK,Spring,0,http://matchhistory.na.leagueoflegends.com/en/#match-details/ESPORTSTMNT03/1323049?gameHash=cd437a04b5d2e469,2020,Regular Season
ESPORTSTMNT03/1323068,2020_LoL_esports_match_data_from_OraclesElixir.csv,LCK,Spring,0,http://matchhistory.na.leagueoflegends.com/en/#match-details/ESPORTSTMNT03/1323068?gameHash=4e85f56dc7407974,2020,Regular Season
ESPORTSTMNT03/1323083,2020_LoL_esports_match_data_from_OraclesElixir.csv,LCK,Spring,0,http://matchhistory.na.leagueoflegends.com/en/#match-details/ESPORTSTMNT03/1323083?gameHash=82b3f59cad34c43d,2020,Regular Season
ESPORTSTMNT03/1333721,2020_LoL_esports_match_data_from_OraclesElixir.csv,LCK,Spring,0,http://matchhistory.na.leagueoflegends.com/en/#match-details/ESPORTSTMNT03/1333721?gameHash=8b938da0ed3dd37e,2020,Regular Season
ESPORTSTMNT03/1333765,2020_LoL_esports_match_data_from_OraclesElixir.csv,LCK,Spring,0,http://matchhistory.na.leagueoflegends.com/en/#match-details/ESPORTSTMNT03/1333765?gameHash=f220cee362ab3339,2020,Regular Season
ESPORTSTMNT03/1333786,2020_LoL_esports_match_data_from_OraclesElixir.csv,LCK,Spring,0,http://matchhistory.na.leagueoflegends.com/en/#match-details/ESPORTSTMNT03/1333786?gameHash=0449b83624970ed5,2020,Regular Season
ESPORTSTMNT01/1324954,2020_LoL_esports_match_data_from_OraclesElixir.csv,LCK,Spring,0,http://matchhistory.na.leagueoflegends.com/en/#match-details/ESPORTSTMNT01/1324954?gameHash=95a414088b4f0ff2,2020,Regular Season
ESPORTSTMNT01/1324986,2020_LoL_esports_match_data_from_OraclesElixir.csv,LCK,Spring,0,http://matchhistory.na.leagueoflegends.com/en/#match-details/ESPORTSTMNT01/1324986?gameHash=b5d33613c36f1dcb,2020,Regular Season
ESPORTSTMNT01/1325005,2020_LoL_esports_match_data_from_OraclesElixir.csv,LCK,Spring,0,http://matchhistory.na.leagueoflegends.com/en/#match-details/ESPORTSTMNT01/1325005?gameHash=a08c487ed7a8f9d8,2020,Regular Season
ESPORTSTMNT01/1325012,2020_LoL_esports_match_data_from_OraclesElixir.csv,LCK,Spring,0,http://matchhistory.na.leagueoflegends.com/en/#match-details/ESPORTSTMNT01/1325012?gameHash=33b5ee934564f54a,2020,Regular Season
ESPORTSTMNT01/1325025,2020_LoL_esports_match_data_from_OraclesElixir.csv,LCK,Spring,0,http://matchhistory.na.leagueoflegends.com/en/#match-details/ESPORTSTMNT01/1325025?gameHash=4f05fd4d2cbd6fbe,2020,Regular Season
ESPORTSTMNT01/1325041,2020_LoL_esports_match_data_from_OraclesElixir.csv,LCK,Spring,0,http://matchhistory.na.leagueoflegends.com/en/#match-details/ESPORTSTMNT01/1325041?gameHash=5833a4f60546cc95,2020,Regular Season
ESPORTSTMNT01/1325066,2020_LoL_esports_match_data_from_OraclesElixir.csv,LCK,Spring,0,http://matchhistory.na.leagueoflegends.com/en/#match-details/ESPORTSTMNT01/1325066?gameHash=de8a9e654e45b179,2020,Regular Season
ESPORTSTMNT01/1325077,2020_LoL_esports_match_data_from_OraclesElixir.csv,LCK,Spring,0,http://matchhistory.na.leagueoflegends.com/en/#match-details/ESPORTSTMNT01/1325077?gameHash=86eb7535e40b06e6,2020,Regular Season
ESPORTSTMNT01/1325157,2020_LoL_esports_match_data_from_OraclesElixir.csv,LCK,Spring,0,http://matchhistory.na.leagueoflegends.com/en/#match-details/ESPORTSTMNT01/1325157?gameHash=67222a6bf3076857,2020,Regular Season
ESPORTSTMNT01/1325167,2020_LoL_esports_match_data_from_OraclesElixir.csv,LCK,Spring,0,http://matchhistory.na.leagueoflegends.com/en/#match-details/ESPORTSTMNT01/1325167?gameHash=5c564b965fc73027,2020,Regular Season
ESPORTSTMNT01/1325188,2020_LoL_esports_match_data_from_OraclesElixir.csv,LCK,Spring,0,http://matchhistory.na.leagueoflegends.com/en/#match-details/ESPORTSTMNT01/1325188?gameHash=546f89c96e6e3177,2020,Regular Season
ESPORTSTMNT01/1325195,2020_LoL_esports_match_data_from_OraclesElixir.csv,LCK,Spring,0,http://matchhistory.na.leagueoflegends.com/en/#match-details/ESPORTSTMNT01/1325195?gameHash=148629fab8f2b383,2020,Regular Season
ESPORTSTMNT01/1325229,2020_LoL_esports_match_data_from_OraclesElixir.csv,LCK,Spring,0,http://matchhistory.na.leagueoflegends.com/en/#match-details/ESPORTSTMNT01/1325229?gameHash=294ac2dedf218184,2020,Regular Season
ESPORTSTMNT01/1325250,2020_LoL_esports_match_data_from_OraclesElixir.csv,LCK,Spring,0,http://matchhistory.na.leagueoflegends.com/en/#match-details/ESPORTSTMNT01/1325250?gameHash=d3a2d51d6ffd6ac4,2020,Regular Season
ESPORTSTMNT01/1315325,2020_LoL_esports_match_data_from_OraclesElixir.csv,LCK,Spring,0,http://matchhistory.na.leagueoflegends.com/en/#match-details/ESPORTSTMNT01/1315325?gameHash=d20c22cc989aa2b0,2020,Regular Season
ESPORTSTMNT01/1315347,2020_LoL_esports_match_data_from_OraclesElixir.csv,LCK,Spring,0,http://matchhistory.na.leagueoflegends.com/en/#match-details/ESPORTSTMNT01/1315347?gameHash=52ddea9792239510,2020,Regular Season
ESPORTSTMNT01/1315361,2020_LoL_esports_match_data_from_OraclesElixir.csv,LCK,Spring,0,http://matchhistory.na.leagueoflegends.com/en/#match-details/ESPORTSTMNT01/1315361?gameHash=36c53321a0aded2f,2020,Regular Season
ESPORTSTMNT01/1315379,2020_LoL_esports_match_data_from_OraclesElixir.csv,LCK,Spring,0,http://matchhistory.na.leagueoflegends.com/en/#match-details/ESPORTSTMNT01/1315379?gameHash=beda8c1f016aef49,2020,Regular Season
ESPORTSTMNT01/1315386,2020_LoL_esports_match_data_from_OraclesElixir.csv,LCK,Spring,0,http://matchhistory.na.leagueoflegends.com/en/#match-details/ESPORTSTMNT01/1315386?gameHash=009b48a2f3c773d1,2020,Regular Season
ESPORTSTMNT01/1315397,2020_LoL_esports_match_data_from_OraclesElixir.csv,LCK,Spring,0,http://matchhistory.na.leagueoflegends.com/en/#match-details/ESPORTSTMNT01/1315397?gameHash=4237c4830ced3b93,2020,Regular Season
ESPORTSTMNT01/1315424,2020_LoL_esports_match_data_from_OraclesElixir.csv,LCK,Spring,0,http://matchhistory.na.leagueoflegends.com/en/#match-details/ESPORTSTMNT01/1315424?gameHash=5c46f591060a4db3,2020,Regular Season
ESPORTSTMNT01/1325596,2020_LoL_esports_match_data_from_OraclesElixir.csv,LCK,Spring,0,http://matchhistory.na.leagueoflegends.com/en/#match-details/ESPORTSTMNT01/1325596?gameHash=b92f4a4cf48c5bd2,2020,Regular Season
ESPORTSTMNT01/1315538,2020_LoL_esports_match_data_from_OraclesElixir.csv,LCK,Spring,0,http://matchhistory.na.leagueoflegends.com/en/#match-details/ESPORTSTMNT01/1315538?gameHash=8169d95e43c6c58b,2020,Regular Season
ESPORTSTMNT04/1140505,2020_LoL_esports_match_data_from_OraclesElixir.csv,LCK,Spring,0,http://matchhistory.na.leagueoflegends.com/en/#match-details/ESPORTSTMNT04/1140505?gameHash=4e8d51d2670ce1ed,2020,Regular Season
ESPORTSTMNT04/1140510,2020_LoL_esports_match_data_from_OraclesElixir.csv,LCK,Spring,0,http://matchhistory.na.leagueoflegends.com/en/#match-details/ESPORTSTMNT04/1140510?gameHash=4e654dcda1a9e845,2020,Regular Season
ESPORTSTMNT04/1140522,2020_LoL_esports_match_data_from_OraclesElixir.csv,LCK,Spring,0,http://matchhistory.na.leagueoflegends.com/en/#match-details/ESPORTSTMNT04/1140522?gameHash=fa36899391a24e48,2020,Regular Season
ESPORTSTMNT04/1140532,2020_LoL_esports_match_data_from_OraclesElixir.csv,LCK,Spring,0,http://matchhistory.na.leagueoflegends.com/en/#match-details/ESPORTSTMNT04/1140532?gameHash=fdd7686e851bfd3e,2020,Regular Season
ESPORTSTMNT01/1325811,2020_LoL_esports_match_data_from_OraclesElixir.csv,LCK,Spring,0,http://matchhistory.na.leagueoflegends.com/en/#match-details/ESPORTSTMNT01/1325811?gameHash=d87d096e00d7ec98,2020,Regular Season
ESPORTSTMNT01/1325819,2020_LoL_esports_match_data_from_OraclesElixir.csv,LCK,Spring,0,http://matchhistory.na.leagueoflegends.com/en/#match-details/ESPORTSTMNT01/1325819?gameHash=77496fb1008bbc59,2020,Regular Season
ESPORTSTMNT01/1325837,2020_LoL_esports_match_data_from_OraclesElixir.csv,LCK,Spring,0,http://matchhistory.na.leagueoflegends.com/en/#match-details/ESPORTSTMNT01/1325837?gameHash=54e2426da5ffba48,2020,Regular Season
ESPORTSTMNT01/1325858,2020_LoL_esports_match_data_from_OraclesElixir.csv,LCK,Spring,0,http://matchhistory.na.leagueoflegends.com/en/#match-details/ESPORTSTMNT01/1325858?gameHash=a259caf0879735ff,2020,Regular Season
ESPORTSTMNT01/1325870,2020_LoL_esports_match_data_from_OraclesElixir.csv,LCK,Spring,0,http://matchhistory.na.leagueoflegends.com/en/#match-details/ESPORTSTMNT01/1325870?gameHash=0f92fcfccbc96afa,2020,Regular Season
ESPORTSTMNT01/1325881,2020_LoL_esports_match_data_from_OraclesElixir.csv,LCK,Spring,0,http://matchhistory.na.leagueoflegends.com/en/#match-details/ESPORTSTMNT01/1325881?gameHash=bb42f82986e3632d,2020,Regular Season
ESPORTSTMNT01/1325904,2020_LoL_esports_match_data_from_OraclesElixir.csv,LCK,Spring,0,http://matchhistory.na.leagueoflegends.com/en/#match-details/ESPORTSTMNT01/1325904?gameHash=a1f18229dda8b3bf,2020,Regular Season
ESPORTSTMNT01/1325920,2020_LoL_esports_match_data_from_OraclesElixir.csv,LCK,Spring,0,http://matchhistory.na.leagueoflegends.com/en/#match-details/ESPORTSTMNT01/1325920?gameHash=d3fb33afb4b442e3,2020,Regular Season
ESPORTSTMNT02/1322260,2020_LoL_esports_match_data_from_OraclesElixir.csv,LCK,Spring,0,http://matchhistory.na.leagueoflegends.com/en/#match-details/ESPORTSTMNT02/1322260?gameHash=04abc8d041b4a5db,2020,Regular Season
ESPORTSTMNT02/1332216,2020_LoL_esports_match_data_from_OraclesElixir.csv,LCK,Spring,0,http://matchhistory.na.leagueoflegends.com/en/#match-details/ESPORTSTMNT02/1332216?gameHash=ee8289d85881606c,2020,Regular Season
ESPORTSTMNT02/1332241,2020_LoL_esports_match_data_from_OraclesElixir.csv,LCK,Spring,0,http://matchhistory.na.leagueoflegends.com/en/#match-details/ESPORTSTMNT02/1332241?gameHash=6eb6bb2896da2676,2020,Regular Season
ESPORTSTMNT02/1332253,2020_LoL_esports_match_data_from_OraclesElixir.csv,LCK,Spring,0,http://matchhistory.na.leagueoflegends.com/en/#match-details/ESPORTSTMNT02/1332253?gameHash=9d82b19b710a5fa7,2020,Regular Season
ESPORTSTMNT02/1332265,2020_LoL_esports_match_data_from_OraclesElixir.csv,LCK,Spring,0,http://matchhistory.na.leagueoflegends.com/en/#match-details/ESPORTSTMNT02/1332265?gameHash=b1a9b2eca7a53115,2020,Regular Season
ESPORTSTMNT02/1332275,2020_LoL_esports_match_data_from_OraclesElixir.csv,LCK,Spring,0,http://matchhistory.na.leagueoflegends.com/en/#match-details/ESPORTSTMNT02/1332275?gameHash=27d71e46db225cc9,2020,Regular Season
ESPORTSTMNT02/1332295,2020_LoL_esports_match_data_from_OraclesElixir.csv,LCK,Spring,0,http://matchhistory.na.leagueoflegends.com/en/#match-details/ESPORTSTMNT02/1332295?gameHash=27e722df0fb3fbfa,2020,Regular Season
ESPORTSTMNT02/1332360,2020_LoL_esports_match_data_from_OraclesElixir.csv,LCK,Spring,0,http://matchhistory.na.leagueoflegends.com/en/#match-details/ESPORTSTMNT02/1332360?gameHash=d33f88d9e15ada02,2020,Regular Season
ESPORTSTMNT02/1332381,2020_LoL_esports_match_data_from_OraclesElixir.csv,LCK,Spring,0,http://matchhistory.na.leagueoflegends.com/en/#match-details/ESPORTSTMNT02/1332381?gameHash=4ebd7fe9becd316a,2020,Regular Season
ESPORTSTMNT02/1332578,2020_LoL_esports_match_data_from_OraclesElixir.csv,LCK,Spring,0,http://matchhistory.na.leagueoflegends.com/en/#match-details/ESPORTSTMNT02/1332578?gameHash=0d0996c7d51ad7c7,2020,Regular Season
ESPORTSTMNT02/1332611,2020_LoL_esports_match_data_from_OraclesElixir.csv,LCK,Spring,0,http://matchhistory.na.leagueoflegends.com/en/#match-details/ESPORTSTMNT02/1332611?gameHash=4d33e124f25f6ca1,2020,Regular Season
ESPORTSTMNT02/1332624,2020_LoL_esports_match_data_from_OraclesElixir.csv,LCK,Spring,0,http://matchhistory.na.leagueoflegends.com/en/#match-details/ESPORTSTMNT02/1332624?gameHash=a4ae72008da86691,2020,Regular Season
ESPORTSTMNT02/1332637,2020_LoL_esports_match_data_from_OraclesElixir.csv,LCK,Spring,0,http://matchhistory.na.leagueoflegends.com/en/#match-details/ESPORTSTMNT02/1332637?gameHash=d25764be7782291a,2020,Regular Season
ESPORTSTMNT02/1332652,2020_LoL_esports_match_data_from_OraclesElixir.csv,LCK,Spring,0,http://matchhistory.na.leagueoflegends.com/en/#match-details/ESPORTSTMNT02/1332652?gameHash=39c447b3e8773efd,2020,Regular Season
ESPORTSTMNT02/1332694,2020_LoL_esports_match_data_from_OraclesElixir.csv,LCK,Spring,0,http://matchhistory.na.leagueoflegends.com/en/#match-details/ESPORTSTMNT02/1332694?gameHash=d6197c0d1949de16,2020,Regular Season
ESPORTSTMNT02/1322969,2020_LoL_esports_match_data_from_OraclesElixir.csv,LCK,Spring,0,http://matchhistory.na.leagueoflegends.com/en/#match-details/ESPORTSTMNT02/1322969?gameHash=771f9c30bec68130,2020,Regular Season
ESPORTSTMNT02/1323018,2020_LoL_esports_match_data_from_OraclesElixir.csv,LCK,Spring,0,http://matchhistory.na.leagueoflegends.com/en/#match-details/ESPORTSTMNT02/1323018?gameHash=14d4f5c791cf1d6e,2020,Regular Season
ESPORTSTMNT02/1323067,2020_LoL_esports_match_data_from_OraclesElixir.csv,LCK,Spring,0,http://matchhistory.na.leagueoflegends.com/en/#match-details/ESPORTSTMNT02/1323067?gameHash=f631f4f7414299d7,2020,Regular Season
ESPORTSTMNT02/1323090,2020_LoL_esports_match_data_from_OraclesElixir.csv,LCK,Spring,0,http://matchhistory.na.leagueoflegends.com/en/#match-details/ESPORTSTMNT02/1323090?gameHash=ee63e87a5694c1fc,2020,Regular Season
ESPORTSTMNT02/1323110,2020_LoL_esports_match_data_from_OraclesElixir.csv,LCK,Spring,0,http://matchhistory.na.leagueoflegends.com/en/#match-details/ESPORTSTMNT02/1323110?gameHash=bd0ec6e30ddd1f1d,2020,Regular Season
ESPORTSTMNT02/1323134,2020_LoL_esports_match_data_from_OraclesElixir.csv,LCK,Spring,0,http://matchhistory.na.leagueoflegends.com/en/#match-details/ESPORTSTMNT02/1323134?gameHash=5a6bdf70f4b214c6,2020,Regular Season
ESPORTSTMNT02/1323169,2020_LoL_esports_match_data_from_OraclesElixir.csv,LCK,Spring,0,http://matchhistory.na.leagueoflegends.com/en/#match-details/ESPORTSTMNT02/1323169?gameHash=747b510ccfe4aab5,2020,Regular Season
ESPORTSTMNT02/1333331,2020_LoL_esports_match_data_from_OraclesElixir.csv,LCK,Spring,0,http://matchhistory.na.leagueoflegends.com/en/#match-details/ESPORTSTMNT02/1333331?gameHash=411d4c7f0dd1ac74,2020,Regular Season
ESPORTSTMNT02/1333365,2020_LoL_esports_match_data_from_OraclesElixir.csv,LCK,Spring,0,http://matchhistory.na.leagueoflegends.com/en/#match-details/ESPORTSTMNT02/1333365?gameHash=dc90376d6bbce20f,2020,Regular Season
ESPORTSTMNT02/1333375,2020_LoL_esports_match_data_from_OraclesElixir.csv,LCK,Spring,0,http://matchhistory.na.leagueoflegends.com/en/#match-details/ESPORTSTMNT02/1333375?gameHash=b6ae98b896e0c9e4,2020,Regular Season
ESPORTSTMNT02/1333388,2020_LoL_esports_match_data_from_OraclesElixir.csv,LCK,Spring,0,http://matchhistory.na.leagueoflegends.com/en/#match-details/ESPORTSTMNT02/1333388?gameHash=90b0be646fd7224b,2020,Regular Season
ESPORTSTMNT02/1333411,2020_LoL_esports_match_data_from_OraclesElixir.csv,LCK,Spring,0,http://matchhistory.na.leagueoflegends.com/en/#match-details/ESPORTSTMNT02/1333411?gameHash=b5078b70e6988e44,2020,Regular Season
ESPORTSTMNT02/1333433,2020_LoL_esports_match_data_from_OraclesElixir.csv,LCK,Spring,0,http://matchhistory.na.leagueoflegends.com/en/#match-details/ESPORTSTMNT02/1333433?gameHash=cdfee87f0ea7a41f,2020,Regular Season
ESPORTSTMNT02/1333463,2020_LoL_esports_match_data_from_OraclesElixir.csv,LCK,Spring,0,http://matchhistory.na.leagueoflegends.com/en/#match-details/ESPORTSTMNT02/1333463?gameHash=f571cc00d73d81a6,2020,Regular Season
ESPORTSTMNT02/1333497,2020_LoL_esports_match_data_from_OraclesElixir.csv,LCK,Spring,0,http://matchhistory.na.leagueoflegends.com/en/#match-details/ESPORTSTMNT02/1333497?gameHash=871968b9f0729702,2020,Regular Season
ESPORTSTMNT02/1333684,2020_LoL_esports_match_data_from_OraclesElixir.csv,LCK,Spring,0,http://matchhistory.na.leagueoflegends.com/en/#match-details/ESPORTSTMNT02/1333684?gameHash=a7ad0cfd9bf9c8cc,2020,Regular Season
ESPORTSTMNT02/1333728,2020_LoL_esports_match_data_from_OraclesElixir.csv,LCK,Spring,0,http://matchhistory.na.leagueoflegends.com/en/#match-details/ESPORTSTMNT02/1333728?gameHash=b90de3d8cb437116,2020,Regular Season
ESPORTSTMNT02/1333734,2020_LoL_esports_match_data_from_OraclesElixir.csv,LCK,Spring,0,http://matchhistory.na.leagueoflegends.com/en/#match-details/ESPORTSTMNT02/1333734?gameHash=7de2285329dd1b91,2020,Regular Season
ESPORTSTMNT02/1333750,2020_LoL_esports_match_data_from_OraclesElixir.csv,LCK,Spring,0,http://matchhistory.na.leagueoflegends.com/en/#match-details/ESPORTSTMNT02/1333750?gameHash=bb5b005f1d1cd585,2020,Regular Season
ESPORTSTMNT02/1333768,2020_LoL_esports_match_data_from_OraclesElixir.csv,LCK,Spring,0,http://matchhistory.na.leagueoflegends.com/en/#match-details/ESPORTSTMNT02/1333768?gameHash=760a352f10a24b65,2020,Regular Season
ESPORTSTMNT02/1333791,2020_LoL_esports_match_data_from_OraclesElixir.csv,LCK,Spring,0,http://matchhistory.na.leagueoflegends.com/en/#match-details/ESPORTSTMNT02/1333791?gameHash=ae5fb7e6ab114582,2020,Regular Season
ESPORTSTMNT02/1333805,2020_LoL_esports_match_data_from_OraclesElixir.csv,LCK,Spring,0,http://matchhistory.na.leagueoflegends.com/en/#match-details/ESPORTSTMNT02/1333805?gameHash=f13243ec65468ad3,2020,Regular Season
ESPORTSTMNT02/1324324,2020_LoL_esports_match_data_from_OraclesElixir.csv,LCK,Spring,0,http://matchhistory.na.leagueoflegends.com/en/#match-details/ESPORTSTMNT02/1324324?gameHash=ea112046eceab932,2020,Regular Season
ESPORTSTMNT02/1324341,2020_LoL_esports_match_data_from_OraclesElixir.csv,LCK,Spring,0,http://matchhistory.na.leagueoflegends.com/en/#match-details/ESPORTSTMNT02/1324341?gameHash=07c5cb5ac8f5c479,2020,Regular Season
ESPORTSTMNT02/1324352,2020_LoL_esports_match_data_from_OraclesElixir.csv,LCK,Spring,0,http://matchhistory.na.leagueoflegends.com/en/#match-details/ESPORTSTMNT02/1324352?gameHash=d4ddc61f5107fd12,2020,Regular Season
ESPORTSTMNT02/1324372,2020_LoL_esports_match_data_from_OraclesElixir.csv,LCK,Spring,0,http://matchhistory.na.leagueoflegends.com/en/#match-details/ESPORTSTMNT02/1324372?gameHash=12821765bbbf5c28,2020,Regular Season
ESPORTSTMNT02/1324382,2020_LoL_esports_match_data_from_OraclesElixir.csv,LCK,Spring,0,http://matchhistory.na.leagueoflegends.com/en/#match-details/ESPORTSTMNT02/1324382?gameHash=1d01512bd0561e08,2020,Regular Season
ESPORTSTMNT02/1324511,2020_LoL_esports_match_data_from_OraclesElixir.csv,LCK,Spring,0,http://matchhistory.na.leagueoflegends.com/en/#match-details/ESPORTSTMNT02/1324511?gameHash=dcb9559c4f6259de,2020,Regular Season
ESPORTSTMNT02/1324519,2020_LoL_esports_match_data_from_OraclesElixir.csv,LCK,Spring,0,http://matchhistory.na.leagueoflegends.com/en/#match-details/ESPORTSTMNT02/1324519?gameHash=f7105f5cbf591b37,2020,Regular Season
ESPORTSTMNT02/1324528,2020_LoL_esports_match_data_from_OraclesElixir.csv,LCK,Spring,0,http://matchhistory.na.leagueoflegends.com/en/#match-details/ESPORTSTMNT02/1324528?gameHash=c60f5a4cc4a4cbe5,2020,Regular Season
ESPORTSTMNT02/1324546,2020_LoL_esports_match_data_from_OraclesElixir.csv,LCK,Spring,0,http://matchhistory.na.leagueoflegends.com/en/#match-details/ESPORTSTMNT02/1324546?gameHash=aacb744b4e58c327,2020,Regular Season
ESPORTSTMNT02/1334673,2020_LoL_esports_match_data_from_OraclesElixir.csv,LCK,Spring,0,http://matchhistory.na.leagueoflegends.com/en/#match-details/ESPORTSTMNT02/1334673?gameHash=3ec34a7f767fac89,2020,Regular Season
ESPORTSTMNT02/1334694,2020_LoL_esports_match_data_from_OraclesElixir.csv,LCK,Spring,0,http://matchhistory.na.leagueoflegends.com/en/#match-details/ESPORTSTMNT02/1334694?gameHash=95755ce9f5b148fe,2020,Regular Season
ESPORTSTMNT02/1324690,2020_LoL_esports_match_data_from_OraclesElixir.csv,LCK,Spring,0,http://matchhistory.na.leagueoflegends.com/en/#match-details/ESPORTSTMNT02/1324690?gameHash=16859bc5a921b038,2020,Regular Season
ESPORTSTMNT02/1324698,2020_LoL_esports_match_data_from_OraclesElixir.csv,LCK,Spring,0,http://matchhistory.na.leagueoflegends.com/en/#match-details/ESPORTSTMNT02/1324698?gameHash=15b7dfdc5e4520f0,2020,Regular Season
ESPORTSTMNT02/1324713,2020_LoL_esports_match_data_from_OraclesElixir.csv,LCK,Spring,0,http://matchhistory.na.leagueoflegends.com/en/#match-details/ESPORTSTMNT02/1324713?gameHash=8b9a650c54611241,2020,Regular Season
ESPORTSTMNT02/1324775,2020_LoL_esports_match_data_from_OraclesElixir.csv,LCK,Spring,0,http://matchhistory.na.leagueoflegends.com/en/#match-details/ESPORTSTMNT02/1324775?gameHash=e5b79d0c7b4aee04,2020,Regular Season
ESPORTSTMNT02/1324779,2020_LoL_esports_match_data_from_OraclesElixir.csv,LCK,Spring,0,http://matchhistory.na.leagueoflegends.com/en/#match-details/ESPORTSTMNT02/1324779?gameHash=f590ada78d26486c,2020,Regular Season
ESPORTSTMNT02/1324783,2020_LoL_esports_match_data_from_OraclesElixir.csv,LCK,Spring,0,http://matchhistory.na.leagueoflegends.com/en/#match-details/ESPORTSTMNT02/1324783?gameHash=77b0e10d7261bad7,2020,Regular Season
ESPORTSTMNT02/1324786,2020_LoL_esports_match_data_from_OraclesElixir.csv,LCK,Spring,0,http://matchhistory.na.leagueoflegends.com/en/#match-details/ESPORTSTMNT02/1324786?gameHash=8cce71b107a49147,2020,Regular Season
ESPORTSTMNT02/1324800,2020_LoL_esports_match_data_from_OraclesElixir.csv,LCK,Spring,0,http://matchhistory.na.leagueoflegends.com/en/#match-details/ESPORTSTMNT02/1324800?gameHash=84ce7cddfd38afc6,2020,Regular Season
ESPORTSTMNT02/1334858,2020_LoL_esports_match_data_from_OraclesElixir.csv,LCK,Spring,0,http://matchhistory.na.leagueoflegends.com/en/#match-details/ESPORTSTMNT02/1334858?gameHash=2d7218f4a6fa6d23,2020,Regular Season
ESPORTSTMNT02/1334864,2020_LoL_esports_match_data_from_OraclesElixir.csv,LCK,Spring,0,http://matchhistory.na.leagueoflegends.com/en/#match-details/ESPORTSTMNT02/1334864?gameHash=859dd62dc90cbb0a,2020,Regular Season
ESPORTSTMNT02/1334873,2020_LoL_esports_match_data_from_OraclesElixir.csv,LCK,Spring,0,http://matchhistory.na.leagueoflegends.com/en/#match-details/ESPORTSTMNT02/1334873?gameHash=07a8e4ed1cca27a0,2020,Regular Season
ESPORTSTMNT02/1334877,2020_LoL_esports_match_data_from_OraclesElixir.csv,LCK,Spring,0,http://matchhistory.na.leagueoflegends.com/en/#match-details/ESPORTSTMNT02/1334877?gameHash=d2b19b59b8c62bd3,2020,Regular Season
ESPORTSTMNT02/1334892,2020_LoL_esports_match_data_from_OraclesElixir.csv,LCK,Spring,0,http://matchhistory.na.leagueoflegends.com/en/#match-details/ESPORTSTMNT02/1334892?gameHash=0b050cb439fca2a0,2020,Regular Season
ESPORTSTMNT02/1334895,2020_LoL_esports_match_data_from_OraclesElixir.csv,LCK,Spring,0,http://matchhistory.na.leagueoflegends.com/en/#match-details/ESPORTSTMNT02/1334895?gameHash=465e03fd276dfb8e,2020,Regular Season
ESPORTSTMNT03/1341471,2020_LoL_esports_match_data_from_OraclesElixir.csv,LCK,Spring,0,http://matchhistory.na.leagueoflegends.com/en/#match-details/ESPORTSTMNT03/1341471?gameHash=be413d988dbf013c,2020,Regular Season
ESPORTSTMNT03/1341507,2020_LoL_esports_match_data_from_OraclesElixir.csv,LCK,Spring,0,https://matchhistory.na.leagueoflegends.com/en/#match-details/ESPORTSTMNT03/1341507?gameHash=772c146822dacc13,2020,Regular Season
ESPORTSTMNT03/1341527,2020_LoL_esports_match_data_from_OraclesElixir.csv,LCK,Spring,0,https://matchhistory.na.leagueoflegends.com/en/#match-details/ESPORTSTMNT03/1341527?gameHash=5d39ca4a3bbf3d31,2020,Regular Season
ESPORTSTMNT03/1341536,2020_LoL_esports_match_data_from_OraclesElixir.csv,LCK,Spring,0,https://matchhistory.na.leagueoflegends.com/en/#match-details/ESPORTSTMNT03/1341536?gameHash=1d4ac2956a7b62e4,2020,Regular Season
ESPORTSTMNT03/1341565,2020_LoL_esports_match_data_from_OraclesElixir.csv,LCK,Spring,0,https://matchhistory.na.leagueoflegends.com/en/#match-details/ESPORTSTMNT03/1341565?gameHash=7480f23e9d760dda,2020,Regular Season
ESPORTSTMNT03/1341572,2020_LoL_esports_match_data_from_OraclesElixir.csv,LCK,Spring,0,https://matchhistory.na.leagueoflegends.com/en/#match-details/ESPORTSTMNT03/1341572?gameHash=8ed855d33ed264ee,2020,Regular Season
ESPORTSTMNT03/1341601,2020_LoL_esports_match_data_from_OraclesElixir.csv,LCK,Spring,0,https://matchhistory.na.leagueoflegends.com/en/#match-details/ESPORTSTMNT03/1341601?gameHash=09ca669850c9b1c3,2020,Regular Season
ESPORTSTMNT03/1341618,2020_LoL_esports_match_data_from_OraclesElixir.csv,LCK,Spring,0,http://matchhistory.na.leagueoflegends.com/en/#match-details/ESPORTSTMNT03/1341618?gameHash=19561fb34540b081,2020,Regular Season
ESPORTSTMNT03/1351811,2020_LoL_esports_match_data_from_OraclesElixir.csv,LCK,Spring,0,http://matchhistory.na.leagueoflegends.com/en/#match-details/ESPORTSTMNT03/1351811?gameHash=e9cfa65944d39cbc,2020,Regular Season
ESPORTSTMNT03/1351822,2020_LoL_esports_match_data_from_OraclesElixir.csv,LCK,Spring,0,http://matchhistory.na.leagueoflegends.com/en/#match-details/ESPORTSTMNT03/1351822?gameHash=5349abf2947f0dd9,2020,Regular Season
ESPORTSTMNT03/1351837,2020_LoL_esports_match_data_from_OraclesElixir.csv,LCK,Spring,0,http://matchhistory.na.leagueoflegends.com/en/#match-details/ESPORTSTMNT03/1351837?gameHash=8d4b64e0e36ce417,2020,Regular Season
ESPORTSTMNT03/1351846,2020_LoL_esports_match_data_from_OraclesElixir.csv,LCK,Spring,0,http://matchhistory.na.leagueoflegends.com/en/#match-details/ESPORTSTMNT03/1351846?gameHash=93a5047089b049e4,2020,Regular Season
ESPORTSTMNT03/1351850,2020_LoL_esports_match_data_from_OraclesElixir.csv,LCK,Spring,0,http://matchhistory.na.leagueoflegends.com/en/#match-details/ESPORTSTMNT03/1351850?gameHash=89fb06522f5d4c57,2020,Regular Season
ESPORTSTMNT03/1342175,2020_LoL_esports_match_data_from_OraclesElixir.csv,LCK,Spring,1,http://matchhistory.na.leagueoflegends.com/en/#match-details/ESPORTSTMNT03/1342175?gameHash=dc7c04162fff1f45,2020,Playoff
ESPORTSTMNT03/1342212,2020_LoL_esports_match_data_from_OraclesElixir.csv,LCK,Spring,1,http://matchhistory.na.leagueoflegends.com/en/#match-details/ESPORTSTMNT03/1342212?gameHash=5ef91a00e172f850,2020,Playoff
ESPORTSTMNT03/1342220,2020_LoL_esports_match_data_from_OraclesElixir.csv,LCK,Spring,1,http://matchhistory.na.leagueoflegends.com/en/#match-details/ESPORTSTMNT03/1342220?gameHash=fe64b4a0611e4b7f,2020,Playoff
ESPORTSTMNT03/1352530,2020_LoL_esports_match_data_from_OraclesElixir.csv,LCK,Spring,1,http://matchhistory.na.leagueoflegends.com/en/#match-details/ESPORTSTMNT03/1352530?gameHash=d36ddbc80b4d1196,2020,Playoff
ESPORTSTMNT03/1352542,2020_LoL_esports_match_data_from_OraclesElixir.csv,LCK,Spring,1,http://matchhistory.na.leagueoflegends.com/en/#match-details/ESPORTSTMNT03/1352542?gameHash=ee485cd419804996,2020,Playoff
ESPORTSTMNT03/1352548,2020_LoL_esports_match_data_from_OraclesElixir.csv,LCK,Spring,1,http://matchhistory.na.leagueoflegends.com/en/#match-details/ESPORTSTMNT03/1352548?gameHash=3cad1bdf6e31eff7,2020,Playoff
ESPORTSTMNT03/1352552,2020_LoL_esports_match_data_from_OraclesElixir.csv,LCK,Spring,1,http://matchhistory.na.leagueoflegends.com/en/#match-details/ESPORTSTMNT03/1352552?gameHash=db2ea73c56a5c534,2020,Playoff
ESPORTSTMNT03/1352557,2020_LoL_esports_match_data_from_OraclesElixir.csv,LCK,Spring,1,http://matchhistory.na.leagueoflegends.com/en/#match-details/ESPORTSTMNT03/1352557?gameHash=a374345e160c9d6c,2020,Playoff
ESPORTSTMNT03/1352815,2020_LoL_esports_match_data_from_OraclesElixir.csv,LCK,Spring,1,http://matchhistory.na.leagueoflegends.com/en/#match-details/ESPORTSTMNT03/1352815?gameHash=d61369cf461ab6e5,2020,Playoff
ESPORTSTMNT03/1352835,2020_LoL_esports_match_data_from_OraclesElixir.csv,LCK,Spring,1,http://matchhistory.na.leagueoflegends.com/en/#match-details/ESPORTSTMNT03/1352835?gameHash=05faf62c641c9cab,2020,Playoff
ESPORTSTMNT03/1352838,2020_LoL_esports_match_data_from_OraclesElixir.csv,LCK,Spring,1,http://matchhistory.na.leagueoflegends.com/en/#match-details/ESPORTSTMNT03/1352838?gameHash=b414e02f2d7f2517,2020,Playoff
ESPORTSTMNT03/1352840,2020_LoL_esports_match_data_from_OraclesElixir.csv,LCK,Spring,1,http://matchhistory.na.leagueoflegends.com/en/#match-details/ESPORTSTMNT03/1352840?gameHash=fef8f0d2a6f4418a,2020,Playoff
ESPORTSTMNT03/1343103,2020_LoL_esports_match_data_from_OraclesElixir.csv,LCK,Spring,1,http://matchhistory.na.leagueoflegends.com/en/#match-details/ESPORTSTMNT03/1343103?gameHash=3be9aa065988f4ba,2020,Playoff
ESPORTSTMNT03/1353189,2020_LoL_esports_match_data_from_OraclesElixir.csv,LCK,Spring,1,http://matchhistory.na.leagueoflegends.com/en/#match-details/ESPORTSTMNT03/1353189?gameHash=1fd02efc67644051,2020,Playoff
ESPORTSTMNT03/1353193,2020_LoL_esports_match_data_from_OraclesElixir.csv,LCK,Spring,1,http://matchhistory.na.leagueoflegends.com/en/#match-details/ESPORTSTMNT03/1353193?gameHash=63e4e6e5d695f410,2020,Playoff
ESPORTSTMNT03/1353399,2020_LoL_esports_match_data_from_OraclesElixir.csv,LCK,Summer,0,http://matchhistory.na.leagueoflegends.com/en/#match-details/ESPORTSTMNT03/1353399?gameHash=0abeeaa568dcbaff,2020,Promotion
ESPORTSTMNT03/1353412,2020_LoL_esports_match_data_from_OraclesElixir.csv,LCK,Summer,0,http://matchhistory.na.leagueoflegends.com/en/#match-details/ESPORTSTMNT03/1353412?gameHash=d175f91be89af723,2020,Promotion
ESPORTSTMNT03/1353414,2020_LoL_esports_match_data_from_OraclesElixir.csv,LCK,Summer,0,http://matchhistory.na.leagueoflegends.com/en/#match-details/ESPORTSTMNT03/1353414?gameHash=60916a8b662d4d10,2020,Promotion
ESPORTSTMNT03/1343343,2020_LoL_esports_match_data_from_OraclesElixir.csv,LCK,Summer,0,http://matchhistory.na.leagueoflegends.com/en/#match-details/ESPORTSTMNT03/1343343?gameHash=a5a880d17dbb2e33,2020,Promotion
ESPORTSTMNT03/1343345,2020_LoL_esports_match_data_from_OraclesElixir.csv,LCK,Summer,0,http://matchhistory.na.leagueoflegends.com/en/#match-details/ESPORTSTMNT03/1343345?gameHash=07aee6c6d36cf2b9,2020,Promotion
ESPORTSTMNT03/1353486,2020_LoL_esports_match_data_from_OraclesElixir.csv,LCK,Summer,0,http://matchhistory.na.leagueoflegends.com/en/#match-details/ESPORTSTMNT03/1353486?gameHash=ef1aa413fd190da2,2020,Promotion
ESPORTSTMNT03/1353499,2020_LoL_esports_match_data_from_OraclesElixir.csv,LCK,Summer,0,http://matchhistory.na.leagueoflegends.com/en/#match-details/ESPORTSTMNT03/1353499?gameHash=4c3cce36c9d1f29e,2020,Promotion
ESPORTSTMNT03/1353501,2020_LoL_esports_match_data_from_OraclesElixir.csv,LCK,Summer,0,http://matchhistory.na.leagueoflegends.com/en/#match-details/ESPORTSTMNT03/1353501?gameHash=33d40ab2c46b396f,2020,Promotion
ESPORTSTMNT03/1353507,2020_LoL_esports_match_data_from_OraclesElixir.csv,LCK,Summer,0,http://matchhistory.na.leagueoflegends.com/en/#match-details/ESPORTSTMNT03/1353507?gameHash=7d339b8a862a4345,2020,Promotion
ESPORTSTMNT03/1353560,2020_LoL_esports_match_data_from_OraclesElixir.csv,LCK,Summer,0,http://matchhistory.na.leagueoflegends.com/en/#match-details/ESPORTSTMNT03/1353560?gameHash=a17dc04eb1b005fb,2020,Promotion
ESPORTSTMNT03/1353588,2020_LoL_esports_match_data_from_OraclesElixir.csv,LCK,Summer,0,http://matchhistory.na.leagueoflegends.com/en/#match-details/ESPORTSTMNT03/1353588?gameHash=3ebfc95710fdf51c,2020,Promotion
ESPORTSTMNT03/1353591,2020_LoL_esports_match_data_from_OraclesElixir.csv,LCK,Summer,0,http://matchhistory.na.leagueoflegends.com/en/#match-details/ESPORTSTMNT03/1353591?gameHash=9982633fa115fffb,2020,Promotion
ESPORTSTMNT01/1414788,2020_LoL_esports_match_data_from_OraclesElixir.csv,LCK,Summer,0,http://matchhistory.na.leagueoflegends.com/en/#match-details/ESPORTSTMNT01/1414788?gameHash=c0b6cf3492ed5bfd,2020,Regular Season
ESPORTSTMNT01/1414822,2020_LoL_esports_match_data_from_OraclesElixir.csv,LCK,Summer,0,http://matchhistory.na.leagueoflegends.com/en/#match-details/ESPORTSTMNT01/1414822?gameHash=7bdd668ece1ab5ca,2020,Regular Season
ESPORTSTMNT01/1414831,2020_LoL_esports_match_data_from_OraclesElixir.csv,LCK,Summer,0,http://matchhistory.na.leagueoflegends.com/en/#match-details/ESPORTSTMNT01/1414831?gameHash=3b8f35cad67bb440,2020,Regular Season
ESPORTSTMNT01/1414864,2020_LoL_esports_match_data_from_OraclesElixir.csv,LCK,Summer,0,http://matchhistory.na.leagueoflegends.com/en/#match-details/ESPORTSTMNT01/1414864?gameHash=1ed7f4dfa1a38160,2020,Regular Season
ESPORTSTMNT01/1414874,2020_LoL_esports_match_data_from_OraclesElixir.csv,LCK,Summer,0,http://matchhistory.na.leagueoflegends.com/en/#match-details/ESPORTSTMNT01/1414874?gameHash=0c5a1c3d4a27d3b5,2020,Regular Season
ESPORTSTMNT01/1415112,2020_LoL_esports_match_data_from_OraclesElixir.csv,LCK,Summer,0,http://matchhistory.na.leagueoflegends.com/en/#match-details/ESPORTSTMNT01/1415112?gameHash=bb66036323278a5c,2020,Regular Season
ESPORTSTMNT01/1415168,2020_LoL_esports_match_data_from_OraclesElixir.csv,LCK,Summer,0,http://matchhistory.na.leagueoflegends.com/en/#match-details/ESPORTSTMNT01/1415168?gameHash=552fc6b68f1c6847,2020,Regular Season
ESPORTSTMNT01/1415198,2020_LoL_esports_match_data_from_OraclesElixir.csv,LCK,Summer,0,http://matchhistory.na.leagueoflegends.com/en/#match-details/ESPORTSTMNT01/1415198?gameHash=4aeaa12b2ed105ef,2020,Regular Season
ESPORTSTMNT01/1415201,2020_LoL_esports_match_data_from_OraclesElixir.csv,LCK,Summer,0,http://matchhistory.na.leagueoflegends.com/en/#match-details/ESPORTSTMNT01/1415201?gameHash=6f4c93384da19a1a,2020,Regular Season
ESPORTSTMNT01/1415210,2020_LoL_esports_match_data_from_OraclesElixir.csv,LCK,Summer,0,http://matchhistory.na.leagueoflegends.com/en/#match-details/ESPORTSTMNT01/1415210?gameHash=4baef7927d4a14eb,2020,Regular Season
ESPORTSTMNT01/1415320,2020_LoL_esports_match_data_from_OraclesElixir.csv,LCK,Summer,0,http://matchhistory.na.leagueoflegends.com/en/#match-details/ESPORTSTMNT01/1415320?gameHash=e9d7371f6a104141,2020,Regular Season
ESPORTSTMNT01/1415331,2020_LoL_esports_match_data_from_OraclesElixir.csv,LCK,Summer,0,http://matchhistory.na.leagueoflegends.com/en/#match-details/ESPORTSTMNT01/1415331?gameHash=f8de03b304a5e5aa,2020,Regular Season
ESPORTSTMNT01/1415338,2020_LoL_esports_match_data_from_OraclesElixir.csv,LCK,Summer,0,http://matchhistory.na.leagueoflegends.com/en/#match-details/ESPORTSTMNT01/1415338?gameHash=bd1926541d7a0c29,2020,Regular Season
ESPORTSTMNT01/1415378,2020_LoL_esports_match_data_from_OraclesElixir.csv,LCK,Summer,0,http://matchhistory.na.leagueoflegends.com/en/#match-details/ESPORTSTMNT01/1415378?gameHash=3103e2a672b6210a,2020,Regular Season
ESPORTSTMNT01/1415382,2020_LoL_esports_match_data_from_OraclesElixir.csv,LCK,Summer,0,http://matchhistory.na.leagueoflegends.com/en/#match-details/ESPORTSTMNT01/1415382?gameHash=244b617acaa48f87,2020,Regular Season
ESPORTSTMNT01/1415446,2020_LoL_esports_match_data_from_OraclesElixir.csv,LCK,Summer,0,http://matchhistory.na.leagueoflegends.com/en/#match-details/ESPORTSTMNT01/1415446?gameHash=c1b94b39cc476805,2020,Regular Season
ESPORTSTMNT01/1415469,2020_LoL_esports_match_data_from_OraclesElixir.csv,LCK,Summer,0,http://matchhistory.na.leagueoflegends.com/en/#match-details/ESPORTSTMNT01/1415469?gameHash=04440781a27b694a,2020,Regular Season
ESPORTSTMNT01/1415487,2020_LoL_esports_match_data_from_OraclesElixir.csv,LCK,Summer,0,http://matchhistory.na.leagueoflegends.com/en/#match-details/ESPORTSTMNT01/1415487?gameHash=0700e5b969c7d6fc,2020,Regular Season
ESPORTSTMNT01/1415502,2020_LoL_esports_match_data_from_OraclesElixir.csv,LCK,Summer,0,http://matchhistory.na.leagueoflegends.com/en/#match-details/ESPORTSTMNT01/1415502?gameHash=f936ac5a6ca18533,2020,Regular Season
ESPORTSTMNT01/1415533,2020_LoL_esports_match_data_from_OraclesElixir.csv,LCK,Summer,0,http://matchhistory.na.leagueoflegends.com/en/#match-details/ESPORTSTMNT01/1415533?gameHash=5e5b2defe55418e6,2020,Regular Season
ESPORTSTMNT01/1415535,2020_LoL_esports_match_data_from_OraclesElixir.csv,LCK,Summer,0,http://matchhistory.na.leagueoflegends.com/en/#match-details/ESPORTSTMNT01/1415535?gameHash=02bc76313e59d025,2020,Regular Season
ESPORTSTMNT01/1405601,2020_LoL_esports_match_data_from_OraclesElixir.csv,LCK,Summer,0,http://matchhistory.na.leagueoflegends.com/en/#match-details/ESPORTSTMNT01/1405601?gameHash=5637a3a2ff5fc937,2020,Regular Season
ESPORTSTMNT01/1405624,2020_LoL_esports_match_data_from_OraclesElixir.csv,LCK,Summer,0,http://matchhistory.na.leagueoflegends.com/en/#match-details/ESPORTSTMNT01/1405624?gameHash=fd494b4a91847059,2020,Regular Season
ESPORTSTMNT01/1405637,2020_LoL_esports_match_data_from_OraclesElixir.csv,LCK,Summer,0,http://matchhistory.na.leagueoflegends.com/en/#match-details/ESPORTSTMNT01/1405637?gameHash=ba73492ccf208175,2020,Regular Season
ESPORTSTMNT01/1405646,2020_LoL_esports_match_data_from_OraclesElixir.csv,LCK,Summer,0,http://matchhistory.na.leagueoflegends.com/en/#match-details/ESPORTSTMNT01/1405646?gameHash=4008e4ae92036d3d,2020,Regular Season
ESPORTSTMNT01/1405650,2020_LoL_esports_match_data_from_OraclesElixir.csv,LCK,Summer,0,http://matchhistory.na.leagueoflegends.com/en/#match-details/ESPORTSTMNT01/1405650?gameHash=324b01436ed24207,2020,Regular Season
ESPORTSTMNT02/1393266,2020_LoL_esports_match_data_from_OraclesElixir.csv,LCK,Summer,0,http://matchhistory.na.leagueoflegends.com/en/#match-details/ESPORTSTMNT02/1393266?gameHash=aa345693eaf8d0b9,2020,Regular Season
ESPORTSTMNT02/1393296,2020_LoL_esports_match_data_from_OraclesElixir.csv,LCK,Summer,0,http://matchhistory.na.leagueoflegends.com/en/#match-details/ESPORTSTMNT02/1393296?gameHash=20f99688f4293003,2020,Regular Season
ESPORTSTMNT02/1393306,2020_LoL_esports_match_data_from_OraclesElixir.csv,LCK,Summer,0,http://matchhistory.na.leagueoflegends.com/en/#match-details/ESPORTSTMNT02/1393306?gameHash=890d491f74b3d1fd,2020,Regular Season
ESPORTSTMNT02/1393318,2020_LoL_esports_match_data_from_OraclesElixir.csv,LCK,Summer,0,http://matchhistory.na.leagueoflegends.com/en/#match-details/ESPORTSTMNT02/1393318?gameHash=a855cab9fba3d970,2020,Regular Season
ESPORTSTMNT02/1393350,2020_LoL_esports_match_data_from_OraclesElixir.csv,LCK,Summer,0,http://matchhistory.na.leagueoflegends.com/en/#match-details/ESPORTSTMNT02/1393350?gameHash=e52cc9984acba26a,2020,Regular Season
ESPORTSTMNT02/1383936,2020_LoL_esports_match_data_from_OraclesElixir.csv,LCK,Summer,0,http://matchhistory.na.leagueoflegends.com/en/#match-details/ESPORTSTMNT02/1383936?gameHash=5d27dd14f5de27e0,2020,Regular Season
ESPORTSTMNT02/1383963,2020_LoL_esports_match_data_from_OraclesElixir.csv,LCK,Summer,0,http://matchhistory.na.leagueoflegends.com/en/#match-details/ESPORTSTMNT02/1383963?gameHash=83251da9e9008bb0,2020,Regular Season
ESPORTSTMNT02/1383967,2020_LoL_esports_match_data_from_OraclesElixir.csv,LCK,Summer,0,http://matchhistory.na.leagueoflegends.com/en/#match-details/ESPORTSTMNT02/1383967?gameHash=6c7fd18ddf29e214,2020,Regular Season
ESPORTSTMNT02/1383977,2020_LoL_esports_match_data_from_OraclesElixir.csv,LCK,Summer,0,http://matchhistory.na.leagueoflegends.com/en/#match-details/ESPORTSTMNT02/1383977?gameHash=159a85a362223ee1,2020,Regular Season
ESPORTSTMNT02/1384018,2020_LoL_esports_match_data_from_OraclesElixir.csv,LCK,Summer,0,http://matchhistory.na.leagueoflegends.com/en/#match-details/ESPORTSTMNT02/1384018?gameHash=9e6e5be5e6031680,2020,Regular Season
ESPORTSTMNT02/1384046,2020_LoL_esports_match_data_from_OraclesElixir.csv,LCK,Summer,0,http://matchhistory.na.leagueoflegends.com/en/#match-details/ESPORTSTMNT02/1384046?gameHash=0f8408439acfe4f6,2020,Regular Season
ESPORTSTMNT02/1394295,2020_LoL_esports_match_data_from_OraclesElixir.csv,LCK,Summer,0,http://matchhistory.na.leagueoflegends.com/en/#match-details/ESPORTSTMNT02/1394295?gameHash=2e0c311d450f2a65,2020,Regular Season
ESPORTSTMNT02/1394346,2020_LoL_esports_match_data_from_OraclesElixir.csv,LCK,Summer,0,http://matchhistory.na.leagueoflegends.com/en/#match-details/ESPORTSTMNT02/1394346?gameHash=e90a472befcb7cb0,2020,Regular Season
ESPORTSTMNT02/1394366,2020_LoL_esports_match_data_from_OraclesElixir.csv,LCK,Summer,0,http://matchhistory.na.leagueoflegends.com/en/#match-details/ESPORTSTMNT02/1394366?gameHash=3a1812f044cce9df,2020,Regular Season
ESPORTSTMNT02/1394376,2020_LoL_esports_match_data_from_OraclesElixir.csv,LCK,Summer,0,http://matchhistory.na.leagueoflegends.com/en/#match-details/ESPORTSTMNT02/1394376?gameHash=b1af9a14627de014,2020,Regular Season
ESPORTSTMNT02/1394402,2020_LoL_esports_match_data_from_OraclesElixir.csv,LCK,Summer,0,http://matchhistory.na.leagueoflegends.com/en/#match-details/ESPORTSTMNT02/1394402?gameHash=f0737feae9bc67df,2020,Regular Season
ESPORTSTMNT02/1384780,2020_LoL_esports_match_data_from_OraclesElixir.csv,LCK,Summer,0,http://matchhistory.na.leagueoflegends.com/en/#match-details/ESPORTSTMNT02/1384780?gameHash=e969fa9ee33a8eaa,2020,Regular Season
ESPORTSTMNT02/1384813,2020_LoL_esports_match_data_from_OraclesElixir.csv,LCK,Summer,0,http://matchhistory.na.leagueoflegends.com/en/#match-details/ESPORTSTMNT02/1384813?gameHash=5e4aea728cb0cd5c,2020,Regular Season
ESPORTSTMNT02/1384863,2020_LoL_esports_match_data_from_OraclesElixir.csv,LCK,Summer,0,http://matchhistory.na.leagueoflegends.com/en/#match-details/ESPORTSTMNT02/1384863?gameHash=e4a8ce971e4158eb,2020,Regular Season
ESPORTSTMNT02/1384878,2020_LoL_esports_match_data_from_OraclesElixir.csv,LCK,Summer,0,http://matchhistory.na.leagueoflegends.com/en/#match-details/ESPORTSTMNT02/1384878?gameHash=39f53842d5c3b2c0,2020,Regular Season
ESPORTSTMNT02/1385131,2020_LoL_esports_match_data_from_OraclesElixir.csv,LCK,Summer,0,http://matchhistory.na.leagueoflegends.com/en/#match-details/ESPORTSTMNT02/1385131?gameHash=754870b523eee2f8,2020,Regular Season
ESPORTSTMNT02/1385159,2020_LoL_esports_match_data_from_OraclesElixir.csv,LCK,Summer,0,http://matchhistory.na.leagueoflegends.com/en/#match-details/ESPORTSTMNT02/1385159?gameHash=ebb18a60151f01cf,2020,Regular Season
ESPORTSTMNT02/1385182,2020_LoL_esports_match_data_from_OraclesElixir.csv,LCK,Summer,0,http://matchhistory.na.leagueoflegends.com/en/#match-details/ESPORTSTMNT02/1385182?gameHash=d53a8427e4e81bc9,2020,Regular Season
ESPORTSTMNT02/1385241,2020_LoL_esports_match_data_from_OraclesElixir.csv,LCK,Summer,0,http://matchhistory.na.leagueoflegends.com/en/#match-details/ESPORTSTMNT02/1385241?gameHash=ca9f147b78ec92e7,2020,Regular Season
ESPORTSTMNT02/1385861,2020_LoL_esports_match_data_from_OraclesElixir.csv,LCK,Summer,0,http://matchhistory.na.leagueoflegends.com/en/#match-details/ESPORTSTMNT02/1385861?gameHash=6504c58669148474,2020,Regular Season
ESPORTSTMNT02/1385882,2020_LoL_esports_match_data_from_OraclesElixir.csv,LCK,Summer,0,http://matchhistory.na.leagueoflegends.com/en/#match-details/ESPORTSTMNT02/1385882?gameHash=456fe645fe60cef9,2020,Regular Season
ESPORTSTMNT02/1385895,2020_LoL_esports_match_data_from_OraclesElixir.csv,LCK,Summer,0,http://matchhistory.na.leagueoflegends.com/en/#match-details/ESPORTSTMNT02/1385895?gameHash=95103ac33ab5701f,2020,Regular Season
ESPORTSTMNT02/1385913,2020_LoL_esports_match_data_from_OraclesElixir.csv,LCK,Summer,0,http://matchhistory.na.leagueoflegends.com/en/#match-details/ESPORTSTMNT02/1385913?gameHash=73df66a8a7a68b64,2020,Regular Season
ESPORTSTMNT02/1395817,2020_LoL_esports_match_data_from_OraclesElixir.csv,LCK,Summer,0,http://matchhistory.na.leagueoflegends.com/en/#match-details/ESPORTSTMNT02/1395817?gameHash=dcb8443c05ae87d7,2020,Regular Season
ESPORTSTMNT02/1395842,2020_LoL_esports_match_data_from_OraclesElixir.csv,LCK,Summer,0,http://matchhistory.na.leagueoflegends.com/en/#match-details/ESPORTSTMNT02/1395842?gameHash=4df55c34ed74118a,2020,Regular Season
ESPORTSTMNT02/1395844,2020_LoL_esports_match_data_from_OraclesElixir.csv,LCK,Summer,0,http://matchhistory.na.leagueoflegends.com/en/#match-details/ESPORTSTMNT02/1395844?gameHash=051fd11440033a16,2020,Regular Season
ESPORTSTMNT02/1395870,2020_LoL_esports_match_data_from_OraclesElixir.csv,LCK,Summer,0,http://matchhistory.na.leagueoflegends.com/en/#match-details/ESPORTSTMNT02/1395870?gameHash=fa7d2699ab67ae03,2020,Regular Season
ESPORTSTMNT02/1386227,2020_LoL_esports_match_data_from_OraclesElixir.csv,LCK,Summer,0,http://matchhistory.na.leagueoflegends.com/en/#match-details/ESPORTSTMNT02/1386227?gameHash=4ed1d50f66354d4e,2020,Regular Season
ESPORTSTMNT02/1386265,2020_LoL_esports_match_data_from_OraclesElixir.csv,LCK,Summer,0,http://matchhistory.na.leagueoflegends.com/en/#match-details/ESPORTSTMNT02/1386265?gameHash=28672b433eb40a63,2020,Regular Season
ESPORTSTMNT02/1386267,2020_LoL_esports_match_data_from_OraclesElixir.csv,LCK,Summer,0,http://matchhistory.na.leagueoflegends.com/en/#match-details/ESPORTSTMNT02/1386267?gameHash=235b2a2ead57b497,2020,Regular Season
ESPORTSTMNT02/1386295,2020_LoL_esports_match_data_from_OraclesElixir.csv,LCK,Summer,0,http://matchhistory.na.leagueoflegends.com/en/#match-details/ESPORTSTMNT02/1386295?gameHash=6fcf0c2676c424a7,2020,Regular Season
ESPORTSTMNT02/1396074,2020_LoL_esports_match_data_from_OraclesElixir.csv,LCK,Summer,0,http://matchhistory.na.leagueoflegends.com/en/#match-details/ESPORTSTMNT02/1396074?gameHash=edc8282cfdb4aadb,2020,Regular Season
ESPORTSTMNT02/1396100,2020_LoL_esports_match_data_from_OraclesElixir.csv,LCK,Summer,0,http://matchhistory.na.leagueoflegends.com/en/#match-details/ESPORTSTMNT02/1396100?gameHash=bb6716e64123b293,2020,Regular Season
ESPORTSTMNT02/1396105,2020_LoL_esports_match_data_from_OraclesElixir.csv,LCK,Summer,0,http://matchhistory.na.leagueoflegends.com/en/#match-details/ESPORTSTMNT02/1396105?gameHash=2096cb8cc5b0ee30,2020,Regular Season
ESPORTSTMNT02/1396149,2020_LoL_esports_match_data_from_OraclesElixir.csv,LCK,Summer,0,http://matchhistory.na.leagueoflegends.com/en/#match-details/ESPORTSTMNT02/1396149?gameHash=aceb0c1ecb68dcf3,2020,Regular Season
ESPORTSTMNT02/1396154,2020_LoL_esports_match_data_from_OraclesElixir.csv,LCK,Summer,0,http://matchhistory.na.leagueoflegends.com/en/#match-details/ESPORTSTMNT02/1396154?gameHash=2a90c102236d6780,2020,Regular Season
ESPORTSTMNT02/1386473,2020_LoL_esports_match_data_from_OraclesElixir.csv,LCK,Summer,0,http://matchhistory.na.leagueoflegends.com/en/#match-details/ESPORTSTMNT02/1386473?gameHash=b4f3ba12055118d8,2020,Regular Season
ESPORTSTMNT02/1386488,2020_LoL_esports_match_data_from_OraclesElixir.csv,LCK,Summer,0,http://matchhistory.na.leagueoflegends.com/en/#match-details/ESPORTSTMNT02/1386488?gameHash=74acffcd43fc28e1,2020,Regular Season
ESPORTSTMNT02/1386489,2020_LoL_esports_match_data_from_OraclesElixir.csv,LCK,Summer,0,http://matchhistory.na.leagueoflegends.com/en/#match-details/ESPORTSTMNT02/1386489?gameHash=3f8635b78b2ce28d,2020,Regular Season
ESPORTSTMNT02/1386500,2020_LoL_esports_match_data_from_OraclesElixir.csv,LCK,Summer,0,http://matchhistory.na.leagueoflegends.com/en/#match-details/ESPORTSTMNT02/1386500?gameHash=bbbceb6bf2cb94af,2020,Regular Season
ESPORTSTMNT03/1412957,2020_LoL_esports_match_data_from_OraclesElixir.csv,LCK,Summer,0,http://matchhistory.na.leagueoflegends.com/en/#match-details/ESPORTSTMNT03/1412957?gameHash=aee104f5bfb512ed,2020,Regular Season
ESPORTSTMNT03/1412995,2020_LoL_esports_match_data_from_OraclesElixir.csv,LCK,Summer,0,http://matchhistory.na.leagueoflegends.com/en/#match-details/ESPORTSTMNT03/1412995?gameHash=77a791d414d7a128,2020,Regular Season
ESPORTSTMNT03/1413000,2020_LoL_esports_match_data_from_OraclesElixir.csv,LCK,Summer,0,http://matchhistory.na.leagueoflegends.com/en/#match-details/ESPORTSTMNT03/1413000?gameHash=d7085cb67aac848c,2020,Regular Season
ESPORTSTMNT03/1413012,2020_LoL_esports_match_data_from_OraclesElixir.csv,LCK,Summer,0,http://matchhistory.na.leagueoflegends.com/en/#match-details/ESPORTSTMNT03/1413012?gameHash=ce4a518c45658471,2020,Regular Season
ESPORTSTMNT03/1413045,2020_LoL_esports_match_data_from_OraclesElixir.csv,LCK,Summer,0,http://matchhistory.na.leagueoflegends.com/en/#match-details/ESPORTSTMNT03/1413045?gameHash=a7efd6b599fc8ee1,2020,Regular Season
ESPORTSTMNT03/1403547,2020_LoL_esports_match_data_from_OraclesElixir.csv,LCK,Summer,0,http://matchhistory.na.leagueoflegends.com/en/#match-details/ESPORTSTMNT03/1403547?gameHash=d9369ff1dfe59e93,2020,Regular Season
ESPORTSTMNT03/1403600,2020_LoL_esports_match_data_from_OraclesElixir.csv,LCK,Summer,0,http://matchhistory.na.leagueoflegends.com/en/#match-details/ESPORTSTMNT03/1403600?gameHash=77025f9130b37464,2020,Regular Season
ESPORTSTMNT03/1403610,2020_LoL_esports_match_data_from_OraclesElixir.csv,LCK,Summer,0,http://matchhistory.na.leagueoflegends.com/en/#match-details/ESPORTSTMNT03/1403610?gameHash=1db1c75001f72a12,2020,Regular Season
ESPORTSTMNT03/1403647,2020_LoL_esports_match_data_from_OraclesElixir.csv,LCK,Summer,0,http://matchhistory.na.leagueoflegends.com/en/#match-details/ESPORTSTMNT03/1403647?gameHash=e46d7a3120d32e29,2020,Regular Season
ESPORTSTMNT03/1404039,2020_LoL_esports_match_data_from_OraclesElixir.csv,LCK,Summer,0,http://matchhistory.na.leagueoflegends.com/en/#match-details/ESPORTSTMNT03/1404039?gameHash=6f5bc6af4a587f20,2020,Regular Season
ESPORTSTMNT03/1404085,2020_LoL_esports_match_data_from_OraclesElixir.csv,LCK,Summer,0,http://matchhistory.na.leagueoflegends.com/en/#match-details/ESPORTSTMNT03/1404085?gameHash=923833c4a698ab4c,2020,Regular Season
ESPORTSTMNT03/1404095,2020_LoL_esports_match_data_from_OraclesElixir.csv,LCK,Summer,0,http://matchhistory.na.leagueoflegends.com/en/#match-details/ESPORTSTMNT03/1404095?gameHash=fb875dd6bdaef254,2020,Regular Season
ESPORTSTMNT03/1404129,2020_LoL_esports_match_data_from_OraclesElixir.csv,LCK,Summer,0,http://matchhistory.na.leagueoflegends.com/en/#match-details/ESPORTSTMNT03/1404129?gameHash=22bcdb444e00c3c3,2020,Regular Season
ESPORTSTMNT03/1404383,2020_LoL_esports_match_data_from_OraclesElixir.csv,LCK,Summer,0,http://matchhistory.na.leagueoflegends.com/en/#match-details/ESPORTSTMNT03/1404383?gameHash=be7d31710ba81513,2020,Regular Season
ESPORTSTMNT03/1404443,2020_LoL_esports_match_data_from_OraclesElixir.csv,LCK,Summer,0,http://matchhistory.na.leagueoflegends.com/en/#match-details/ESPORTSTMNT03/1404443?gameHash=c630d275744fc1d1,2020,Regular Season
ESPORTSTMNT03/1404460,2020_LoL_esports_match_data_from_OraclesElixir.csv,LCK,Summer,0,http://matchhistory.na.leagueoflegends.com/en/#match-details/ESPORTSTMNT03/1404460?gameHash=bc2b11ba5b985792,2020,Regular Season
ESPORTSTMNT03/1404479,2020_LoL_esports_match_data_from_OraclesElixir.csv,LCK,Summer,0,http://matchhistory.na.leagueoflegends.com/en/#match-details/ESPORTSTMNT03/1404479?gameHash=11827e511a49c8d6,2020,Regular Season
ESPORTSTMNT03/1404522,2020_LoL_esports_match_data_from_OraclesElixir.csv,LCK,Summer,0,http://matchhistory.na.leagueoflegends.com/en/#match-details/ESPORTSTMNT03/1404522?gameHash=c9182c9dd039efcb,2020,Regular Season
ESPORTSTMNT03/1414400,2020_LoL_esports_match_data_from_OraclesElixir.csv,LCK,Summer,0,https://matchhistory.na.leagueoflegends.com/en/#match-details/ESPORTSTMNT03/1414400?gameHash=44b20cc933984182,2020,Regular Season
ESPORTSTMNT03/1414435,2020_LoL_esports_match_data_from_OraclesElixir.csv,LCK,Summer,0,https://matchhistory.na.leagueoflegends.com/en/#match-details/ESPORTSTMNT03/1414435?gameHash=6890780a55ef081b,2020,Regular Season
ESPORTSTMNT03/1414446,2020_LoL_esports_match_data_from_OraclesElixir.csv,LCK,Summer,0,http://matchhistory.na.leagueoflegends.com/en/#match-details/ESPORTSTMNT03/1414446?gameHash=d146c38f2bd1855f,2020,Regular Season
ESPORTSTMNT03/1414469,2020_LoL_esports_match_data_from_OraclesElixir.csv,LCK,Summer,0,http://matchhistory.na.leagueoflegends.com/en/#match-details/ESPORTSTMNT03/1414469?gameHash=95ecb1ab9e887334,2020,Regular Season
ESPORTSTMNT03/1414505,2020_LoL_esports_match_data_from_OraclesElixir.csv,LCK,Summer,0,http://matchhistory.na.leagueoflegends.com/en/#match-details/ESPORTSTMNT03/1414505?gameHash=ec68e0fe289b3329,2020,Regular Season
ESPORTSTMNT03/1405438,2020_LoL_esports_match_data_from_OraclesElixir.csv,LCK,Summer,0,http://matchhistory.na.leagueoflegends.com/en/#match-details/ESPORTSTMNT03/1405438?gameHash=11077cdb509fe5cb,2020,Regular Season
ESPORTSTMNT03/1405459,2020_LoL_esports_match_data_from_OraclesElixir.csv,LCK,Summer,0,http://matchhistory.na.leagueoflegends.com/en/#match-details/ESPORTSTMNT03/1405459?gameHash=fe71a3bea0d16f1d,2020,Regular Season
ESPORTSTMNT03/1405461,2020_LoL_esports_match_data_from_OraclesElixir.csv,LCK,Summer,0,http://matchhistory.na.leagueoflegends.com/en/#match-details/ESPORTSTMNT03/1405461?gameHash=41072433a751d31c,2020,Regular Season
ESPORTSTMNT03/1405504,2020_LoL_esports_match_data_from_OraclesElixir.csv,LCK,Summer,0,http://matchhistory.na.leagueoflegends.com/en/#match-details/ESPORTSTMNT03/1405504?gameHash=9c89103940117e19,2020,Regular Season
ESPORTSTMNT03/1405626,2020_LoL_esports_match_data_from_OraclesElixir.csv,LCK,Summer,0,http://matchhistory.na.leagueoflegends.com/en/#match-details/ESPORTSTMNT03/1405626?gameHash=ccbf2e62827f7f84,2020,Regular Season
ESPORTSTMNT03/1405659,2020_LoL_esports_match_data_from_OraclesElixir.csv,LCK,Summer,0,http://matchhistory.na.leagueoflegends.com/en/#match-details/ESPORTSTMNT03/1405659?gameHash=1e7b2a8c68416af3,2020,Regular Season
ESPORTSTMNT03/1405661,2020_LoL_esports_match_data_from_OraclesElixir.csv,LCK,Summer,0,http://matchhistory.na.leagueoflegends.com/en/#match-details/ESPORTSTMNT03/1405661?gameHash=b5bb54d7836abba4,2020,Regular Season
ESPORTSTMNT03/1405678,2020_LoL_esports_match_data_from_OraclesElixir.csv,LCK,Summer,0,http://matchhistory.na.leagueoflegends.com/en/#match-details/ESPORTSTMNT03/1405678?gameHash=a72b03fd964b1eb0,2020,Regular Season
ESPORTSTMNT03/1405687,2020_LoL_esports_match_data_from_OraclesElixir.csv,LCK,Summer,0,http://matchhistory.na.leagueoflegends.com/en/#match-details/ESPORTSTMNT03/1405687?gameHash=602271146b5cd6df,2020,Regular Season
ESPORTSTMNT03/1415548,2020_LoL_esports_match_data_from_OraclesElixir.csv,LCK,Summer,0,http://matchhistory.na.leagueoflegends.com/en/#match-details/ESPORTSTMNT03/1415548?gameHash=7d9f1f7dd72aae68,2020,Regular Season
ESPORTSTMNT03/1415585,2020_LoL_esports_match_data_from_OraclesElixir.csv,LCK,Summer,0,http://matchhistory.na.leagueoflegends.com/en/#match-details/ESPORTSTMNT03/1415585?gameHash=17e2b0606bb09afd,2020,Regular Season
ESPORTSTMNT03/1415593,2020_LoL_esports_match_data_from_OraclesElixir.csv,LCK,Summer,0,http://matchhistory.na.leagueoflegends.com/en/#match-details/ESPORTSTMNT03/1415593?gameHash=8c845905d0f91d80,2020,Regular Season
ESPORTSTMNT03/1415624,2020_LoL_esports_match_data_from_OraclesElixir.csv,LCK,Summer,0,http://matchhistory.na.leagueoflegends.com/en/#match-details/ESPORTSTMNT03/1415624?gameHash=0e53c07700de857a,2020,Regular Season
ESPORTSTMNT03/1415661,2020_LoL_esports_match_data_from_OraclesElixir.csv,LCK,Summer,0,http://matchhistory.na.leagueoflegends.com/en/#match-details/ESPORTSTMNT03/1415661?gameHash=820e2c503fcd6e79,2020,Regular Season
ESPORTSTMNT03/1415688,2020_LoL_esports_match_data_from_OraclesElixir.csv,LCK,Summer,0,http://matchhistory.na.leagueoflegends.com/en/#match-details/ESPORTSTMNT03/1415688?gameHash=6b43ae09f407d286,2020,Regular Season
ESPORTSTMNT03/1415705,2020_LoL_esports_match_data_from_OraclesElixir.csv,LCK,Summer,0,http://matchhistory.na.leagueoflegends.com/en/#match-details/ESPORTSTMNT03/1415705?gameHash=6f2e9ebb1ff1e99a,2020,Regular Season
ESPORTSTMNT03/1415723,2020_LoL_esports_match_data_from_OraclesElixir.csv,LCK,Summer,0,http://matchhistory.na.leagueoflegends.com/en/#match-details/ESPORTSTMNT03/1415723?gameHash=4a179b74b8d6ace7,2020,Regular Season
ESPORTSTMNT03/1415775,2020_LoL_esports_match_data_from_OraclesElixir.csv,LCK,Summer,0,https://matchhistory.na.leagueoflegends.com/en/#match-details/ESPORTSTMNT03/1415775?gameHash=d9da2f6672c40ea0,2020,Regular Season
ESPORTSTMNT03/1415780,2020_LoL_esports_match_data_from_OraclesElixir.csv,LCK,Summer,0,https://matchhistory.na.leagueoflegends.com/en/#match-details/ESPORTSTMNT03/1415780?gameHash=bfd28c4ead58e91a,2020,Regular Season
ESPORTSTMNT03/1415803,2020_LoL_esports_match_data_from_OraclesElixir.csv,LCK,Summer,0,http://matchhistory.na.leagueoflegends.com/en/#match-details/ESPORTSTMNT03/1415803?gameHash=2fcc9cd9abf4de54,2020,Regular Season
ESPORTSTMNT03/1415806,2020_LoL_esports_match_data_from_OraclesElixir.csv,LCK,Summer,0,http://matchhistory.na.leagueoflegends.com/en/#match-details/ESPORTSTMNT03/1415806?gameHash=b51b43feb85f51e3,2020,Regular Season
ESPORTSTMNT03/1415826,2020_LoL_esports_match_data_from_OraclesElixir.csv,LCK,Summer,0,http://matchhistory.na.leagueoflegends.com/en/#match-details/ESPORTSTMNT03/1415826?gameHash=df90a9c9628ae505,2020,Regular Season
ESPORTSTMNT01/1433876,2020_LoL_esports_match_data_from_OraclesElixir.csv,LCK,Summer,0,http://matchhistory.na.leagueoflegends.com/en/#match-details/ESPORTSTMNT01/1433876?gameHash=a264c7f736c998b1,2020,Regular Season
ESPORTSTMNT01/1433919,2020_LoL_esports_match_data_from_OraclesElixir.csv,LCK,Summer,0,http://matchhistory.na.leagueoflegends.com/en/#match-details/ESPORTSTMNT01/1433919?gameHash=a19ed2af5e24662b,2020,Regular Season
ESPORTSTMNT01/1433923,2020_LoL_esports_match_data_from_OraclesElixir.csv,LCK,Summer,0,http://matchhistory.na.leagueoflegends.com/en/#match-details/ESPORTSTMNT01/1433923?gameHash=b64d80860b5a8bdf,2020,Regular Season
ESPORTSTMNT01/1433946,2020_LoL_esports_match_data_from_OraclesElixir.csv,LCK,Summer,0,http://matchhistory.na.leagueoflegends.com/en/#match-details/ESPORTSTMNT01/1433946?gameHash=616c79148dc49436,2020,Regular Season
ESPORTSTMNT01/1433997,2020_LoL_esports_match_data_from_OraclesElixir.csv,LCK,Summer,0,http://matchhistory.na.leagueoflegends.com/en/#match-details/ESPORTSTMNT01/1433997?gameHash=c4bf54b6019e52d8,2020,Regular Season
ESPORTSTMNT01/1424245,2020_LoL_esports_match_data_from_OraclesElixir.csv,LCK,Summer,0,http://matchhistory.na.leagueoflegends.com/en/#match-details/ESPORTSTMNT01/1424245?gameHash=11db4d8585336da3,2020,Regular Season
ESPORTSTMNT01/1424290,2020_LoL_esports_match_data_from_OraclesElixir.csv,LCK,Summer,0,http://matchhistory.na.leagueoflegends.com/en/#match-details/ESPORTSTMNT01/1424290?gameHash=483efd1e81d4cbf0,2020,Regular Season
ESPORTSTMNT01/1424300,2020_LoL_esports_match_data_from_OraclesElixir.csv,LCK,Summer,0,http://matchhistory.na.leagueoflegends.com/en/#match-details/ESPORTSTMNT01/1424300?gameHash=7db7d90107e60484,2020,Regular Season
ESPORTSTMNT01/1424337,2020_LoL_esports_match_data_from_OraclesElixir.csv,LCK,Summer,0,http://matchhistory.na.leagueoflegends.com/en/#match-details/ESPORTSTMNT01/1424337?gameHash=44fa856565b94b02,2020,Regular Season
ESPORTSTMNT01/1434787,2020_LoL_esports_match_data_from_OraclesElixir.csv,LCK,Summer,0,http://matchhistory.na.leagueoflegends.com/en/#match-details/ESPORTSTMNT01/1434787?gameHash=954af9f6a96943bc,2020,Regular Season
ESPORTSTMNT01/1434797,2020_LoL_esports_match_data_from_OraclesElixir.csv,LCK,Summer,0,http://matchhistory.na.leagueoflegends.com/en/#match-details/ESPORTSTMNT01/1434797?gameHash=951d158ce851307e,2020,Regular Season
ESPORTSTMNT01/1434800,2020_LoL_esports_match_data_from_OraclesElixir.csv,LCK,Summer,0,http://matchhistory.na.leagueoflegends.com/en/#match-details/ESPORTSTMNT01/1434800?gameHash=24b4482e202635f8,2020,Regular Season
ESPORTSTMNT01/1434821,2020_LoL_esports_match_data_from_OraclesElixir.csv,LCK,Summer,0,http://matchhistory.na.leagueoflegends.com/en/#match-details/ESPORTSTMNT01/1434821?gameHash=394abef5581f6491,2020,Regular Season
ESPORTSTMNT01/1434854,2020_LoL_esports_match_data_from_OraclesElixir.csv,LCK,Summer,0,http://matchhistory.na.leagueoflegends.com/en/#match-details/ESPORTSTMNT01/1434854?gameHash=12b507cc1571eca5,2020,Regular Season
ESPORTSTMNT01/1434878,2020_LoL_esports_match_data_from_OraclesElixir.csv,LCK,Summer,0,http://matchhistory.na.leagueoflegends.com/en/#match-details/ESPORTSTMNT01/1434878?gameHash=ea78cf48eca15bda,2020,Regular Season
ESPORTSTMNT01/1435111,2020_LoL_esports_match_data_from_OraclesElixir.csv,LCK,Summer,0,http://matchhistory.na.leagueoflegends.com/en/#match-details/ESPORTSTMNT01/1435111?gameHash=778bb8032e764257,2020,Regular Season
ESPORTSTMNT01/1435174,2020_LoL_esports_match_data_from_OraclesElixir.csv,LCK,Summer,0,http://matchhistory.na.leagueoflegends.com/en/#match-details/ESPORTSTMNT01/1435174?gameHash=0b278ae5f30d4c2b,2020,Regular Season
ESPORTSTMNT01/1435199,2020_LoL_esports_match_data_from_OraclesElixir.csv,LCK,Summer,0,http://matchhistory.na.leagueoflegends.com/en/#match-details/ESPORTSTMNT01/1435199?gameHash=49959a09a3d04517,2020,Regular Season
ESPORTSTMNT01/1435224,2020_LoL_esports_match_data_from_OraclesElixir.csv,LCK,Summer,0,http://matchhistory.na.leagueoflegends.com/en/#match-details/ESPORTSTMNT01/1435224?gameHash=41745b0c7571be58,2020,Regular Season
ESPORTSTMNT01/1435244,2020_LoL_esports_match_data_from_OraclesElixir.csv,LCK,Summer,0,http://matchhistory.na.leagueoflegends.com/en/#match-details/ESPORTSTMNT01/1435244?gameHash=e0ff0c6f56302be6,2020,Regular Season
ESPORTSTMNT01/1425732,2020_LoL_esports_match_data_from_OraclesElixir.csv,LCK,Summer,0,http://matchhistory.na.leagueoflegends.com/en/#match-details/ESPORTSTMNT01/1425732?gameHash=4426f54c1ac00d57,2020,Regular Season
ESPORTSTMNT01/1425770,2020_LoL_esports_match_data_from_OraclesElixir.csv,LCK,Summer,0,http://matchhistory.na.leagueoflegends.com/en/#match-details/ESPORTSTMNT01/1425770?gameHash=807a96dad075b1cd,2020,Regular Season
ESPORTSTMNT01/1425772,2020_LoL_esports_match_data_from_OraclesElixir.csv,LCK,Summer,0,http://matchhistory.na.leagueoflegends.com/en/#match-details/ESPORTSTMNT01/1425772?gameHash=49ea72f8d4112b90,2020,Regular Season
ESPORTSTMNT01/1425804,2020_LoL_esports_match_data_from_OraclesElixir.csv,LCK,Summer,0,http://matchhistory.na.leagueoflegends.com/en/#match-details/ESPORTSTMNT01/1425804?gameHash=6e8f6d037c9a94a2,2020,Regular Season
ESPORTSTMNT01/1436290,2020_LoL_esports_match_data_from_OraclesElixir.csv,LCK,Summer,0,http://matchhistory.na.leagueoflegends.com/en/#match-details/ESPORTSTMNT01/1436290?gameHash=f4e3ab40ca4e608b,2020,Regular Season
ESPORTSTMNT01/1436333,2020_LoL_esports_match_data_from_OraclesElixir.csv,LCK,Summer,0,http://matchhistory.na.leagueoflegends.com/en/#match-details/ESPORTSTMNT01/1436333?gameHash=47489a8a844b67ec,2020,Regular Season
ESPORTSTMNT01/1436351,2020_LoL_esports_match_data_from_OraclesElixir.csv,LCK,Summer,0,http://matchhistory.na.leagueoflegends.com/en/#match-details/ESPORTSTMNT01/1436351?gameHash=bb303ea1cef978dd,2020,Regular Season
ESPORTSTMNT01/1436377,2020_LoL_esports_match_data_from_OraclesElixir.csv,LCK,Summer,0,http://matchhistory.na.leagueoflegends.com/en/#match-details/ESPORTSTMNT01/1436377?gameHash=7056f709d86f1606,2020,Regular Season
ESPORTSTMNT01/1436394,2020_LoL_esports_match_data_from_OraclesElixir.csv,LCK,Summer,0,http://matchhistory.na.leagueoflegends.com/en/#match-details/ESPORTSTMNT01/1436394?gameHash=48ae29d428cb6ef8,2020,Regular Season
ESPORTSTMNT01/1426060,2020_LoL_esports_match_data_from_OraclesElixir.csv,LCK,Summer,0,http://matchhistory.na.leagueoflegends.com/en/#match-details/ESPORTSTMNT01/1426060?gameHash=0ce64b508e6166d4,2020,Regular Season
ESPORTSTMNT01/1426081,2020_LoL_esports_match_data_from_OraclesElixir.csv,LCK,Summer,0,http://matchhistory.na.leagueoflegends.com/en/#match-details/ESPORTSTMNT01/1426081?gameHash=ce32afa0af59d2e4,2020,Regular Season
ESPORTSTMNT01/1426092,2020_LoL_esports_match_data_from_OraclesElixir.csv,LCK,Summer,0,http://matchhistory.na.leagueoflegends.com/en/#match-details/ESPORTSTMNT01/1426092?gameHash=53160ed9bca12413,2020,Regular Season
ESPORTSTMNT01/1426113,2020_LoL_esports_match_data_from_OraclesElixir.csv,LCK,Summer,0,http://matchhistory.na.leagueoflegends.com/en/#match-details/ESPORTSTMNT01/1426113?gameHash=1e0e5d2632c006bb,2020,Regular Season
ESPORTSTMNT01/1436575,2020_LoL_esports_match_data_from_OraclesElixir.csv,LCK,Summer,0,http://matchhistory.na.leagueoflegends.com/en/#match-details/ESPORTSTMNT01/1436575?gameHash=f5b177f4649519ef,2020,Regular Season
ESPORTSTMNT01/1436576,2020_LoL_esports_match_data_from_OraclesElixir.csv,LCK,Summer,0,http://matchhistory.na.leagueoflegends.com/en/#match-details/ESPORTSTMNT01/1436576?gameHash=b4c0ba121932e432,2020,Regular Season
ESPORTSTMNT01/1436582,2020_LoL_esports_match_data_from_OraclesElixir.csv,LCK,Summer,0,http://matchhistory.na.leagueoflegends.com/en/#match-details/ESPORTSTMNT01/1436582?gameHash=849f145a619e35b9,2020,Regular Season
ESPORTSTMNT01/1436622,2020_LoL_esports_match_data_from_OraclesElixir.csv,LCK,Summer,0,http://matchhistory.na.leagueoflegends.com/en/#match-details/ESPORTSTMNT01/1436622?gameHash=cc0aa11002958357,2020,Regular Season
ESPORTSTMNT02/1403191,2020_LoL_esports_match_data_from_OraclesElixir.csv,LCK,Summer,0,http://matchhistory.na.leagueoflegends.com/en/#match-details/ESPORTSTMNT02/1403191?gameHash=ecf42b15cdc6bfff,2020,Regular Season
ESPORTSTMNT02/1403220,2020_LoL_esports_match_data_from_OraclesElixir.csv,LCK,Summer,0,http://matchhistory.na.leagueoflegends.com/en/#match-details/ESPORTSTMNT02/1403220?gameHash=d7c3129a358d9457,2020,Regular Season
ESPORTSTMNT02/1403226,2020_LoL_esports_match_data_from_OraclesElixir.csv,LCK,Summer,0,http://matchhistory.na.leagueoflegends.com/en/#match-details/ESPORTSTMNT02/1403226?gameHash=3e3aa970457bf14a,2020,Regular Season
ESPORTSTMNT02/1403233,2020_LoL_esports_match_data_from_OraclesElixir.csv,LCK,Summer,0,http://matchhistory.na.leagueoflegends.com/en/#match-details/ESPORTSTMNT02/1403233?gameHash=e7b638038a890797,2020,Regular Season
ESPORTSTMNT02/1403265,2020_LoL_esports_match_data_from_OraclesElixir.csv,LCK,Summer,0,http://matchhistory.na.leagueoflegends.com/en/#match-details/ESPORTSTMNT02/1403265?gameHash=8b8eaff0374ed576,2020,Regular Season
ESPORTSTMNT02/1413453,2020_LoL_esports_match_data_from_OraclesElixir.csv,LCK,Summer,0,http://matchhistory.na.leagueoflegends.com/en/#match-details/ESPORTSTMNT02/1413453?gameHash=897f8a983480512b,2020,Regular Season
ESPORTSTMNT02/1413490,2020_LoL_esports_match_data_from_OraclesElixir.csv,LCK,Summer,0,http://matchhistory.na.leagueoflegends.com/en/#match-details/ESPORTSTMNT02/1413490?gameHash=bd60a7df0359c7c7,2020,Regular Season
ESPORTSTMNT02/1413514,2020_LoL_esports_match_data_from_OraclesElixir.csv,LCK,Summer,0,http://matchhistory.na.leagueoflegends.com/en/#match-details/ESPORTSTMNT02/1413514?gameHash=28f8538b64006dd3,2020,Regular Season
ESPORTSTMNT02/1413537,2020_LoL_esports_match_data_from_OraclesElixir.csv,LCK,Summer,0,http://matchhistory.na.leagueoflegends.com/en/#match-details/ESPORTSTMNT02/1413537?gameHash=5dd2b153945ea73e,2020,Regular Season
ESPORTSTMNT02/1413560,2020_LoL_esports_match_data_from_OraclesElixir.csv,LCK,Summer,0,http://matchhistory.na.leagueoflegends.com/en/#match-details/ESPORTSTMNT02/1413560?gameHash=f520c09663c33e96,2020,Regular Season
ESPORTSTMNT02/1413582,2020_LoL_esports_match_data_from_OraclesElixir.csv,LCK,Summer,0,http://matchhistory.na.leagueoflegends.com/en/#match-details/ESPORTSTMNT02/1413582?gameHash=f704606fa3a2ea6d,2020,Regular Season
ESPORTSTMNT02/1403890,2020_LoL_esports_match_data_from_OraclesElixir.csv,LCK,Summer,0,http://matchhistory.na.leagueoflegends.com/en/#match-details/ESPORTSTMNT02/1403890?gameHash=0def185c1e5ee9d4,2020,Regular Season
ESPORTSTMNT02/1403916,2020_LoL_esports_match_data_from_OraclesElixir.csv,LCK,Summer,0,http://matchhistory.na.leagueoflegends.com/en/#match-details/ESPORTSTMNT02/1403916?gameHash=090df3e3cedca1f1,2020,Regular Season
ESPORTSTMNT02/1403931,2020_LoL_esports_match_data_from_OraclesElixir.csv,LCK,Summer,0,http://matchhistory.na.leagueoflegends.com/en/#match-details/ESPORTSTMNT02/1403931?gameHash=e6127891c5c97a41,2020,Regular Season
ESPORTSTMNT02/1403961,2020_LoL_esports_match_data_from_OraclesElixir.csv,LCK,Summer,0,http://matchhistory.na.leagueoflegends.com/en/#match-details/ESPORTSTMNT02/1403961?gameHash=da8603dd97863544,2020,Regular Season
ESPORTSTMNT02/1404158,2020_LoL_esports_match_data_from_OraclesElixir.csv,LCK,Summer,0,http://matchhistory.na.leagueoflegends.com/en/#match-details/ESPORTSTMNT02/1404158?gameHash=9ace9e4cf636f70a,2020,Regular Season
ESPORTSTMNT02/1404192,2020_LoL_esports_match_data_from_OraclesElixir.csv,LCK,Summer,0,http://matchhistory.na.leagueoflegends.com/en/#match-details/ESPORTSTMNT02/1404192?gameHash=75ebfd6d18d72ebd,2020,Regular Season
ESPORTSTMNT02/1404209,2020_LoL_esports_match_data_from_OraclesElixir.csv,LCK,Summer,0,http://matchhistory.na.leagueoflegends.com/en/#match-details/ESPORTSTMNT02/1404209?gameHash=af0b75216dcd19e3,2020,Regular Season
ESPORTSTMNT02/1404245,2020_LoL_esports_match_data_from_OraclesElixir.csv,LCK,Summer,0,http://matchhistory.na.leagueoflegends.com/en/#match-details/ESPORTSTMNT02/1404245?gameHash=229d0e9d7c9b2768,2020,Regular Season
ESPORTSTMNT02/1404260,2020_LoL_esports_match_data_from_OraclesElixir.csv,LCK,Summer,0,http://matchhistory.na.leagueoflegends.com/en/#match-details/ESPORTSTMNT02/1404260?gameHash=8c4125c1d3de9b6a,2020,Regular Season
ESPORTSTMNT02/1414834,2020_LoL_esports_match_data_from_OraclesElixir.csv,LCK,Summer,0,http://matchhistory.na.leagueoflegends.com/en/#match-details/ESPORTSTMNT02/1414834?gameHash=daaeaac74bb535f8,2020,Regular Season
ESPORTSTMNT02/1414857,2020_LoL_esports_match_data_from_OraclesElixir.csv,LCK,Summer,0,http://matchhistory.na.leagueoflegends.com/en/#match-details/ESPORTSTMNT02/1414857?gameHash=b8c42027213877a3,2020,Regular Season
ESPORTSTMNT02/1414873,2020_LoL_esports_match_data_from_OraclesElixir.csv,LCK,Summer,0,http://matchhistory.na.leagueoflegends.com/en/#match-details/ESPORTSTMNT02/1414873?gameHash=65ce8146f877dbf4,2020,Regular Season
ESPORTSTMNT02/1414883,2020_LoL_esports_match_data_from_OraclesElixir.csv,LCK,Summer,0,http://matchhistory.na.leagueoflegends.com/en/#match-details/ESPORTSTMNT02/1414883?gameHash=a258dfe68d368000,2020,Regular Season
ESPORTSTMNT02/1414913,2020_LoL_esports_match_data_from_OraclesElixir.csv,LCK,Summer,0,http://matchhistory.na.leagueoflegends.com/en/#match-details/ESPORTSTMNT02/1414913?gameHash=7d3c520c70f0ae98,2020,Regular Season
ESPORTSTMNT02/1405142,2020_LoL_esports_match_data_from_OraclesElixir.csv,LCK,Summer,0,http://matchhistory.na.leagueoflegends.com/en/#match-details/ESPORTSTMNT02/1405142?gameHash=d7371bc9ebf8f220,2020,Regular Season
ESPORTSTMNT02/1405151,2020_LoL_esports_match_data_from_OraclesElixir.csv,LCK,Summer,0,http://matchhistory.na.leagueoflegends.com/en/#match-details/ESPORTSTMNT02/1405151?gameHash=a3b2ce9b16fae1ea,2020,Regular Season
ESPORTSTMNT02/1405166,2020_LoL_esports_match_data_from_OraclesElixir.csv,LCK,Summer,0,http://matchhistory.na.leagueoflegends.com/en/#match-details/ESPORTSTMNT02/1405166?gameHash=fea80532c1b2d748,2020,Regular Season
ESPORTSTMNT02/1405195,2020_LoL_esports_match_data_from_OraclesElixir.csv,LCK,Summer,0,http://matchhistory.na.leagueoflegends.com/en/#match-details/ESPORTSTMNT02/1405195?gameHash=2a6909bd8333201e,2020,Regular Season
ESPORTSTMNT02/1415076,2020_LoL_esports_match_data_from_OraclesElixir.csv,LCK,Summer,0,http://matchhistory.na.leagueoflegends.com/en/#match-details/ESPORTSTMNT02/1415076?gameHash=f5f317d64271a508,2020,Regular Season
ESPORTSTMNT02/1415086,2020_LoL_esports_match_data_from_OraclesElixir.csv,LCK,Summer,0,http://matchhistory.na.leagueoflegends.com/en/#match-details/ESPORTSTMNT02/1415086?gameHash=9f4f3d10145e545f,2020,Regular Season
ESPORTSTMNT02/1415097,2020_LoL_esports_match_data_from_OraclesElixir.csv,LCK,Summer,0,http://matchhistory.na.leagueoflegends.com/en/#match-details/ESPORTSTMNT02/1415097?gameHash=23b961a3962ffddf,2020,Regular Season
ESPORTSTMNT02/1415116,2020_LoL_esports_match_data_from_OraclesElixir.csv,LCK,Summer,0,http://matchhistory.na.leagueoflegends.com/en/#match-details/ESPORTSTMNT02/1415116?gameHash=c31e87747bcd9591,2020,Regular Season
ESPORTSTMNT02/1415120,2020_LoL_esports_match_data_from_OraclesElixir.csv,LCK,Summer,0,http://matchhistory.na.leagueoflegends.com/en/#match-details/ESPORTSTMNT02/1415120?gameHash=74670ecbcf0db199,2020,Regular Season
ESPORTSTMNT02/1405416,2020_LoL_esports_match_data_from_OraclesElixir.csv,LCK,Summer,0,https://matchhistory.na.leagueoflegends.com/en/#match-details/ESPORTSTMNT02/1405416?gameHash=31d36f7557e0491d,2020,Regular Season
ESPORTSTMNT02/1405437,2020_LoL_esports_match_data_from_OraclesElixir.csv,LCK,Summer,0,https://matchhistory.na.leagueoflegends.com/en/#match-details/ESPORTSTMNT02/1405437?gameHash=bf9b48e9cde750c6,2020,Regular Season
ESPORTSTMNT02/1405442,2020_LoL_esports_match_data_from_OraclesElixir.csv,LCK,Summer,0,http://matchhistory.na.leagueoflegends.com/en/#match-details/ESPORTSTMNT02/1405442?gameHash=8c8e05a89c7549ed,2020,Regular Season
ESPORTSTMNT02/1405467,2020_LoL_esports_match_data_from_OraclesElixir.csv,LCK,Summer,0,http://matchhistory.na.leagueoflegends.com/en/#match-details/ESPORTSTMNT02/1405467?gameHash=f802be129491ee0b,2020,Regular Season
ESPORTSTMNT02/1405477,2020_LoL_esports_match_data_from_OraclesElixir.csv,LCK,Summer,0,http://matchhistory.na.leagueoflegends.com/en/#match-details/ESPORTSTMNT02/1405477?gameHash=a494f4ef4cc4c545,2020,Regular Season
ESPORTSTMNT03/1431586,2020_LoL_esports_match_data_from_OraclesElixir.csv,LCK,Summer,0,http://matchhistory.na.leagueoflegends.com/en/#match-details/ESPORTSTMNT03/1431586?gameHash=7c05342d272466ca,2020,Regular Season
ESPORTSTMNT03/1431616,2020_LoL_esports_match_data_from_OraclesElixir.csv,LCK,Summer,0,http://matchhistory.na.leagueoflegends.com/en/#match-details/ESPORTSTMNT03/1431616?gameHash=493abf55fb13666b,2020,Regular Season
ESPORTSTMNT03/1431635,2020_LoL_esports_match_data_from_OraclesElixir.csv,LCK,Summer,0,http://matchhistory.na.leagueoflegends.com/en/#match-details/ESPORTSTMNT03/1431635?gameHash=f366da4ab4dda35c,2020,Regular Season
ESPORTSTMNT03/1431664,2020_LoL_esports_match_data_from_OraclesElixir.csv,LCK,Summer,0,http://matchhistory.na.leagueoflegends.com/en/#match-details/ESPORTSTMNT03/1431664?gameHash=a7ed4d90e9dafc22,2020,Regular Season
ESPORTSTMNT03/1431675,2020_LoL_esports_match_data_from_OraclesElixir.csv,LCK,Summer,0,http://matchhistory.na.leagueoflegends.com/en/#match-details/ESPORTSTMNT03/1431675?gameHash=dc1a81a2a501a233,2020,Regular Season
ESPORTSTMNT03/1441795,2020_LoL_esports_match_data_from_OraclesElixir.csv,LCK,Summer,0,http://matchhistory.na.leagueoflegends.com/en/#match-details/ESPORTSTMNT03/1441795?gameHash=4cae853d340a9d0c,2020,Regular Season
ESPORTSTMNT03/1441817,2020_LoL_esports_match_data_from_OraclesElixir.csv,LCK,Summer,0,http://matchhistory.na.leagueoflegends.com/en/#match-details/ESPORTSTMNT03/1441817?gameHash=0c745a0860a33c8d,2020,Regular Season
ESPORTSTMNT03/1441822,2020_LoL_esports_match_data_from_OraclesElixir.csv,LCK,Summer,0,http://matchhistory.na.leagueoflegends.com/en/#match-details/ESPORTSTMNT03/1441822?gameHash=f7e527ec795556dd,2020,Regular Season
ESPORTSTMNT03/1441836,2020_LoL_esports_match_data_from_OraclesElixir.csv,LCK,Summer,0,http://matchhistory.na.leagueoflegends.com/en/#match-details/ESPORTSTMNT03/1441836?gameHash=b19b05814edf59c7,2020,Regular Season
ESPORTSTMNT03/1441931,2020_LoL_esports_match_data_from_OraclesElixir.csv,LCK,Summer,0,http://matchhistory.na.leagueoflegends.com/en/#match-details/ESPORTSTMNT03/1441931?gameHash=3e09af8261704bd8,2020,Regular Season
ESPORTSTMNT03/1441978,2020_LoL_esports_match_data_from_OraclesElixir.csv,LCK,Summer,0,http://matchhistory.na.leagueoflegends.com/en/#match-details/ESPORTSTMNT03/1441978?gameHash=f7d00ee5959d3c4d,2020,Regular Season
ESPORTSTMNT03/1442006,2020_LoL_esports_match_data_from_OraclesElixir.csv,LCK,Summer,0,http://matchhistory.na.leagueoflegends.com/en/#match-details/ESPORTSTMNT03/1442006?gameHash=cbfa5f35434c41cc,2020,Regular Season
ESPORTSTMNT03/1442035,2020_LoL_esports_match_data_from_OraclesElixir.csv,LCK,Summer,0,http://matchhistory.na.leagueoflegends.com/en/#match-details/ESPORTSTMNT03/1442035?gameHash=443d4fba8229e34a,2020,Regular Season
ESPORTSTMNT03/1442117,2020_LoL_esports_match_data_from_OraclesElixir.csv,LCK,Summer,0,http://matchhistory.na.leagueoflegends.com/en/#match-details/ESPORTSTMNT03/1442117?gameHash=64046e5ceddbae89,2020,Regular Season
ESPORTSTMNT03/1442138,2020_LoL_esports_match_data_from_OraclesElixir.csv,LCK,Summer,0,http://matchhistory.na.leagueoflegends.com/en/#match-details/ESPORTSTMNT03/1442138?gameHash=53ba8d5773d87aac,2020,Regular Season
ESPORTSTMNT03/1442161,2020_LoL_esports_match_data_from_OraclesElixir.csv,LCK,Summer,0,http://matchhistory.na.leagueoflegends.com/en/#match-details/ESPORTSTMNT03/1442161?gameHash=f89667a76dde87dd,2020,Regular Season
ESPORTSTMNT03/1442164,2020_LoL_esports_match_data_from_OraclesElixir.csv,LCK,Summer,0,http://matchhistory.na.leagueoflegends.com/en/#match-details/ESPORTSTMNT03/1442164?gameHash=e13a335c461f043f,2020,Regular Season
ESPORTSTMNT03/1442181,2020_LoL_esports_match_data_from_OraclesElixir.csv,LCK,Summer,0,http://matchhistory.na.leagueoflegends.com/en/#match-details/ESPORTSTMNT03/1442181?gameHash=7cb20d49d3a788ef,2020,Regular Season
ESPORTSTMNT03/1442192,2020_LoL_esports_match_data_from_OraclesElixir.csv,LCK,Summer,0,http://matchhistory.na.leagueoflegends.com/en/#match-details/ESPORTSTMNT03/1442192?gameHash=8cfe91f24ca0a449,2020,Regular Season
ESPORTSTMNT03/1432486,2020_LoL_esports_match_data_from_OraclesElixir.csv,LCK,Summer,1,http://matchhistory.na.leagueoflegends.com/en/#match-details/ESPORTSTMNT03/1432486?gameHash=d78af683eed2f9ac,2020,Playoff
ESPORTSTMNT03/1432507,2020_LoL_esports_match_data_from_OraclesElixir.csv,LCK,Summer,1,http://matchhistory.na.leagueoflegends.com/en/#match-details/ESPORTSTMNT03/1432507?gameHash=bdd30887678bd963,2020,Playoff
ESPORTSTMNT03/1432517,2020_LoL_esports_match_data_from_OraclesElixir.csv,LCK,Summer,1,http://matchhistory.na.leagueoflegends.com/en/#match-details/ESPORTSTMNT03/1432517?gameHash=f47df10e48e6143a,2020,Playoff
ESPORTSTMNT03/1442655,2020_LoL_esports_match_data_from_OraclesElixir.csv,LCK,Summer,1,http://matchhistory.na.leagueoflegends.com/en/#match-details/ESPORTSTMNT03/1442655?gameHash=41a17ec57de9b19d,2020,Playoff
ESPORTSTMNT03/1442708,2020_LoL_esports_match_data_from_OraclesElixir.csv,LCK,Summer,1,http://matchhistory.na.leagueoflegends.com/en/#match-details/ESPORTSTMNT03/1442708?gameHash=c0ab683814a8c127,2020,Playoff
ESPORTSTMNT03/1442724,2020_LoL_esports_match_data_from_OraclesElixir.csv,LCK,Summer,1,http://matchhistory.na.leagueoflegends.com/en/#match-details/ESPORTSTMNT03/1442724?gameHash=8ee9eaf06499ea6e,2020,Playoff
ESPORTSTMNT03/1433021,2020_LoL_esports_match_data_from_OraclesElixir.csv,LCK,Summer,1,http://matchhistory.na.leagueoflegends.com/en/#match-details/ESPORTSTMNT03/1433021?gameHash=782ae87670aee06b,2020,Playoff
ESPORTSTMNT03/1433058,2020_LoL_esports_match_data_from_OraclesElixir.csv,LCK,Summer,1,http://matchhistory.na.leagueoflegends.com/en/#match-details/ESPORTSTMNT03/1433058?gameHash=0b5d24edd0007b9f,2020,Playoff
ESPORTSTMNT03/1433070,2020_LoL_esports_match_data_from_OraclesElixir.csv,LCK,Summer,1,http://matchhistory.na.leagueoflegends.com/en/#match-details/ESPORTSTMNT03/1433070?gameHash=eb296796314be998,2020,Playoff
ESPORTSTMNT03/1443415,2020_LoL_esports_match_data_from_OraclesElixir.csv,LCK,Summer,1,http://matchhistory.na.leagueoflegends.com/en/#match-details/ESPORTSTMNT03/1443415?gameHash=4f3b0e46db9a870f,2020,Playoff
ESPORTSTMNT03/1443471,2020_LoL_esports_match_data_from_OraclesElixir.csv,LCK,Summer,1,http://matchhistory.na.leagueoflegends.com/en/#match-details/ESPORTSTMNT03/1443471?gameHash=cf6c176fba2998e1,2020,Playoff
ESPORTSTMNT03/1443489,2020_LoL_esports_match_data_from_OraclesElixir.csv,LCK,Summer,1,http://matchhistory.na.leagueoflegends.com/en/#match-details/ESPORTSTMNT03/1443489?gameHash=8a323f034c4620a9,2020,Playoff
ESPORTSTMNT03/1433759,2020_LoL_esports_match_data_from_OraclesElixir.csv,LCK,,0,http://matchhistory.na.leagueoflegends.com/en/#match-details/ESPORTSTMNT03/1433759?gameHash=741e0dbd72c5f031,2020,Regional Qualifier
ESPORTSTMNT03/1433779,2020_LoL_esports_match_data_from_OraclesElixir.csv,LCK,,0,http://matchhistory.na.leagueoflegends.com/en/#match-details/ESPORTSTMNT03/1433779?gameHash=fbf5412d7518109f,2020,Regional Qualifier
ESPORTSTMNT03/1433782,2020_LoL_esports_match_data_from_OraclesElixir.csv,LCK,,0,http://matchhistory.na.leagueoflegends.com/en/#match-details/ESPORTSTMNT03/1433782?gameHash=43c4786e5dc4a57a,2020,Regional Qualifier
ESPORTSTMNT03/1443670,2020_LoL_esports_match_data_from_OraclesElixir.csv,LCK,,0,https://matchhistory.na.leagueoflegends.com/en/#match-details/ESPORTSTMNT03/1443670?gameHash=b75a5ccae92d3fe6,2020,Regional Qualifier
ESPORTSTMNT03/1443697,2020_LoL_esports_match_data_from_OraclesElixir.csv,LCK,,0,https://matchhistory.na.leagueoflegends.com/en/#match-details/ESPORTSTMNT03/1443697?gameHash=a4dd110bea3305d3,2020,Regional Qualifier
ESPORTSTMNT03/1443700,2020_LoL_esports_match_data_from_OraclesElixir.csv,LCK,,0,https://matchhistory.na.leagueoflegends.com/en/#match-details/ESPORTSTMNT03/1443700?gameHash=907eb445f3a07914,2020,Regional Qualifier
ESPORTSTMNT03/1443702,2020_LoL_esports_match_data_from_OraclesElixir.csv,LCK,,0,https://matchhistory.na.leagueoflegends.com/en/#match-details/ESPORTSTMNT03/1443702?gameHash=7736672906cef051,2020,Regional Qualifier
ESPORTSTMNT03/1443715,2020_LoL_esports_match_data_from_OraclesElixir.csv,LCK,,0,http://matchhistory.na.leagueoflegends.com/en/#match-details/ESPORTSTMNT03/1443715?gameHash=2482d6b478611787,2020,Regional Qualifier
ESPORTSTMNT03/1443731,2020_LoL_esports_match_data_from_OraclesElixir.csv,LCK,,0,http://matchhistory.na.leagueoflegends.com/en/#match-details/ESPORTSTMNT03/1443731?gameHash=31255da0caadb6b4,2020,Regional Qualifier
ESPORTSTMNT03/1443737,2020_LoL_esports_match_data_from_OraclesElixir.csv,LCK,,0,http://matchhistory.na.leagueoflegends.com/en/#match-details/ESPORTSTMNT03/1443737?gameHash=48855dbb33ff6ef2,2020,Regional Qualifier
ESPORTSTMNT01/1690520,2021_LoL_esports_match_data_from_OraclesElixir.csv,LCK,Spring,0,http://matchhistory.na.leagueoflegends.com/en/#match-details/ESPORTSTMNT01/1690520?gameHash=04199edf6922bed2,2021,Regular Season
ESPORTSTMNT01/1690549,2021_LoL_esports_match_data_from_OraclesElixir.csv,LCK,Spring,0,http://matchhistory.na.leagueoflegends.com/en/#match-details/ESPORTSTMNT01/1690549?gameHash=12e7e73be0bdaa47,2021,Regular Season
ESPORTSTMNT01/1690563,2021_LoL_esports_match_data_from_OraclesElixir.csv,LCK,Spring,0,http://matchhistory.na.leagueoflegends.com/en/#match-details/ESPORTSTMNT01/1690563?gameHash=d4c803833c6e8644,2021,Regular Season
ESPORTSTMNT01/1690580,2021_LoL_esports_match_data_from_OraclesElixir.csv,LCK,Spring,0,http://matchhistory.na.leagueoflegends.com/en/#match-details/ESPORTSTMNT01/1690580?gameHash=9d098c346884254e,2021,Regular Season
ESPORTSTMNT01/1690585,2021_LoL_esports_match_data_from_OraclesElixir.csv,LCK,Spring,0,http://matchhistory.na.leagueoflegends.com/en/#match-details/ESPORTSTMNT01/1690585?gameHash=c8661864a85ce53a,2021,Regular Season
ESPORTSTMNT01/1690820,2021_LoL_esports_match_data_from_OraclesElixir.csv,LCK,Spring,0,http://matchhistory.na.leagueoflegends.com/en/#match-details/ESPORTSTMNT01/1690820?gameHash=fd0b28d1ae633da9,2021,Regular Season
ESPORTSTMNT01/1690828,2021_LoL_esports_match_data_from_OraclesElixir.csv,LCK,Spring,0,http://matchhistory.na.leagueoflegends.com/en/#match-details/ESPORTSTMNT01/1690828?gameHash=d5fc3d0477233ff4,2021,Regular Season
ESPORTSTMNT01/1690841,2021_LoL_esports_match_data_from_OraclesElixir.csv,LCK,Spring,0,http://matchhistory.na.leagueoflegends.com/en/#match-details/ESPORTSTMNT01/1690841?gameHash=187b8779c2c7426b,2021,Regular Season
ESPORTSTMNT03/1681444,2021_LoL_esports_match_data_from_OraclesElixir.csv,LCK,Spring,0,http://matchhistory.na.leagueoflegends.com/en/#match-details/ESPORTSTMNT03/1681444?gameHash=3ece5d9433401707,2021,Regular Season
ESPORTSTMNT03/1681477,2021_LoL_esports_match_data_from_OraclesElixir.csv,LCK,Spring,0,http://matchhistory.na.leagueoflegends.com/en/#match-details/ESPORTSTMNT03/1681477?gameHash=5da6773ada18612f,2021,Regular Season
ESPORTSTMNT03/1681511,2021_LoL_esports_match_data_from_OraclesElixir.csv,LCK,Spring,0,http://matchhistory.na.leagueoflegends.com/en/#match-details/ESPORTSTMNT03/1681511?gameHash=8e14d7092c466162,2021,Regular Season
ESPORTSTMNT01/1691020,2021_LoL_esports_match_data_from_OraclesElixir.csv,LCK,Spring,0,http://matchhistory.na.leagueoflegends.com/en/#match-details/ESPORTSTMNT01/1691020?gameHash=3a20c6080120cfa5,2021,Regular Season
ESPORTSTMNT01/1691048,2021_LoL_esports_match_data_from_OraclesElixir.csv,LCK,Spring,0,http://matchhistory.na.leagueoflegends.com/en/#match-details/ESPORTSTMNT01/1691048?gameHash=88451f57741979af,2021,Regular Season
ESPORTSTMNT01/1691071,2021_LoL_esports_match_data_from_OraclesElixir.csv,LCK,Spring,0,http://matchhistory.na.leagueoflegends.com/en/#match-details/ESPORTSTMNT01/1691071?gameHash=6fd99dcd159834fe,2021,Regular Season
ESPORTSTMNT01/1691105,2021_LoL_esports_match_data_from_OraclesElixir.csv,LCK,Spring,0,http://matchhistory.na.leagueoflegends.com/en/#match-details/ESPORTSTMNT01/1691105?gameHash=e7de9b7d94c6972a,2021,Regular Season
ESPORTSTMNT01/1691118,2021_LoL_esports_match_data_from_OraclesElixir.csv,LCK,Spring,0,http://matchhistory.na.leagueoflegends.com/en/#match-details/ESPORTSTMNT01/1691118?gameHash=bd5a36f21b7bacca,2021,Regular Season
ESPORTSTMNT01/1691379,2021_LoL_esports_match_data_from_OraclesElixir.csv,LCK,Spring,0,http://matchhistory.na.leagueoflegends.com/en/#match-details/ESPORTSTMNT01/1691379?gameHash=d598a4558e969372,2021,Regular Season
ESPORTSTMNT01/1691409,2021_LoL_esports_match_data_from_OraclesElixir.csv,LCK,Spring,0,http://matchhistory.na.leagueoflegends.com/en/#match-details/ESPORTSTMNT01/1691409?gameHash=f0ae9efe8c0b8823,2021,Regular Season
ESPORTSTMNT01/1691411,2021_LoL_esports_match_data_from_OraclesElixir.csv,LCK,Spring,0,http://matchhistory.na.leagueoflegends.com/en/#match-details/ESPORTSTMNT01/1691411?gameHash=78512c3dd1a3b026,2021,Regular Season
ESPORTSTMNT01/1691433,2021_LoL_esports_match_data_from_OraclesElixir.csv,LCK,Spring,0,http://matchhistory.na.leagueoflegends.com/en/#match-details/ESPORTSTMNT01/1691433?gameHash=a491773a6c17f21b,2021,Regular Season
ESPORTSTMNT01/1691436,2021_LoL_esports_match_data_from_OraclesElixir.csv,LCK,Spring,0,http://matchhistory.na.leagueoflegends.com/en/#match-details/ESPORTSTMNT01/1691436?gameHash=8810d76daf71d26b,2021,Regular Season
ESPORTSTMNT01/1691645,2021_LoL_esports_match_data_from_OraclesElixir.csv,LCK,Spring,0,http://matchhistory.na.leagueoflegends.com/en/#match-details/ESPORTSTMNT01/1691645?gameHash=35200c9886fdd763,2021,Regular Season
ESPORTSTMNT01/1691675,2021_LoL_esports_match_data_from_OraclesElixir.csv,LCK,Spring,0,http://matchhistory.na.leagueoflegends.com/en/#match-details/ESPORTSTMNT01/1691675?gameHash=27b07ed14f324def,2021,Regular Season
ESPORTSTMNT01/1691681,2021_LoL_esports_match_data_from_OraclesElixir.csv,LCK,Spring,0,http://matchhistory.na.leagueoflegends.com/en/#match-details/ESPORTSTMNT01/1691681?gameHash=0fbd11d73bf98cae,2021,Regular Season
ESPORTSTMNT01/1691701,2021_LoL_esports_match_data_from_OraclesElixir.csv,LCK,Spring,0,http://matchhistory.na.leagueoflegends.com/en/#match-details/ESPORTSTMNT01/1691701?gameHash=cde0de30a0745d28,2021,Regular Season
ESPORTSTMNT01/1683103,2021_LoL_esports_match_data_from_OraclesElixir.csv,LCK,Spring,0,http://matchhistory.na.leagueoflegends.com/en/#match-details/ESPORTSTMNT01/1683103?gameHash=63883ead7266e3a8,2021,Regular Season
ESPORTSTMNT01/1683114,2021_LoL_esports_match_data_from_OraclesElixir.csv,LCK,Spring,0,http://matchhistory.na.leagueoflegends.com/en/#match-details/ESPORTSTMNT01/1683114?gameHash=e53a0d000a3692c4,2021,Regular Season
ESPORTSTMNT01/1683124,2021_LoL_esports_match_data_from_OraclesElixir.csv,LCK,Spring,0,http://matchhistory.na.leagueoflegends.com/en/#match-details/ESPORTSTMNT01/1683124?gameHash=177d8cbdafcae8b6,2021,Regular Season
ESPORTSTMNT01/1683151,2021_LoL_esports_match_data_from_OraclesElixir.csv,LCK,Spring,0,http://matchhistory.na.leagueoflegends.com/en/#match-details/ESPORTSTMNT01/1683151?gameHash=b7fb291306bc08c7,2021,Regular Season
ESPORTSTMNT01/1683165,2021_LoL_esports_match_data_from_OraclesElixir.csv,LCK,Spring,0,http://matchhistory.na.leagueoflegends.com/en/#match-details/ESPORTSTMNT01/1683165?gameHash=7aaad30d3d4f2e7c,2021,Regular Season
ESPORTSTMNT01/1693483,2021_LoL_esports_match_data_from_OraclesElixir.csv,LCK,Spring,0,http://matchhistory.na.leagueoflegends.com/en/#match-details/ESPORTSTMNT01/1693483?gameHash=c2e85cee5eee82f8,2021,Regular Season
ESPORTSTMNT01/1693567,2021_LoL_esports_match_data_from_OraclesElixir.csv,LCK,Spring,0,http://matchhistory.na.leagueoflegends.com/en/#match-details/ESPORTSTMNT01/1693567?gameHash=537f5686bff9fae9,2021,Regular Season
ESPORTSTMNT01/1693576,2021_LoL_esports_match_data_from_OraclesElixir.csv,LCK,Spring,0,http://matchhistory.na.leagueoflegends.com/en/#match-details/ESPORTSTMNT01/1693576?gameHash=42e479f5fdff685f,2021,Regular Season
ESPORTSTMNT01/1693596,2021_LoL_esports_match_data_from_OraclesElixir.csv,LCK,Spring,0,http://matchhistory.na.leagueoflegends.com/en/#match-details/ESPORTSTMNT01/1693596?gameHash=d64348865f8a2f0c,2021,Regular Season
ESPORTSTMNT01/1693626,2021_LoL_esports_match_data_from_OraclesElixir.csv,LCK,Spring,0,http://matchhistory.na.leagueoflegends.com/en/#match-details/ESPORTSTMNT01/1693626?gameHash=2a3dba466374782b,2021,Regular Season
ESPORTSTMNT01/1693931,2021_LoL_esports_match_data_from_OraclesElixir.csv,LCK,Spring,0,http://matchhistory.na.leagueoflegends.com/en/#match-details/ESPORTSTMNT01/1693931?gameHash=cc379113dddb594b,2021,Regular Season
ESPORTSTMNT01/1694012,2021_LoL_esports_match_data_from_OraclesElixir.csv,LCK,Spring,0,http://matchhistory.na.leagueoflegends.com/en/#match-details/ESPORTSTMNT01/1694012?gameHash=716f2d52fe38de2e,2021,Regular Season
ESPORTSTMNT01/1694041,2021_LoL_esports_match_data_from_OraclesElixir.csv,LCK,Spring,0,http://matchhistory.na.leagueoflegends.com/en/#match-details/ESPORTSTMNT01/1694041?gameHash=30ba59855aea344c,2021,Regular Season
ESPORTSTMNT01/1694062,2021_LoL_esports_match_data_from_OraclesElixir.csv,LCK,Spring,0,http://matchhistory.na.leagueoflegends.com/en/#match-details/ESPORTSTMNT01/1694062?gameHash=1cf92aad68e9a178,2021,Regular Season
ESPORTSTMNT01/1694108,2021_LoL_esports_match_data_from_OraclesElixir.csv,LCK,Spring,0,http://matchhistory.na.leagueoflegends.com/en/#match-details/ESPORTSTMNT01/1694108?gameHash=230c8cd6365b5213,2021,Regular Season
ESPORTSTMNT01/1694118,2021_LoL_esports_match_data_from_OraclesElixir.csv,LCK,Spring,0,http://matchhistory.na.leagueoflegends.com/en/#match-details/ESPORTSTMNT01/1694118?gameHash=3fbdcf904598c517,2021,Regular Season
ESPORTSTMNT01/1730173,2021_LoL_esports_match_data_from_OraclesElixir.csv,LCK,Spring,0,http://matchhistory.na.leagueoflegends.com/en/#match-details/ESPORTSTMNT01/1730173?gameHash=88bd5e223badce68,2021,Regular Season
ESPORTSTMNT01/1730251,2021_LoL_esports_match_data_from_OraclesElixir.csv,LCK,Spring,0,http://matchhistory.na.leagueoflegends.com/en/#match-details/ESPORTSTMNT01/1730251?gameHash=15261b91a7dd1db5,2021,Regular Season
ESPORTSTMNT01/1730313,2021_LoL_esports_match_data_from_OraclesElixir.csv,LCK,Spring,0,http://matchhistory.na.leagueoflegends.com/en/#match-details/ESPORTSTMNT01/1730313?gameHash=522153f874d243cc,2021,Regular Season
ESPORTSTMNT01/1730332,2021_LoL_esports_match_data_from_OraclesElixir.csv,LCK,Spring,0,http://matchhistory.na.leagueoflegends.com/en/#match-details/ESPORTSTMNT01/1730332?gameHash=1c8ba8d1f8cf790e,2021,Regular Season
ESPORTSTMNT01/1720608,2021_LoL_esports_match_data_from_OraclesElixir.csv,LCK,Spring,0,http://matchhistory.na.leagueoflegends.com/en/#match-details/ESPORTSTMNT01/1720608?gameHash=bf538d37e30a70d7,2021,Regular Season
ESPORTSTMNT01/1720684,2021_LoL_esports_match_data_from_OraclesElixir.csv,LCK,Spring,0,http://matchhistory.na.leagueoflegends.com/en/#match-details/ESPORTSTMNT01/1720684?gameHash=a91f30a7d6af4438,2021,Regular Season
ESPORTSTMNT01/1720707,2021_LoL_esports_match_data_from_OraclesElixir.csv,LCK,Spring,0,http://matchhistory.na.leagueoflegends.com/en/#match-details/ESPORTSTMNT01/1720707?gameHash=6c6a5ab823a5521b,2021,Regular Season
ESPORTSTMNT01/1720710,2021_LoL_esports_match_data_from_OraclesElixir.csv,LCK,Spring,0,http://matchhistory.na.leagueoflegends.com/en/#match-details/ESPORTSTMNT01/1720710?gameHash=ab4b9af1b6391ad7,2021,Regular Season
ESPORTSTMNT01/1720742,2021_LoL_esports_match_data_from_OraclesElixir.csv,LCK,Spring,0,http://matchhistory.na.leagueoflegends.com/en/#match-details/ESPORTSTMNT01/1720742?gameHash=cf14f02300b5378a,2021,Regular Season
ESPORTSTMNT01/1720760,2021_LoL_esports_match_data_from_OraclesElixir.csv,LCK,Spring,0,http://matchhistory.na.leagueoflegends.com/en/#match-details/ESPORTSTMNT01/1720760?gameHash=567e6a181e07144f,2021,Regular Season
ESPORTSTMNT05/1830051,2021_LoL_esports_match_data_from_OraclesElixir.csv,LCK,Spring,0,http://matchhistory.na.leagueoflegends.com/en/#match-details/ESPORTSTMNT05/1830051?gameHash=dbe04fb7274af7a3,2021,Regular Season
ESPORTSTMNT05/1830073,2021_LoL_esports_match_data_from_OraclesElixir.csv,LCK,Spring,0,http://matchhistory.na.leagueoflegends.com/en/#match-details/ESPORTSTMNT05/1830073?gameHash=2ee8581360cc1b02,2021,Regular Season
ESPORTSTMNT05/1830074,2021_LoL_esports_match_data_from_OraclesElixir.csv,LCK,Spring,0,http://matchhistory.na.leagueoflegends.com/en/#match-details/ESPORTSTMNT05/1830074?gameHash=985d5d7d340ab0c2,2021,Regular Season
ESPORTSTMNT05/1830089,2021_LoL_esports_match_data_from_OraclesElixir.csv,LCK,Spring,0,http://matchhistory.na.leagueoflegends.com/en/#match-details/ESPORTSTMNT05/1830089?gameHash=202c4490f896b83e,2021,Regular Season
ESPORTSTMNT05/1830093,2021_LoL_esports_match_data_from_OraclesElixir.csv,LCK,Spring,0,http://matchhistory.na.leagueoflegends.com/en/#match-details/ESPORTSTMNT05/1830093?gameHash=fe1b8d0e69636cdf,2021,Regular Season
ESPORTSTMNT05/1830194,2021_LoL_esports_match_data_from_OraclesElixir.csv,LCK,Spring,0,http://matchhistory.na.leagueoflegends.com/en/#match-details/ESPORTSTMNT05/1830194?gameHash=a174e00195c16c7a,2021,Regular Season
ESPORTSTMNT05/1830216,2021_LoL_esports_match_data_from_OraclesElixir.csv,LCK,Spring,0,http://matchhistory.na.leagueoflegends.com/en/#match-details/ESPORTSTMNT05/1830216?gameHash=10f0366422c6bf9d,2021,Regular Season
ESPORTSTMNT05/1830237,2021_LoL_esports_match_data_from_OraclesElixir.csv,LCK,Spring,0,http://matchhistory.na.leagueoflegends.com/en/#match-details/ESPORTSTMNT05/1830237?gameHash=5e8f2e4b27de05a0,2021,Regular Season
ESPORTSTMNT05/1830257,2021_LoL_esports_match_data_from_OraclesElixir.csv,LCK,Spring,0,http://matchhistory.na.leagueoflegends.com/en/#match-details/ESPORTSTMNT05/1830257?gameHash=6ac951f08005257c,2021,Regular Season
ESPORTSTMNT05/1820279,2021_LoL_esports_match_data_from_OraclesElixir.csv,LCK,Spring,0,http://matchhistory.na.leagueoflegends.com/en/#match-details/ESPORTSTMNT05/1820279?gameHash=24d0e19a9d3b7271,2021,Regular Season
ESPORTSTMNT05/1830368,2021_LoL_esports_match_data_from_OraclesElixir.csv,LCK,Spring,0,http://matchhistory.na.leagueoflegends.com/en/#match-details/ESPORTSTMNT05/1830368?gameHash=850ce0fcccbae4ca,2021,Regular Season
ESPORTSTMNT05/1830373,2021_LoL_esports_match_data_from_OraclesElixir.csv,LCK,Spring,0,http://matchhistory.na.leagueoflegends.com/en/#match-details/ESPORTSTMNT05/1830373?gameHash=909b621b178c02d1,2021,Regular Season
ESPORTSTMNT05/1820337,2021_LoL_esports_match_data_from_OraclesElixir.csv,LCK,Spring,0,http://matchhistory.na.leagueoflegends.com/en/#match-details/ESPORTSTMNT05/1820337?gameHash=442612f6223bf5bb,2021,Regular Season
ESPORTSTMNT05/1820477,2021_LoL_esports_match_data_from_OraclesElixir.csv,LCK,Spring,0,http://matchhistory.na.leagueoflegends.com/en/#match-details/ESPORTSTMNT05/1820477?gameHash=669316981a59bef1,2021,Regular Season
ESPORTSTMNT05/1820496,2021_LoL_esports_match_data_from_OraclesElixir.csv,LCK,Spring,0,http://matchhistory.na.leagueoflegends.com/en/#match-details/ESPORTSTMNT05/1820496?gameHash=8e1b3e1af780a4b0,2021,Regular Season
ESPORTSTMNT05/1820504,2021_LoL_esports_match_data_from_OraclesElixir.csv,LCK,Spring,0,http://matchhistory.na.leagueoflegends.com/en/#match-details/ESPORTSTMNT05/1820504?gameHash=aec30cb501d73a51,2021,Regular Season
ESPORTSTMNT05/1820513,2021_LoL_esports_match_data_from_OraclesElixir.csv,LCK,Spring,0,http://matchhistory.na.leagueoflegends.com/en/#match-details/ESPORTSTMNT05/1820513?gameHash=e70116a99f317a51,2021,Regular Season
ESPORTSTMNT05/1820537,2021_LoL_esports_match_data_from_OraclesElixir.csv,LCK,Spring,0,http://matchhistory.na.leagueoflegends.com/en/#match-details/ESPORTSTMNT05/1820537?gameHash=fdffb84e64238717,2021,Regular Season
ESPORTSTMNT05/1820657,2021_LoL_esports_match_data_from_OraclesElixir.csv,LCK,Spring,0,http://matchhistory.na.leagueoflegends.com/en/#match-details/ESPORTSTMNT05/1820657?gameHash=1a87a38190f7c995,2021,Regular Season
ESPORTSTMNT05/1830686,2021_LoL_esports_match_data_from_OraclesElixir.csv,LCK,Spring,0,http://matchhistory.na.leagueoflegends.com/en/#match-details/ESPORTSTMNT05/1830686?gameHash=fcefafbf587baf01,2021,Regular Season
ESPORTSTMNT05/1830693,2021_LoL_esports_match_data_from_OraclesElixir.csv,LCK,Spring,0,http://matchhistory.na.leagueoflegends.com/en/#match-details/ESPORTSTMNT05/1830693?gameHash=c0f6a8ba30259db3,2021,Regular Season
ESPORTSTMNT05/1830702,2021_LoL_esports_match_data_from_OraclesElixir.csv,LCK,Spring,0,http://matchhistory.na.leagueoflegends.com/en/#match-details/ESPORTSTMNT05/1830702?gameHash=6948022c01fb8b86,2021,Regular Season
ESPORTSTMNT02/1684151,2021_LoL_esports_match_data_from_OraclesElixir.csv,LCK,Spring,0,http://matchhistory.na.leagueoflegends.com/en/#match-details/ESPORTSTMNT02/1684151?gameHash=1f83ef8ea3274e56,2021,Regular Season
ESPORTSTMNT02/1684220,2021_LoL_esports_match_data_from_OraclesElixir.csv,LCK,Spring,0,http://matchhistory.na.leagueoflegends.com/en/#match-details/ESPORTSTMNT02/1684220?gameHash=280fc2353dc97627,2021,Regular Season
ESPORTSTMNT02/1684227,2021_LoL_esports_match_data_from_OraclesElixir.csv,LCK,Spring,0,http://matchhistory.na.leagueoflegends.com/en/#match-details/ESPORTSTMNT02/1684227?gameHash=704c72be88a2ec4c,2021,Regular Season
ESPORTSTMNT02/1684244,2021_LoL_esports_match_data_from_OraclesElixir.csv,LCK,Spring,0,http://matchhistory.na.leagueoflegends.com/en/#match-details/ESPORTSTMNT02/1684244?gameHash=c2e084910eeddbf9,2021,Regular Season
ESPORTSTMNT02/1684282,2021_LoL_esports_match_data_from_OraclesElixir.csv,LCK,Spring,0,http://matchhistory.na.leagueoflegends.com/en/#match-details/ESPORTSTMNT02/1684282?gameHash=2c01b7842fd9f6d5,2021,Regular Season
ESPORTSTMNT02/1684302,2021_LoL_esports_match_data_from_OraclesElixir.csv,LCK,Spring,0,http://matchhistory.na.leagueoflegends.com/en/#match-details/ESPORTSTMNT02/1684302?gameHash=0753e886365d0c6d,2021,Regular Season
ESPORTSTMNT05/1831202,2021_LoL_esports_match_data_from_OraclesElixir.csv,LCK,Spring,0,http://matchhistory.na.leagueoflegends.com/en/#match-details/ESPORTSTMNT05/1831202?gameHash=57f2f69ab05dc1a1,2021,Regular Season
ESPORTSTMNT05/1831219,2021_LoL_esports_match_data_from_OraclesElixir.csv,LCK,Spring,0,http://matchhistory.na.leagueoflegends.com/en/#match-details/ESPORTSTMNT05/1831219?gameHash=64bf5522f1049608,2021,Regular Season
ESPORTSTMNT05/1831232,2021_LoL_esports_match_data_from_OraclesElixir.csv,LCK,Spring,0,http://matchhistory.na.leagueoflegends.com/en/#match-details/ESPORTSTMNT05/1831232?gameHash=64bd23d93c5a08bc,2021,Regular Season
ESPORTSTMNT05/1831251,2021_LoL_esports_match_data_from_OraclesElixir.csv,LCK,Spring,0,http://matchhistory.na.leagueoflegends.com/en/#match-details/ESPORTSTMNT05/1831251?gameHash=ba35e7b894dc07a7,2021,Regular Season
ESPORTSTMNT05/1831267,2021_LoL_esports_match_data_from_OraclesElixir.csv,LCK,Spring,0,http://matchhistory.na.leagueoflegends.com/en/#match-details/ESPORTSTMNT05/1831267?gameHash=aa9eb4a9023e7b88,2021,Regular Season
ESPORTSTMNT05/1831273,2021_LoL_esports_match_data_from_OraclesElixir.csv,LCK,Spring,0,http://matchhistory.na.leagueoflegends.com/en/#match-details/ESPORTSTMNT05/1831273?gameHash=e6a485f77c6582f2,2021,Regular Season
ESPORTSTMNT05/1831428,2021_LoL_esports_match_data_from_OraclesElixir.csv,LCK,Spring,0,http://matchhistory.na.leagueoflegends.com/en/#match-details/ESPORTSTMNT05/1831428?gameHash=aba8983748aa9e71,2021,Regular Season
ESPORTSTMNT05/1831435,2021_LoL_esports_match_data_from_OraclesElixir.csv,LCK,Spring,0,http://matchhistory.na.leagueoflegends.com/en/#match-details/ESPORTSTMNT05/1831435?gameHash=3c5aa7ef264ed741,2021,Regular Season
ESPORTSTMNT05/1831437,2021_LoL_esports_match_data_from_OraclesElixir.csv,LCK,Spring,0,http://matchhistory.na.leagueoflegends.com/en/#match-details/ESPORTSTMNT05/1831437?gameHash=68196de1c81c332d,2021,Regular Season
ESPORTSTMNT05/1831456,2021_LoL_esports_match_data_from_OraclesElixir.csv,LCK,Spring,0,http://matchhistory.na.leagueoflegends.com/en/#match-details/ESPORTSTMNT05/1831456?gameHash=bcbf2c2f9c291f9a,2021,Regular Season
ESPORTSTMNT05/1821563,2021_LoL_esports_match_data_from_OraclesElixir.csv,LCK,Spring,0,http://matchhistory.na.leagueoflegends.com/en/#match-details/ESPORTSTMNT05/1821563?gameHash=040bea8514039ffb,2021,Regular Season
ESPORTSTMNT05/1821586,2021_LoL_esports_match_data_from_OraclesElixir.csv,LCK,Spring,0,http://matchhistory.na.leagueoflegends.com/en/#match-details/ESPORTSTMNT05/1821586?gameHash=a072cf7d60ddc0a1,2021,Regular Season
ESPORTSTMNT05/1821596,2021_LoL_esports_match_data_from_OraclesElixir.csv,LCK,Spring,0,http://matchhistory.na.leagueoflegends.com/en/#match-details/ESPORTSTMNT05/1821596?gameHash=2eb25cf39be6d767,2021,Regular Season
ESPORTSTMNT05/1821626,2021_LoL_esports_match_data_from_OraclesElixir.csv,LCK,Spring,0,http://matchhistory.na.leagueoflegends.com/en/#match-details/ESPORTSTMNT05/1821626?gameHash=9b7ac0df7b997fe2,2021,Regular Season
ESPORTSTMNT05/1821628,2021_LoL_esports_match_data_from_OraclesElixir.csv,LCK,Spring,0,http://matchhistory.na.leagueoflegends.com/en/#match-details/ESPORTSTMNT05/1821628?gameHash=d2466f8e9a2d5398,2021,Regular Season
ESPORTSTMNT05/1821744,2021_LoL_esports_match_data_from_OraclesElixir.csv,LCK,Spring,0,http://matchhistory.na.leagueoflegends.com/en/#match-details/ESPORTSTMNT05/1821744?gameHash=f28626b2856812ee,2021,Regular Season
ESPORTSTMNT05/1821776,2021_LoL_esports_match_data_from_OraclesElixir.csv,LCK,Spring,0,http://matchhistory.na.leagueoflegends.com/en/#match-details/ESPORTSTMNT05/1821776?gameHash=cb03e98114e3428f,2021,Regular Season
ESPORTSTMNT05/1821787,2021_LoL_esports_match_data_from_OraclesElixir.csv,LCK,Spring,0,http://matchhistory.na.leagueoflegends.com/en/#match-details/ESPORTSTMNT05/1821787?gameHash=3674a6c19473db93,2021,Regular Season
ESPORTSTMNT05/1821806,2021_LoL_esports_match_data_from_OraclesElixir.csv,LCK,Spring,0,http://matchhistory.na.leagueoflegends.com/en/#match-details/ESPORTSTMNT05/1821806?gameHash=9c29f8704cd1a9c9,2021,Regular Season
ESPORTSTMNT03/1752558,2021_LoL_esports_match_data_from_OraclesElixir.csv,LCK,Spring,0,http://matchhistory.na.leagueoflegends.com/en/#match-details/ESPORTSTMNT03/1752558?gameHash=966fbf9720d274a7,2021,Regular Season
ESPORTSTMNT03/1752579,2021_LoL_esports_match_data_from_OraclesElixir.csv,LCK,Spring,0,http://matchhistory.na.leagueoflegends.com/en/#match-details/ESPORTSTMNT03/1752579?gameHash=5ffadd2b9a6eb7f1,2021,Regular Season
ESPORTSTMNT03/1752582,2021_LoL_esports_match_data_from_OraclesElixir.csv,LCK,Spring,0,http://matchhistory.na.leagueoflegends.com/en/#match-details/ESPORTSTMNT03/1752582?gameHash=26bb9bd910574f73,2021,Regular Season
ESPORTSTMNT03/1752600,2021_LoL_esports_match_data_from_OraclesElixir.csv,LCK,Spring,0,http://matchhistory.na.leagueoflegends.com/en/#match-details/ESPORTSTMNT03/1752600?gameHash=4fbcd956c4543326,2021,Regular Season
ESPORTSTMNT03/1752678,2021_LoL_esports_match_data_from_OraclesElixir.csv,LCK,Spring,0,http://matchhistory.na.leagueoflegends.com/en/#match-details/ESPORTSTMNT03/1752678?gameHash=6816fa18135bedfc,2021,Regular Season
ESPORTSTMNT03/1763332,2021_LoL_esports_match_data_from_OraclesElixir.csv,LCK,Spring,0,http://matchhistory.na.leagueoflegends.com/en/#match-details/ESPORTSTMNT03/1763332?gameHash=f736a8c5178426f5,2021,Regular Season
ESPORTSTMNT03/1763351,2021_LoL_esports_match_data_from_OraclesElixir.csv,LCK,Spring,0,http://matchhistory.na.leagueoflegends.com/en/#match-details/ESPORTSTMNT03/1763351?gameHash=455496a3d5d944a4,2021,Regular Season
ESPORTSTMNT03/1763358,2021_LoL_esports_match_data_from_OraclesElixir.csv,LCK,Spring,0,http://matchhistory.na.leagueoflegends.com/en/#match-details/ESPORTSTMNT03/1763358?gameHash=2133bd7d03a1040d,2021,Regular Season
ESPORTSTMNT03/1763374,2021_LoL_esports_match_data_from_OraclesElixir.csv,LCK,Spring,0,http://matchhistory.na.leagueoflegends.com/en/#match-details/ESPORTSTMNT03/1763374?gameHash=1a286a964bf40928,2021,Regular Season
ESPORTSTMNT03/1763434,2021_LoL_esports_match_data_from_OraclesElixir.csv,LCK,Spring,0,http://matchhistory.na.leagueoflegends.com/en/#match-details/ESPORTSTMNT03/1763434?gameHash=5b18f62ff615f660,2021,Regular Season
ESPORTSTMNT03/1764085,2021_LoL_esports_match_data_from_OraclesElixir.csv,LCK,Spring,0,http://matchhistory.na.leagueoflegends.com/en/#match-details/ESPORTSTMNT03/1764085?gameHash=2a84a2e831fb263d,2021,Regular Season
ESPORTSTMNT03/1764121,2021_LoL_esports_match_data_from_OraclesElixir.csv,LCK,Spring,0,http://matchhistory.na.leagueoflegends.com/en/#match-details/ESPORTSTMNT03/1764121?gameHash=f58c066833348534,2021,Regular Season
ESPORTSTMNT03/1764123,2021_LoL_esports_match_data_from_OraclesElixir.csv,LCK,Spring,0,http://matchhistory.na.leagueoflegends.com/en/#match-details/ESPORTSTMNT03/1764123?gameHash=299fe0ce311e9b1a,2021,Regular Season
ESPORTSTMNT03/1764144,2021_LoL_esports_match_data_from_OraclesElixir.csv,LCK,Spring,0,http://matchhistory.na.leagueoflegends.com/en/#match-details/ESPORTSTMNT03/1764144?gameHash=dabd1ff8653c8313,2021,Regular Season
ESPORTSTMNT03/1764165,2021_LoL_esports_match_data_from_OraclesElixir.csv,LCK,Spring,0,http://matchhistory.na.leagueoflegends.com/en/#match-details/ESPORTSTMNT03/1764165?gameHash=4710d24af85beae5,2021,Regular Season
ESPORTSTMNT03/1764639,2021_LoL_esports_match_data_from_OraclesElixir.csv,LCK,Spring,0,http://matchhistory.na.leagueoflegends.com/en/#match-details/ESPORTSTMNT03/1764639?gameHash=60a01fcb6d746d25,2021,Regular Season
ESPORTSTMNT03/1764683,2021_LoL_esports_match_data_from_OraclesElixir.csv,LCK,Spring,0,http://matchhistory.na.leagueoflegends.com/en/#match-details/ESPORTSTMNT03/1764683?gameHash=018f97873c8b564d,2021,Regular Season
ESPORTSTMNT03/1764690,2021_LoL_esports_match_data_from_OraclesElixir.csv,LCK,Spring,0,http://matchhistory.na.leagueoflegends.com/en/#match-details/ESPORTSTMNT03/1764690?gameHash=0b7722629ca1b2da,2021,Regular Season
ESPORTSTMNT03/1764715,2021_LoL_esports_match_data_from_OraclesElixir.csv,LCK,Spring,0,http://matchhistory.na.leagueoflegends.com/en/#match-details/ESPORTSTMNT03/1764715?gameHash=be5ab297017ceaca,2021,Regular Season
ESPORTSTMNT03/1764730,2021_LoL_esports_match_data_from_OraclesElixir.csv,LCK,Spring,0,http://matchhistory.na.leagueoflegends.com/en/#match-details/ESPORTSTMNT03/1764730?gameHash=80c1200c658ebbae,2021,Regular Season
ESPORTSTMNT03/1765150,2021_LoL_esports_match_data_from_OraclesElixir.csv,LCK,Spring,0,http://matchhistory.na.leagueoflegends.com/en/#match-details/ESPORTSTMNT03/1765150?gameHash=ed9ec394eb1534de,2021,Regular Season
ESPORTSTMNT03/1765183,2021_LoL_esports_match_data_from_OraclesElixir.csv,LCK,Spring,0,http://matchhistory.na.leagueoflegends.com/en/#match-details/ESPORTSTMNT03/1765183?gameHash=1b8bbacfed2665d6,2021,Regular Season
ESPORTSTMNT03/1765200,2021_LoL_esports_match_data_from_OraclesElixir.csv,LCK,Spring,0,http://matchhistory.na.leagueoflegends.com/en/#match-details/ESPORTSTMNT03/1765200?gameHash=a4bf2ae4b72a3ba6,2021,Regular Season
ESPORTSTMNT03/1765213,2021_LoL_esports_match_data_from_OraclesElixir.csv,LCK,Spring,0,http://matchhistory.na.leagueoflegends.com/en/#match-details/ESPORTSTMNT03/1765213?gameHash=cc71b61b16c46b75,2021,Regular Season
ESPORTSTMNT03/1765245,2021_LoL_esports_match_data_from_OraclesElixir.csv,LCK,Spring,0,http://matchhistory.na.leagueoflegends.com/en/#match-details/ESPORTSTMNT03/1765245?gameHash=30d147edb8b5a855,2021,Regular Season
ESPORTSTMNT03/1766665,2021_LoL_esports_match_data_from_OraclesElixir.csv,LCK,Spring,0,http://matchhistory.na.leagueoflegends.com/en/#match-details/ESPORTSTMNT03/1766665?gameHash=6b872f12ed6c0068,2021,Regular Season
ESPORTSTMNT03/1757105,2021_LoL_esports_match_data_from_OraclesElixir.csv,LCK,Spring,0,http://matchhistory.na.leagueoflegends.com/en/#match-details/ESPORTSTMNT03/1757105?gameHash=3391daebfd40488d,2021,Regular Season
ESPORTSTMNT03/1757109,2021_LoL_esports_match_data_from_OraclesElixir.csv,LCK,Spring,0,http://matchhistory.na.leagueoflegends.com/en/#match-details/ESPORTSTMNT03/1757109?gameHash=71c5aac1a4497a5d,2021,Regular Season
ESPORTSTMNT03/1757156,2021_LoL_esports_match_data_from_OraclesElixir.csv,LCK,Spring,0,http://matchhistory.na.leagueoflegends.com/en/#match-details/ESPORTSTMNT03/1757156?gameHash=5bd49176a01d09e9,2021,Regular Season
ESPORTSTMNT03/1757515,2021_LoL_esports_match_data_from_OraclesElixir.csv,LCK,Spring,0,http://matchhistory.na.leagueoflegends.com/en/#match-details/ESPORTSTMNT03/1757515?gameHash=5a989520f3710889,2021,Regular Season
ESPORTSTMNT03/1757538,2021_LoL_esports_match_data_from_OraclesElixir.csv,LCK,Spring,0,http://matchhistory.na.leagueoflegends.com/en/#match-details/ESPORTSTMNT03/1757538?gameHash=cfc7ff277889b145,2021,Regular Season
ESPORTSTMNT03/1757545,2021_LoL_esports_match_data_from_OraclesElixir.csv,LCK,Spring,0,http://matchhistory.na.leagueoflegends.com/en/#match-details/ESPORTSTMNT03/1757545?gameHash=9c76e3fee14b3d65,2021,Regular Season
ESPORTSTMNT03/1757554,2021_LoL_esports_match_data_from_OraclesElixir.csv,LCK,Spring,0,http://matchhistory.na.leagueoflegends.com/en/#match-details/ESPORTSTMNT03/1757554?gameHash=db0cf89fe028f7e6,2021,Regular Season
ESPORTSTMNT03/1757588,2021_LoL_esports_match_data_from_OraclesElixir.csv,LCK,Spring,0,http://matchhistory.na.leagueoflegends.com/en/#match-details/ESPORTSTMNT03/1757588?gameHash=d0ad2bd48cea645e,2021,Regular Season
ESPORTSTMNT03/1757799,2021_LoL_esports_match_data_from_OraclesElixir.csv,LCK,Spring,0,http://matchhistory.na.leagueoflegends.com/en/#match-details/ESPORTSTMNT03/1757799?gameHash=7b325a9292c36d0e,2021,Regular Season
ESPORTSTMNT03/1757821,2021_LoL_esports_match_data_from_OraclesElixir.csv,LCK,Spring,0,http://matchhistory.na.leagueoflegends.com/en/#match-details/ESPORTSTMNT03/1757821?gameHash=86510ee8f8b3cb72,2021,Regular Season
ESPORTSTMNT03/1757851,2021_LoL_esports_match_data_from_OraclesElixir.csv,LCK,Spring,0,http://matchhistory.na.leagueoflegends.com/en/#match-details/ESPORTSTMNT03/1757851?gameHash=5cfc4127e343abcf,2021,Regular Season
ESPORTSTMNT03/1757878,2021_LoL_esports_match_data_from_OraclesElixir.csv,LCK,Spring,0,http://matchhistory.na.leagueoflegends.com/en/#match-details/ESPORTSTMNT03/1757878?gameHash=18062aba09fa1396,2021,Regular Season
ESPORTSTMNT03/1757884,2021_LoL_esports_match_data_from_OraclesElixir.csv,LCK,Spring,0,http://matchhistory.na.leagueoflegends.com/en/#match-details/ESPORTSTMNT03/1757884?gameHash=abc26a25fedcfa09,2021,Regular Season
ESPORTSTMNT03/1767577,2021_LoL_esports_match_data_from_OraclesElixir.csv,LCK,Spring,0,http://matchhistory.na.leagueoflegends.com/en/#match-details/ESPORTSTMNT03/1767577?gameHash=4bf522cfb2651ffd,2021,Regular Season
ESPORTSTMNT03/1767595,2021_LoL_esports_match_data_from_OraclesElixir.csv,LCK,Spring,0,http://matchhistory.na.leagueoflegends.com/en/#match-details/ESPORTSTMNT03/1767595?gameHash=60c0ece11d603f43,2021,Regular Season
ESPORTSTMNT03/1767621,2021_LoL_esports_match_data_from_OraclesElixir.csv,LCK,Spring,0,http://matchhistory.na.leagueoflegends.com/en/#match-details/ESPORTSTMNT03/1767621?gameHash=eedee2c97c2b8f0a,2021,Regular Season
ESPORTSTMNT03/1767625,2021_LoL_esports_match_data_from_OraclesElixir.csv,LCK,Spring,0,http://matchhistory.na.leagueoflegends.com/en/#match-details/ESPORTSTMNT03/1767625?gameHash=ee2ee389ea0ee871,2021,Regular Season
ESPORTSTMNT03/1767673,2021_LoL_esports_match_data_from_OraclesElixir.csv,LCK,Spring,0,http://matchhistory.na.leagueoflegends.com/en/#match-details/ESPORTSTMNT03/1767673?gameHash=dc2cf68354f59f9a,2021,Regular Season
ESPORTSTMNT01/1883099,2021_LoL_esports_match_data_from_OraclesElixir.csv,LCK,Spring,0,http://matchhistory.na.leagueoflegends.com/en/#match-details/ESPORTSTMNT01/1883099?gameHash=93ebd5f9351090df,2021,Regular Season
ESPORTSTMNT01/1883174,2021_LoL_esports_match_data_from_OraclesElixir.csv,LCK,Spring,0,http://matchhistory.na.leagueoflegends.com/en/#match-details/ESPORTSTMNT01/1883174?gameHash=de1be710bc6ff48f,2021,Regular Season
ESPORTSTMNT01/1883184,2021_LoL_esports_match_data_from_OraclesElixir.csv,LCK,Spring,0,http://matchhistory.na.leagueoflegends.com/en/#match-details/ESPORTSTMNT01/1883184?gameHash=75458ecc5971bf4b,2021,Regular Season
ESPORTSTMNT01/1883205,2021_LoL_esports_match_data_from_OraclesElixir.csv,LCK,Spring,0,http://matchhistory.na.leagueoflegends.com/en/#match-details/ESPORTSTMNT01/1883205?gameHash=989fc9837ccebd23,2021,Regular Season
ESPORTSTMNT01/1883256,2021_LoL_esports_match_data_from_OraclesElixir.csv,LCK,Spring,0,http://matchhistory.na.leagueoflegends.com/en/#match-details/ESPORTSTMNT01/1883256?gameHash=67037ccfa2825b1f,2021,Regular Season
ESPORTSTMNT01/1893701,2021_LoL_esports_match_data_from_OraclesElixir.csv,LCK,Spring,0,http://matchhistory.na.leagueoflegends.com/en/#match-details/ESPORTSTMNT01/1893701?gameHash=ee065f68a49bea63,2021,Regular Season
ESPORTSTMNT01/1883810,2021_LoL_esports_match_data_from_OraclesElixir.csv,LCK,Spring,0,http://matchhistory.na.leagueoflegends.com/en/#match-details/ESPORTSTMNT01/1883810?gameHash=46851f8f470b0f17,2021,Regular Season
ESPORTSTMNT01/1883825,2021_LoL_esports_match_data_from_OraclesElixir.csv,LCK,Spring,0,http://matchhistory.na.leagueoflegends.com/en/#match-details/ESPORTSTMNT01/1883825?gameHash=0dcfc484dbaa90c2,2021,Regular Season
ESPORTSTMNT01/1883878,2021_LoL_esports_match_data_from_OraclesElixir.csv,LCK,Spring,0,http://matchhistory.na.leagueoflegends.com/en/#match-details/ESPORTSTMNT01/1883878?gameHash=8b937f19db9ed234,2021,Regular Season
ESPORTSTMNT01/1884359,2021_LoL_esports_match_data_from_OraclesElixir.csv,LCK,Spring,0,http://matchhistory.na.leagueoflegends.com/en/#match-details/ESPORTSTMNT01/1884359?gameHash=ba8336c6d92d7c05,2021,Regular Season
ESPORTSTMNT01/1884446,2021_LoL_esports_match_data_from_OraclesElixir.csv,LCK,Spring,0,http://matchhistory.na.leagueoflegends.com/en/#match-details/ESPORTSTMNT01/1884446?gameHash=817828c7ad0dd9b7,2021,Regular Season
ESPORTSTMNT01/1894384,2021_LoL_esports_match_data_from_OraclesElixir.csv,LCK,Spring,0,http://matchhistory.na.leagueoflegends.com/en/#match-details/ESPORTSTMNT01/1894384?gameHash=f0dfde15f0a944f7,2021,Regular Season
ESPORTSTMNT01/1894450,2021_LoL_esports_match_data_from_OraclesElixir.csv,LCK,Spring,0,http://matchhistory.na.leagueoflegends.com/en/#match-details/ESPORTSTMNT01/1894450?gameHash=dbe99d21867d6028,2021,Regular Season
ESPORTSTMNT01/1885059,2021_LoL_esports_match_data_from_OraclesElixir.csv,LCK,Spring,0,http://matchhistory.na.leagueoflegends.com/en/#match-details/ESPORTSTMNT01/1885059?gameHash=c23bca799f9ce898,2021,Regular Season
ESPORTSTMNT01/1885092,2021_LoL_esports_match_data_from_OraclesElixir.csv,LCK,Spring,0,http://matchhistory.na.leagueoflegends.com/en/#match-details/ESPORTSTMNT01/1885092?gameHash=49cd9036fb3b320e,2021,Regular Season
ESPORTSTMNT01/1885129,2021_LoL_esports_match_data_from_OraclesElixir.csv,LCK,Spring,0,http://matchhistory.na.leagueoflegends.com/en/#match-details/ESPORTSTMNT01/1885129?gameHash=a2793a859b25ff8a,2021,Regular Season
ESPORTSTMNT01/1885163,2021_LoL_esports_match_data_from_OraclesElixir.csv,LCK,Spring,0,http://matchhistory.na.leagueoflegends.com/en/#match-details/ESPORTSTMNT01/1885163?gameHash=21d6065b9600a6d9,2021,Regular Season
ESPORTSTMNT01/1886731,2021_LoL_esports_match_data_from_OraclesElixir.csv,LCK,Spring,0,http://matchhistory.na.leagueoflegends.com/en/#match-details/ESPORTSTMNT01/1886731?gameHash=8a6cb982dbafb5b9,2021,Regular Season
ESPORTSTMNT01/1886743,2021_LoL_esports_match_data_from_OraclesElixir.csv,LCK,Spring,0,http://matchhistory.na.leagueoflegends.com/en/#match-details/ESPORTSTMNT01/1886743?gameHash=3dc795b43ad5ef45,2021,Regular Season
ESPORTSTMNT01/1886762,2021_LoL_esports_match_data_from_OraclesElixir.csv,LCK,Spring,0,http://matchhistory.na.leagueoflegends.com/en/#match-details/ESPORTSTMNT01/1886762?gameHash=726bfccd50855969,2021,Regular Season
ESPORTSTMNT01/1886793,2021_LoL_esports_match_data_from_OraclesElixir.csv,LCK,Spring,0,http://matchhistory.na.leagueoflegends.com/en/#match-details/ESPORTSTMNT01/1886793?gameHash=12d7554c0ee870bf,2021,Regular Season
ESPORTSTMNT01/1896701,2021_LoL_esports_match_data_from_OraclesElixir.csv,LCK,Spring,0,http://matchhistory.na.leagueoflegends.com/en/#match-details/ESPORTSTMNT01/1896701?gameHash=b5f757080fbc9aed,2021,Regular Season
ESPORTSTMNT01/1896731,2021_LoL_esports_match_data_from_OraclesElixir.csv,LCK,Spring,0,http://matchhistory.na.leagueoflegends.com/en/#match-details/ESPORTSTMNT01/1896731?gameHash=47890090c53169bd,2021,Regular Season
ESPORTSTMNT01/1896753,2021_LoL_esports_match_data_from_OraclesElixir.csv,LCK,Spring,0,http://matchhistory.na.leagueoflegends.com/en/#match-details/ESPORTSTMNT01/1896753?gameHash=91044b18e3cd60bd,2021,Regular Season
ESPORTSTMNT01/1896801,2021_LoL_esports_match_data_from_OraclesElixir.csv,LCK,Spring,0,http://matchhistory.na.leagueoflegends.com/en/#match-details/ESPORTSTMNT01/1896801?gameHash=e3d51d4789516cb8,2021,Regular Season
ESPORTSTMNT01/1896808,2021_LoL_esports_match_data_from_OraclesElixir.csv,LCK,Spring,0,http://matchhistory.na.leagueoflegends.com/en/#match-details/ESPORTSTMNT01/1896808?gameHash=3a6506d92338fe18,2021,Regular Season
ESPORTSTMNT01/1887149,2021_LoL_esports_match_data_from_OraclesElixir.csv,LCK,Spring,0,http://matchhistory.na.leagueoflegends.com/en/#match-details/ESPORTSTMNT01/1887149?gameHash=003f7fc35bc4deca,2021,Regular Season
ESPORTSTMNT01/1887197,2021_LoL_esports_match_data_from_OraclesElixir.csv,LCK,Spring,0,http://matchhistory.na.leagueoflegends.com/en/#match-details/ESPORTSTMNT01/1887197?gameHash=986c6d818249f6d7,2021,Regular Season
ESPORTSTMNT01/1887206,2021_LoL_esports_match_data_from_OraclesElixir.csv,LCK,Spring,0,http://matchhistory.na.leagueoflegends.com/en/#match-details/ESPORTSTMNT01/1887206?gameHash=54c4cb5c63e1bb9d,2021,Regular Season
ESPORTSTMNT01/1887241,2021_LoL_esports_match_data_from_OraclesElixir.csv,LCK,Spring,0,http://matchhistory.na.leagueoflegends.com/en/#match-details/ESPORTSTMNT01/1887241?gameHash=b93fd2e94b78b226,2021,Regular Season
ESPORTSTMNT01/1887346,2021_LoL_esports_match_data_from_OraclesElixir.csv,LCK,Spring,0,http://matchhistory.na.leagueoflegends.com/en/#match-details/ESPORTSTMNT01/1887346?gameHash=86857124f4b76fe2,2021,Regular Season
ESPORTSTMNT01/1887363,2021_LoL_esports_match_data_from_OraclesElixir.csv,LCK,Spring,0,http://matchhistory.na.leagueoflegends.com/en/#match-details/ESPORTSTMNT01/1887363?gameHash=8ac7a8407477ca95,2021,Regular Season
ESPORTSTMNT01/1887390,2021_LoL_esports_match_data_from_OraclesElixir.csv,LCK,Spring,0,http://matchhistory.na.leagueoflegends.com/en/#match-details/ESPORTSTMNT01/1887390?gameHash=e39597ac5e151818,2021,Regular Season
ESPORTSTMNT01/1887400,2021_LoL_esports_match_data_from_OraclesElixir.csv,LCK,Spring,0,http://matchhistory.na.leagueoflegends.com/en/#match-details/ESPORTSTMNT01/1887400?gameHash=7db9eac5cb127cb6,2021,Regular Season
ESPORTSTMNT01/1887455,2021_LoL_esports_match_data_from_OraclesElixir.csv,LCK,Spring,0,http://matchhistory.na.leagueoflegends.com/en/#match-details/ESPORTSTMNT01/1887455?gameHash=4f6e6c7c5210235f,2021,Regular Season
ESPORTSTMNT02/1733774,2021_LoL_esports_match_data_from_OraclesElixir.csv,LCK,Spring,0,http://matchhistory.na.leagueoflegends.com/en/#match-details/ESPORTSTMNT02/1733774?gameHash=f82c37a9a6356fe3,2021,Regular Season
ESPORTSTMNT02/1733852,2021_LoL_esports_match_data_from_OraclesElixir.csv,LCK,Spring,0,http://matchhistory.na.leagueoflegends.com/en/#match-details/ESPORTSTMNT02/1733852?gameHash=d2964bfa7df188c8,2021,Regular Season
ESPORTSTMNT02/1733887,2021_LoL_esports_match_data_from_OraclesElixir.csv,LCK,Spring,0,http://matchhistory.na.leagueoflegends.com/en/#match-details/ESPORTSTMNT02/1733887?gameHash=2719d0f71d566510,2021,Regular Season
ESPORTSTMNT02/1733942,2021_LoL_esports_match_data_from_OraclesElixir.csv,LCK,Spring,0,http://matchhistory.na.leagueoflegends.com/en/#match-details/ESPORTSTMNT02/1733942?gameHash=3273a1578b83a10b,2021,Regular Season
ESPORTSTMNT02/1733971,2021_LoL_esports_match_data_from_OraclesElixir.csv,LCK,Spring,0,http://matchhistory.na.leagueoflegends.com/en/#match-details/ESPORTSTMNT02/1733971?gameHash=58e9dd707c5a12d0,2021,Regular Season
ESPORTSTMNT02/1734320,2021_LoL_esports_match_data_from_OraclesElixir.csv,LCK,Spring,0,http://matchhistory.na.leagueoflegends.com/en/#match-details/ESPORTSTMNT02/1734320?gameHash=eedf8741fcda5797,2021,Regular Season
ESPORTSTMNT02/1734394,2021_LoL_esports_match_data_from_OraclesElixir.csv,LCK,Spring,0,http://matchhistory.na.leagueoflegends.com/en/#match-details/ESPORTSTMNT02/1734394?gameHash=b280124c1aea9d5c,2021,Regular Season
ESPORTSTMNT02/1734439,2021_LoL_esports_match_data_from_OraclesElixir.csv,LCK,Spring,0,http://matchhistory.na.leagueoflegends.com/en/#match-details/ESPORTSTMNT02/1734439?gameHash=cd447d92aca7f700,2021,Regular Season
ESPORTSTMNT02/1734480,2021_LoL_esports_match_data_from_OraclesElixir.csv,LCK,Spring,0,http://matchhistory.na.leagueoflegends.com/en/#match-details/ESPORTSTMNT02/1734480?gameHash=fb4a3920776a329e,2021,Regular Season
ESPORTSTMNT02/1724836,2021_LoL_esports_match_data_from_OraclesElixir.csv,LCK,Spring,0,http://matchhistory.na.leagueoflegends.com/en/#match-details/ESPORTSTMNT02/1724836?gameHash=387b6cc063be3d27,2021,Regular Season
ESPORTSTMNT02/1724893,2021_LoL_esports_match_data_from_OraclesElixir.csv,LCK,Spring,0,http://matchhistory.na.leagueoflegends.com/en/#match-details/ESPORTSTMNT02/1724893?gameHash=6d21b3963e988058,2021,Regular Season
ESPORTSTMNT02/1724915,2021_LoL_esports_match_data_from_OraclesElixir.csv,LCK,Spring,0,http://matchhistory.na.leagueoflegends.com/en/#match-details/ESPORTSTMNT02/1724915?gameHash=e9b5951159df260d,2021,Regular Season
ESPORTSTMNT02/1724999,2021_LoL_esports_match_data_from_OraclesElixir.csv,LCK,Spring,0,http://matchhistory.na.leagueoflegends.com/en/#match-details/ESPORTSTMNT02/1724999?gameHash=abdf6b671fb028e3,2021,Regular Season
ESPORTSTMNT02/1725021,2021_LoL_esports_match_data_from_OraclesElixir.csv,LCK,Spring,0,http://matchhistory.na.leagueoflegends.com/en/#match-details/ESPORTSTMNT02/1725021?gameHash=2757ecf8c53b93c4,2021,Regular Season
ESPORTSTMNT02/1735176,2021_LoL_esports_match_data_from_OraclesElixir.csv,LCK,Spring,0,http://matchhistory.na.leagueoflegends.com/en/#match-details/ESPORTSTMNT02/1735176?gameHash=f027418a4d37e321,2021,Regular Season
ESPORTSTMNT02/1735182,2021_LoL_esports_match_data_from_OraclesElixir.csv,LCK,Spring,0,http://matchhistory.na.leagueoflegends.com/en/#match-details/ESPORTSTMNT02/1735182?gameHash=e633ae45d63f0831,2021,Regular Season
ESPORTSTMNT02/1735199,2021_LoL_esports_match_data_from_OraclesElixir.csv,LCK,Spring,0,http://matchhistory.na.leagueoflegends.com/en/#match-details/ESPORTSTMNT02/1735199?gameHash=b6885df52618d750,2021,Regular Season
ESPORTSTMNT02/1735242,2021_LoL_esports_match_data_from_OraclesElixir.csv,LCK,Spring,0,http://matchhistory.na.leagueoflegends.com/en/#match-details/ESPORTSTMNT02/1735242?gameHash=f36efa87f80ca4fe,2021,Regular Season
ESPORTSTMNT02/1735257,2021_LoL_esports_match_data_from_OraclesElixir.csv,LCK,Spring,0,http://matchhistory.na.leagueoflegends.com/en/#match-details/ESPORTSTMNT02/1735257?gameHash=9fc6401dbf355166,2021,Regular Season
ESPORTSTMNT02/1736216,2021_LoL_esports_match_data_from_OraclesElixir.csv,LCK,Spring,0,https://matchhistory.na.leagueoflegends.com/en/#match-details/ESPORTSTMNT02/1736216?gameHash=9225d0f69eb5684c,2021,Regular Season
ESPORTSTMNT02/1736240,2021_LoL_esports_match_data_from_OraclesElixir.csv,LCK,Spring,0,http://matchhistory.na.leagueoflegends.com/en/#match-details/ESPORTSTMNT02/1736240?gameHash=54d708c2030e5f76,2021,Regular Season
ESPORTSTMNT02/1736247,2021_LoL_esports_match_data_from_OraclesElixir.csv,LCK,Spring,0,http://matchhistory.na.leagueoflegends.com/en/#match-details/ESPORTSTMNT02/1736247?gameHash=adda39950c9db001,2021,Regular Season
ESPORTSTMNT02/1736266,2021_LoL_esports_match_data_from_OraclesElixir.csv,LCK,Spring,0,http://matchhistory.na.leagueoflegends.com/en/#match-details/ESPORTSTMNT02/1736266?gameHash=57336ac0027375f9,2021,Regular Season
ESPORTSTMNT02/1736270,2021_LoL_esports_match_data_from_OraclesElixir.csv,LCK,Spring,0,http://matchhistory.na.leagueoflegends.com/en/#match-details/ESPORTSTMNT02/1736270?gameHash=724b3bfa4c6ab3d3,2021,Regular Season
ESPORTSTMNT02/1736425,2021_LoL_esports_match_data_from_OraclesElixir.csv,LCK,Spring,0,http://matchhistory.na.leagueoflegends.com/en/#match-details/ESPORTSTMNT02/1736425?gameHash=e92a0a3f473b5c49,2021,Regular Season
ESPORTSTMNT02/1736496,2021_LoL_esports_match_data_from_OraclesElixir.csv,LCK,Spring,0,http://matchhistory.na.leagueoflegends.com/en/#match-details/ESPORTSTMNT02/1736496?gameHash=b7e81d007b2c594e,2021,Regular Season
ESPORTSTMNT02/1736518,2021_LoL_esports_match_data_from_OraclesElixir.csv,LCK,Spring,0,http://matchhistory.na.leagueoflegends.com/en/#match-details/ESPORTSTMNT02/1736518?gameHash=bb9e6df14aa1c614,2021,Regular Season
ESPORTSTMNT02/1736533,2021_LoL_esports_match_data_from_OraclesElixir.csv,LCK,Spring,0,http://matchhistory.na.leagueoflegends.com/en/#match-details/ESPORTSTMNT02/1736533?gameHash=6e8ffe0efe9853ec,2021,Regular Season
ESPORTSTMNT02/1770074,2021_LoL_esports_match_data_from_OraclesElixir.csv,LCK,Spring,0,http://matchhistory.na.leagueoflegends.com/en/#match-details/ESPORTSTMNT02/1770074?gameHash=9a0bce7c56892551,2021,Regular Season
ESPORTSTMNT02/1770115,2021_LoL_esports_match_data_from_OraclesElixir.csv,LCK,Spring,0,http://matchhistory.na.leagueoflegends.com/en/#match-details/ESPORTSTMNT02/1770115?gameHash=83cd711bf4e33472,2021,Regular Season
ESPORTSTMNT02/1770132,2021_LoL_esports_match_data_from_OraclesElixir.csv,LCK,Spring,0,http://matchhistory.na.leagueoflegends.com/en/#match-details/ESPORTSTMNT02/1770132?gameHash=59d2f0b9f546f4f4,2021,Regular Season
ESPORTSTMNT02/1770137,2021_LoL_esports_match_data_from_OraclesElixir.csv,LCK,Spring,0,http://matchhistory.na.leagueoflegends.com/en/#match-details/ESPORTSTMNT02/1770137?gameHash=8e0313745c6ec58d,2021,Regular Season
ESPORTSTMNT02/1770153,2021_LoL_esports_match_data_from_OraclesElixir.csv,LCK,Spring,0,http://matchhistory.na.leagueoflegends.com/en/#match-details/ESPORTSTMNT02/1770153?gameHash=61938a53e2c09c78,2021,Regular Season
ESPORTSTMNT02/1770188,2021_LoL_esports_match_data_from_OraclesElixir.csv,LCK,Spring,0,http://matchhistory.na.leagueoflegends.com/en/#match-details/ESPORTSTMNT02/1770188?gameHash=c5e9e67d4ce586d1,2021,Regular Season
ESPORTSTMNT02/1770207,2021_LoL_esports_match_data_from_OraclesElixir.csv,LCK,Spring,0,http://matchhistory.na.leagueoflegends.com/en/#match-details/ESPORTSTMNT02/1770207?gameHash=ae2e603de5cde4a4,2021,Regular Season
ESPORTSTMNT02/1770235,2021_LoL_esports_match_data_from_OraclesElixir.csv,LCK,Spring,0,http://matchhistory.na.leagueoflegends.com/en/#match-details/ESPORTSTMNT02/1770235?gameHash=b1f31fa0b4cdb6ac,2021,Regular Season
ESPORTSTMNT02/1770266,2021_LoL_esports_match_data_from_OraclesElixir.csv,LCK,Spring,0,http://matchhistory.na.leagueoflegends.com/en/#match-details/ESPORTSTMNT02/1770266?gameHash=3914721af37780ad,2021,Regular Season
ESPORTSTMNT02/1770275,2021_LoL_esports_match_data_from_OraclesElixir.csv,LCK,Spring,0,http://matchhistory.na.leagueoflegends.com/en/#match-details/ESPORTSTMNT02/1770275?gameHash=a6e4a1f9f5f5bedd,2021,Regular Season
ESPORTSTMNT03/1812827,2021_LoL_esports_match_data_from_OraclesElixir.csv,LCK,Spring,1,http://matchhistory.na.leagueoflegends.com/en/#match-details/ESPORTSTMNT03/1812827?gameHash=28278b947e11faad,2021,Playoff
ESPORTSTMNT03/1812850,2021_LoL_esports_match_data_from_OraclesElixir.csv,LCK,Spring,1,http://matchhistory.na.leagueoflegends.com/en/#match-details/ESPORTSTMNT03/1812850?gameHash=8734447ed1cdbb76,2021,Playoff
ESPORTSTMNT03/1812864,2021_LoL_esports_match_data_from_OraclesElixir.csv,LCK,Spring,1,http://matchhistory.na.leagueoflegends.com/en/#match-details/ESPORTSTMNT03/1812864?gameHash=3d86ad41999daaaf,2021,Playoff
ESPORTSTMNT03/1812885,2021_LoL_esports_match_data_from_OraclesElixir.csv,LCK,Spring,1,http://matchhistory.na.leagueoflegends.com/en/#match-details/ESPORTSTMNT03/1812885?gameHash=777f9bd48b618bb8,2021,Playoff
ESPORTSTMNT03/1812903,2021_LoL_esports_match_data_from_OraclesElixir.csv,LCK,Spring,1,http://matchhistory.na.leagueoflegends.com/en/#match-details/ESPORTSTMNT03/1812903?gameHash=3b82c920345a5c2b,2021,Playoff
ESPORTSTMNT03/1813176,2021_LoL_esports_match_data_from_OraclesElixir.csv,LCK,Spring,1,http://matchhistory.na.leagueoflegends.com/en/#match-details/ESPORTSTMNT03/1813176?gameHash=5e0782ac477822ca,2021,Playoff
ESPORTSTMNT03/1813217,2021_LoL_esports_match_data_from_OraclesElixir.csv,LCK,Spring,1,http://matchhistory.na.leagueoflegends.com/en/#match-details/ESPORTSTMNT03/1813217?gameHash=5b1c00bb6c32368c,2021,Playoff
ESPORTSTMNT03/1813262,2021_LoL_esports_match_data_from_OraclesElixir.csv,LCK,Spring,1,http://matchhistory.na.leagueoflegends.com/en/#match-details/ESPORTSTMNT03/1813262?gameHash=8f940bd5e449d4eb,2021,Playoff
ESPORTSTMNT03/1813278,2021_LoL_esports_match_data_from_OraclesElixir.csv,LCK,Spring,1,http://matchhistory.na.leagueoflegends.com/en/#match-details/ESPORTSTMNT03/1813278?gameHash=17b87451d2aefb81,2021,Playoff
ESPORTSTMNT03/1823928,2021_LoL_esports_match_data_from_OraclesElixir.csv,LCK,Spring,1,http://matchhistory.na.leagueoflegends.com/en/#match-details/ESPORTSTMNT03/1823928?gameHash=ade4272ab08e08ce,2021,Playoff
ESPORTSTMNT03/1823960,2021_LoL_esports_match_data_from_OraclesElixir.csv,LCK,Spring,1,http://matchhistory.na.leagueoflegends.com/en/#match-details/ESPORTSTMNT03/1823960?gameHash=90a73026369adf07,2021,Playoff
ESPORTSTMNT03/1823974,2021_LoL_esports_match_data_from_OraclesElixir.csv,LCK,Spring,1,http://matchhistory.na.leagueoflegends.com/en/#match-details/ESPORTSTMNT03/1823974?gameHash=64588c26e85bc61a,2021,Playoff
ESPORTSTMNT03/1814273,2021_LoL_esports_match_data_from_OraclesElixir.csv,LCK,Spring,1,http://matchhistory.na.leagueoflegends.com/en/#match-details/ESPORTSTMNT03/1814273?gameHash=1345c4d4cbdcf846,2021,Playoff
ESPORTSTMNT03/1814382,2021_LoL_esports_match_data_from_OraclesElixir.csv,LCK,Spring,1,http://matchhistory.na.leagueoflegends.com/en/#match-details/ESPORTSTMNT03/1814382?gameHash=7866bea63d929b96,2021,Playoff
ESPORTSTMNT03/1814411,2021_LoL_esports_match_data_from_OraclesElixir.csv,LCK,Spring,1,http://matchhistory.na.leagueoflegends.com/en/#match-details/ESPORTSTMNT03/1814411?gameHash=54d5fdfa695e93b7,2021,Playoff
ESPORTSTMNT03/1816080,2021_LoL_esports_match_data_from_OraclesElixir.csv,LCK,Spring,1,http://matchhistory.na.leagueoflegends.com/en/#match-details/ESPORTSTMNT03/1816080?gameHash=4fac1ceaee2cf2ed,2021,Playoff
ESPORTSTMNT03/1816145,2021_LoL_esports_match_data_from_OraclesElixir.csv,LCK,Spring,1,http://matchhistory.na.leagueoflegends.com/en/#match-details/ESPORTSTMNT03/1816145?gameHash=c6ca69c09cfbcf88,2021,Playoff
ESPORTSTMNT03/1816183,2021_LoL_esports_match_data_from_OraclesElixir.csv,LCK,Spring,1,http://matchhistory.na.leagueoflegends.com/en/#match-details/ESPORTSTMNT03/1816183?gameHash=de46e8fd64e141e8,2021,Playoff
ESPORTSTMNT02_1925944,2021_LoL_esports_match_data_from_OraclesElixir.csv,LCK,Summer,0,http://matchhistory.na.leagueoflegends.com/en/#match-details/ESPORTSTMNT02/1925944?gameHash=baf64381a8551952,2021,Regular Season
ESPORTSTMNT02_1925978,2021_LoL_esports_match_data_from_OraclesElixir.csv,LCK,Summer,0,http://matchhistory.na.leagueoflegends.com/en/#match-details/ESPORTSTMNT02/1925978?gameHash=fcd24c94d314bd83,2021,Regular Season
ESPORTSTMNT02_1925987,2021_LoL_esports_match_data_from_OraclesElixir.csv,LCK,Summer,0,http://matchhistory.na.leagueoflegends.com/en/#match-details/ESPORTSTMNT02/1925987?gameHash=14aebd45eb40f230,2021,Regular Season
ESPORTSTMNT02_1926050,2021_LoL_esports_match_data_from_OraclesElixir.csv,LCK,Summer,0,http://matchhistory.na.leagueoflegends.com/en/#match-details/ESPORTSTMNT02/1926050?gameHash=d7ece5cb2d8b5b15,2021,Regular Season
ESPORTSTMNT02_1936232,2021_LoL_esports_match_data_from_OraclesElixir.csv,LCK,Summer,0,http://matchhistory.na.leagueoflegends.com/en/#match-details/ESPORTSTMNT02/1936232?gameHash=9c7b012e1128b628,2021,Regular Season
ESPORTSTMNT02_1936280,2021_LoL_esports_match_data_from_OraclesElixir.csv,LCK,Summer,0,http://matchhistory.na.leagueoflegends.com/en/#match-details/ESPORTSTMNT02/1936280?gameHash=c52743c78ff982a1,2021,Regular Season
ESPORTSTMNT02_1936296,2021_LoL_esports_match_data_from_OraclesElixir.csv,LCK,Summer,0,http://matchhistory.na.leagueoflegends.com/en/#match-details/ESPORTSTMNT02/1936296?gameHash=44770c0d62107450,2021,Regular Season
ESPORTSTMNT02_1936302,2021_LoL_esports_match_data_from_OraclesElixir.csv,LCK,Summer,0,http://matchhistory.na.leagueoflegends.com/en/#match-details/ESPORTSTMNT02/1936302?gameHash=b1a5fe9cf1b74e07,2021,Regular Season
ESPORTSTMNT02_1926957,2021_LoL_esports_match_data_from_OraclesElixir.csv,LCK,Summer,0,http://matchhistory.na.leagueoflegends.com/en/#match-details/ESPORTSTMNT02/1926957?gameHash=a5f38d4d8e9557a5,2021,Regular Season
ESPORTSTMNT02_1926968,2021_LoL_esports_match_data_from_OraclesElixir.csv,LCK,Summer,0,http://matchhistory.na.leagueoflegends.com/en/#match-details/ESPORTSTMNT02/1926968?gameHash=ec3297d3114d6e70,2021,Regular Season
ESPORTSTMNT02_1927373,2021_LoL_esports_match_data_from_OraclesElixir.csv,LCK,Summer,0,http://matchhistory.na.leagueoflegends.com/en/#match-details/ESPORTSTMNT02/1927373?gameHash=459f6f81c9856bd6,2021,Regular Season
ESPORTSTMNT02_1927434,2021_LoL_esports_match_data_from_OraclesElixir.csv,LCK,Summer,0,http://matchhistory.na.leagueoflegends.com/en/#match-details/ESPORTSTMNT02/1927434?gameHash=f4bd192e7b17310d,2021,Regular Season
ESPORTSTMNT02_1927478,2021_LoL_esports_match_data_from_OraclesElixir.csv,LCK,Summer,0,http://matchhistory.na.leagueoflegends.com/en/#match-details/ESPORTSTMNT02/1927478?gameHash=3d02d3b24bc83b17,2021,Regular Season
ESPORTSTMNT02_1927485,2021_LoL_esports_match_data_from_OraclesElixir.csv,LCK,Summer,0,http://matchhistory.na.leagueoflegends.com/en/#match-details/ESPORTSTMNT02/1927485?gameHash=2481e0c81ce0d3e5,2021,Regular Season
ESPORTSTMNT02_1927548,2021_LoL_esports_match_data_from_OraclesElixir.csv,LCK,Summer,0,http://matchhistory.na.leagueoflegends.com/en/#match-details/ESPORTSTMNT02/1927548?gameHash=9043ce27ee829b23,2021,Regular Season
ESPORTSTMNT02_1927565,2021_LoL_esports_match_data_from_OraclesElixir.csv,LCK,Summer,0,http://matchhistory.na.leagueoflegends.com/en/#match-details/ESPORTSTMNT02/1927565?gameHash=6dcc3224c59e1b7e,2021,Regular Season
ESPORTSTMNT02_1937428,2021_LoL_esports_match_data_from_OraclesElixir.csv,LCK,Summer,0,http://matchhistory.na.leagueoflegends.com/en/#match-details/ESPORTSTMNT02/1937428?gameHash=821a5447db82e261,2021,Regular Season
ESPORTSTMNT02_1937446,2021_LoL_esports_match_data_from_OraclesElixir.csv,LCK,Summer,0,http://matchhistory.na.leagueoflegends.com/en/#match-details/ESPORTSTMNT02/1937446?gameHash=6505501aa2776515,2021,Regular Season
ESPORTSTMNT02_1937449,2021_LoL_esports_match_data_from_OraclesElixir.csv,LCK,Summer,0,http://matchhistory.na.leagueoflegends.com/en/#match-details/ESPORTSTMNT02/1937449?gameHash=58e79607fbe9ce2b,2021,Regular Season
ESPORTSTMNT02_1937455,2021_LoL_esports_match_data_from_OraclesElixir.csv,LCK,Summer,0,http://matchhistory.na.leagueoflegends.com/en/#match-details/ESPORTSTMNT02/1937455?gameHash=147424169bc6d1ce,2021,Regular Season
ESPORTSTMNT02_1937482,2021_LoL_esports_match_data_from_OraclesElixir.csv,LCK,Summer,0,http://matchhistory.na.leagueoflegends.com/en/#match-details/ESPORTSTMNT02/1937482?gameHash=f0ebcb19004c9396,2021,Regular Season
ESPORTSTMNT02_1937860,2021_LoL_esports_match_data_from_OraclesElixir.csv,LCK,Summer,0,http://matchhistory.na.leagueoflegends.com/en/#match-details/ESPORTSTMNT02/1937860?gameHash=69203ba511cd6c65,2021,Regular Season
ESPORTSTMNT02_1937908,2021_LoL_esports_match_data_from_OraclesElixir.csv,LCK,Summer,0,http://matchhistory.na.leagueoflegends.com/en/#match-details/ESPORTSTMNT02/1937908?gameHash=15435440ed43146a,2021,Regular Season
ESPORTSTMNT02_1937910,2021_LoL_esports_match_data_from_OraclesElixir.csv,LCK,Summer,0,http://matchhistory.na.leagueoflegends.com/en/#match-details/ESPORTSTMNT02/1937910?gameHash=7d107b2319476e17,2021,Regular Season
ESPORTSTMNT02_1937967,2021_LoL_esports_match_data_from_OraclesElixir.csv,LCK,Summer,0,http://matchhistory.na.leagueoflegends.com/en/#match-details/ESPORTSTMNT02/1937967?gameHash=ca394a2be832258b,2021,Regular Season
ESPORTSTMNT02_1960092,2021_LoL_esports_match_data_from_OraclesElixir.csv,LCK,Summer,0,http://matchhistory.na.leagueoflegends.com/en/#match-details/ESPORTSTMNT02/1960092?gameHash=8ea700d5742bdf1b,2021,Regular Season
ESPORTSTMNT02_1960107,2021_LoL_esports_match_data_from_OraclesElixir.csv,LCK,Summer,0,http://matchhistory.na.leagueoflegends.com/en/#match-details/ESPORTSTMNT02/1960107?gameHash=7099bad0cdaade5c,2021,Regular Season
ESPORTSTMNT02_1960114,2021_LoL_esports_match_data_from_OraclesElixir.csv,LCK,Summer,0,http://matchhistory.na.leagueoflegends.com/en/#match-details/ESPORTSTMNT02/1960114?gameHash=83175707bfcfae7c,2021,Regular Season
ESPORTSTMNT02_1960124,2021_LoL_esports_match_data_from_OraclesElixir.csv,LCK,Summer,0,http://matchhistory.na.leagueoflegends.com/en/#match-details/ESPORTSTMNT02/1960124?gameHash=5e9a7574e083a1c2,2021,Regular Season
ESPORTSTMNT02_1960144,2021_LoL_esports_match_data_from_OraclesElixir.csv,LCK,Summer,0,http://matchhistory.na.leagueoflegends.com/en/#match-details/ESPORTSTMNT02/1960144?gameHash=362c780ea7dada10,2021,Regular Season
ESPORTSTMNT02_1960150,2021_LoL_esports_match_data_from_OraclesElixir.csv,LCK,Summer,0,http://matchhistory.na.leagueoflegends.com/en/#match-details/ESPORTSTMNT02/1960150?gameHash=0b9309e0d18944e6,2021,Regular Season
ESPORTSTMNT02_1970285,2021_LoL_esports_match_data_from_OraclesElixir.csv,LCK,Summer,0,http://matchhistory.na.leagueoflegends.com/en/#match-details/ESPORTSTMNT02/1970285?gameHash=4d95f07a18728b98,2021,Regular Season
ESPORTSTMNT02_1970312,2021_LoL_esports_match_data_from_OraclesElixir.csv,LCK,Summer,0,http://matchhistory.na.leagueoflegends.com/en/#match-details/ESPORTSTMNT02/1970312?gameHash=260c756734694452,2021,Regular Season
ESPORTSTMNT02_1970315,2021_LoL_esports_match_data_from_OraclesElixir.csv,LCK,Summer,0,http://matchhistory.na.leagueoflegends.com/en/#match-details/ESPORTSTMNT02/1970315?gameHash=2317da52d1af707a,2021,Regular Season
ESPORTSTMNT02_1960276,2021_LoL_esports_match_data_from_OraclesElixir.csv,LCK,Summer,0,http://matchhistory.na.leagueoflegends.com/en/#match-details/ESPORTSTMNT02/1960276?gameHash=65f4978ba9639517,2021,Regular Season
ESPORTSTMNT02_1970376,2021_LoL_esports_match_data_from_OraclesElixir.csv,LCK,Summer,0,http://matchhistory.na.leagueoflegends.com/en/#match-details/ESPORTSTMNT02/1970376?gameHash=c661c531a8564f6e,2021,Regular Season
ESPORTSTMNT02_1970431,2021_LoL_esports_match_data_from_OraclesElixir.csv,LCK,Summer,0,http://matchhistory.na.leagueoflegends.com/en/#match-details/ESPORTSTMNT02/1970431?gameHash=50d75824218e593b,2021,Regular Season
ESPORTSTMNT02_1970433,2021_LoL_esports_match_data_from_OraclesElixir.csv,LCK,Summer,0,http://matchhistory.na.leagueoflegends.com/en/#match-details/ESPORTSTMNT02/1970433?gameHash=24741a9cdbb62417,2021,Regular Season
ESPORTSTMNT02_1970491,2021_LoL_esports_match_data_from_OraclesElixir.csv,LCK,Summer,0,http://matchhistory.na.leagueoflegends.com/en/#match-details/ESPORTSTMNT02/1970491?gameHash=396f88cfc22e80f3,2021,Regular Season
ESPORTSTMNT02_1970496,2021_LoL_esports_match_data_from_OraclesElixir.csv,LCK,Summer,0,http://matchhistory.na.leagueoflegends.com/en/#match-details/ESPORTSTMNT02/1970496?gameHash=4f63f12bd7738133,2021,Regular Season
ESPORTSTMNT02_1970528,2021_LoL_esports_match_data_from_OraclesElixir.csv,LCK,Summer,0,http://matchhistory.na.leagueoflegends.com/en/#match-details/ESPORTSTMNT02/1970528?gameHash=4e9d02ad02460aed,2021,Regular Season
ESPORTSTMNT02_1970536,2021_LoL_esports_match_data_from_OraclesElixir.csv,LCK,Summer,0,http://matchhistory.na.leagueoflegends.com/en/#match-details/ESPORTSTMNT02/1970536?gameHash=bf5968286305d484,2021,Regular Season
ESPORTSTMNT02_1970542,2021_LoL_esports_match_data_from_OraclesElixir.csv,LCK,Summer,0,http://matchhistory.na.leagueoflegends.com/en/#match-details/ESPORTSTMNT02/1970542?gameHash=f0f0a19904c5b525,2021,Regular Season
ESPORTSTMNT02_1960494,2021_LoL_esports_match_data_from_OraclesElixir.csv,LCK,Summer,0,http://matchhistory.na.leagueoflegends.com/en/#match-details/ESPORTSTMNT02/1960494?gameHash=9e88ef9fa6b2d555,2021,Regular Season
ESPORTSTMNT02_1960496,2021_LoL_esports_match_data_from_OraclesElixir.csv,LCK,Summer,0,http://matchhistory.na.leagueoflegends.com/en/#match-details/ESPORTSTMNT02/1960496?gameHash=57df287c2735a32e,2021,Regular Season
ESPORTSTMNT02_1970582,2021_LoL_esports_match_data_from_OraclesElixir.csv,LCK,Summer,0,http://matchhistory.na.leagueoflegends.com/en/#match-details/ESPORTSTMNT02/1970582?gameHash=7076736ef96a0f45,2021,Regular Season
ESPORTSTMNT02_1970597,2021_LoL_esports_match_data_from_OraclesElixir.csv,LCK,Summer,0,http://matchhistory.na.leagueoflegends.com/en/#match-details/ESPORTSTMNT02/1970597?gameHash=e01183a4d94c4436,2021,Regular Season
ESPORTSTMNT02_1960609,2021_LoL_esports_match_data_from_OraclesElixir.csv,LCK,Summer,0,http://matchhistory.na.leagueoflegends.com/en/#match-details/ESPORTSTMNT02/1960609?gameHash=46442139246893bc,2021,Regular Season
ESPORTSTMNT02_1960637,2021_LoL_esports_match_data_from_OraclesElixir.csv,LCK,Summer,0,http://matchhistory.na.leagueoflegends.com/en/#match-details/ESPORTSTMNT02/1960637?gameHash=da336ad4a3741b4b,2021,Regular Season
ESPORTSTMNT02_1960638,2021_LoL_esports_match_data_from_OraclesElixir.csv,LCK,Summer,0,http://matchhistory.na.leagueoflegends.com/en/#match-details/ESPORTSTMNT02/1960638?gameHash=d1c8b799e816ded6,2021,Regular Season
ESPORTSTMNT03_2003767,2021_LoL_esports_match_data_from_OraclesElixir.csv,LCK,Summer,0,http://matchhistory.na.leagueoflegends.com/en/#match-details/ESPORTSTMNT03/2003767?gameHash=dbc3f150eff6ec02,2021,Regular Season
ESPORTSTMNT03_2003820,2021_LoL_esports_match_data_from_OraclesElixir.csv,LCK,Summer,0,http://matchhistory.na.leagueoflegends.com/en/#match-details/ESPORTSTMNT03/2003820?gameHash=dd34e50359649590,2021,Regular Season
ESPORTSTMNT03_2003841,2021_LoL_esports_match_data_from_OraclesElixir.csv,LCK,Summer,0,http://matchhistory.na.leagueoflegends.com/en/#match-details/ESPORTSTMNT03/2003841?gameHash=5586de37af11dd08,2021,Regular Season
ESPORTSTMNT03_2003878,2021_LoL_esports_match_data_from_OraclesElixir.csv,LCK,Summer,0,http://matchhistory.na.leagueoflegends.com/en/#match-details/ESPORTSTMNT03/2003878?gameHash=93aa3a61f5c7f0ba,2021,Regular Season
ESPORTSTMNT03_2003900,2021_LoL_esports_match_data_from_OraclesElixir.csv,LCK,Summer,0,http://matchhistory.na.leagueoflegends.com/en/#match-details/ESPORTSTMNT03/2003900?gameHash=b76a9cd3259143a0,2021,Regular Season
ESPORTSTMNT03_1994661,2021_LoL_esports_match_data_from_OraclesElixir.csv,LCK,Summer,0,http://matchhistory.na.leagueoflegends.com/en/#match-details/ESPORTSTMNT03/1994661?gameHash=2e01f0458b222681,2021,Regular Season
ESPORTSTMNT03_1994703,2021_LoL_esports_match_data_from_OraclesElixir.csv,LCK,Summer,0,http://matchhistory.na.leagueoflegends.com/en/#match-details/ESPORTSTMNT03/1994703?gameHash=ece4e2a6663b093b,2021,Regular Season
ESPORTSTMNT03_1994706,2021_LoL_esports_match_data_from_OraclesElixir.csv,LCK,Summer,0,http://matchhistory.na.leagueoflegends.com/en/#match-details/ESPORTSTMNT03/1994706?gameHash=7f92f6862318bca5,2021,Regular Season
ESPORTSTMNT03_1994717,2021_LoL_esports_match_data_from_OraclesElixir.csv,LCK,Summer,0,http://matchhistory.na.leagueoflegends.com/en/#match-details/ESPORTSTMNT03/1994717?gameHash=844d8576adbcab9e,2021,Regular Season
ESPORTSTMNT03_1994789,2021_LoL_esports_match_data_from_OraclesElixir.csv,LCK,Summer,0,http://matchhistory.na.leagueoflegends.com/en/#match-details/ESPORTSTMNT03/1994789?gameHash=3a47e45971b3e9cf,2021,Regular Season
ESPORTSTMNT03_1995279,2021_LoL_esports_match_data_from_OraclesElixir.csv,LCK,Summer,0,http://matchhistory.na.leagueoflegends.com/en/#match-details/ESPORTSTMNT03/1995279?gameHash=d910768a5eb82ae2,2021,Regular Season
ESPORTSTMNT03_1995310,2021_LoL_esports_match_data_from_OraclesElixir.csv,LCK,Summer,0,http://matchhistory.na.leagueoflegends.com/en/#match-details/ESPORTSTMNT03/1995310?gameHash=34d5a4f61d948c60,2021,Regular Season
ESPORTSTMNT03_2005328,2021_LoL_esports_match_data_from_OraclesElixir.csv,LCK,Summer,0,http://matchhistory.na.leagueoflegends.com/en/#match-details/ESPORTSTMNT03/2005328?gameHash=b1bdbf3718601d83,2021,Regular Season
ESPORTSTMNT03_1995345,2021_LoL_esports_match_data_from_OraclesElixir.csv,LCK,Summer,0,http://matchhistory.na.leagueoflegends.com/en/#match-details/ESPORTSTMNT03/1995345?gameHash=fc435f3188691db8,2021,Regular Season
ESPORTSTMNT03_1995368,2021_LoL_esports_match_data_from_OraclesElixir.csv,LCK,Summer,0,http://matchhistory.na.leagueoflegends.com/en/#match-details/ESPORTSTMNT03/1995368?gameHash=e31a721d8d427e0f,2021,Regular Season
ESPORTSTMNT03_2005781,2021_LoL_esports_match_data_from_OraclesElixir.csv,LCK,Summer,0,http://matchhistory.na.leagueoflegends.com/en/#match-details/ESPORTSTMNT03/2005781?gameHash=26702f3679642669,2021,Regular Season
ESPORTSTMNT03_2005822,2021_LoL_esports_match_data_from_OraclesElixir.csv,LCK,Summer,0,http://matchhistory.na.leagueoflegends.com/en/#match-details/ESPORTSTMNT03/2005822?gameHash=c6d5d9bfe195a37f,2021,Regular Season
ESPORTSTMNT03_2005839,2021_LoL_esports_match_data_from_OraclesElixir.csv,LCK,Summer,0,http://matchhistory.na.leagueoflegends.com/en/#match-details/ESPORTSTMNT03/2005839?gameHash=4ae9f93fc563361c,2021,Regular Season
ESPORTSTMNT03_2005906,2021_LoL_esports_match_data_from_OraclesElixir.csv,LCK,Summer,0,http://matchhistory.na.leagueoflegends.com/en/#match-details/ESPORTSTMNT03/2005906?gameHash=02c653c0ba854a09,2021,Regular Season
ESPORTSTMNT03/2006272,2021_LoL_esports_match_data_from_OraclesElixir.csv,LCK,Summer,0,http://matchhistory.na.leagueoflegends.com/en/#match-details/ESPORTSTMNT03/2006272?gameHash=6972d541da7cd204,2021,Regular Season
ESPORTSTMNT03_1996218,2021_LoL_esports_match_data_from_OraclesElixir.csv,LCK,Summer,0,http://matchhistory.na.leagueoflegends.com/en/#match-details/ESPORTSTMNT03/1996218?gameHash=452259ce15db461c,2021,Regular Season
ESPORTSTMNT03_1996280,2021_LoL_esports_match_data_from_OraclesElixir.csv,LCK,Summer,0,http://matchhistory.na.leagueoflegends.com/en/#match-details/ESPORTSTMNT03/1996280?gameHash=8ed31dcc379a85a0,2021,Regular Season
ESPORTSTMNT03_1996296,2021_LoL_esports_match_data_from_OraclesElixir.csv,LCK,Summer,0,http://matchhistory.na.leagueoflegends.com/en/#match-details/ESPORTSTMNT03/1996296?gameHash=977203dd889adf93,2021,Regular Season
ESPORTSTMNT03_1997110,2021_LoL_esports_match_data_from_OraclesElixir.csv,LCK,Summer,0,http://matchhistory.na.leagueoflegends.com/en/#match-details/ESPORTSTMNT03/1997110?gameHash=75509f506eeae9de,2021,Regular Season
ESPORTSTMNT03_1997147,2021_LoL_esports_match_data_from_OraclesElixir.csv,LCK,Summer,0,http://matchhistory.na.leagueoflegends.com/en/#match-details/ESPORTSTMNT03/1997147?gameHash=b3122b951330f799,2021,Regular Season
ESPORTSTMNT03_1997159,2021_LoL_esports_match_data_from_OraclesElixir.csv,LCK,Summer,0,http://matchhistory.na.leagueoflegends.com/en/#match-details/ESPORTSTMNT03/1997159?gameHash=70928ef551b92dd2,2021,Regular Season
ESPORTSTMNT03_1997175,2021_LoL_esports_match_data_from_OraclesElixir.csv,LCK,Summer,0,http://matchhistory.na.leagueoflegends.com/en/#match-details/ESPORTSTMNT03/1997175?gameHash=6b3ccff6066251f5,2021,Regular Season
ESPORTSTMNT03_1997190,2021_LoL_esports_match_data_from_OraclesElixir.csv,LCK,Summer,0,http://matchhistory.na.leagueoflegends.com/en/#match-details/ESPORTSTMNT03/1997190?gameHash=85aec6a0ccd26689,2021,Regular Season
ESPORTSTMNT03_1997195,2021_LoL_esports_match_data_from_OraclesElixir.csv,LCK,Summer,0,http://matchhistory.na.leagueoflegends.com/en/#match-details/ESPORTSTMNT03/1997195?gameHash=22c65dc05d146737,2021,Regular Season
ESPORTSTMNT03_2007427,2021_LoL_esports_match_data_from_OraclesElixir.csv,LCK,Summer,0,http://matchhistory.na.leagueoflegends.com/en/#match-details/ESPORTSTMNT03/2007427?gameHash=e9a470a2cef4da42,2021,Regular Season
ESPORTSTMNT03_2007449,2021_LoL_esports_match_data_from_OraclesElixir.csv,LCK,Summer,0,http://matchhistory.na.leagueoflegends.com/en/#match-details/ESPORTSTMNT03/2007449?gameHash=1ee8cf1d79ba2a43,2021,Regular Season
ESPORTSTMNT03_2007453,2021_LoL_esports_match_data_from_OraclesElixir.csv,LCK,Summer,0,http://matchhistory.na.leagueoflegends.com/en/#match-details/ESPORTSTMNT03/2007453?gameHash=57656f094b2e10cf,2021,Regular Season
ESPORTSTMNT03_2007485,2021_LoL_esports_match_data_from_OraclesElixir.csv,LCK,Summer,0,http://matchhistory.na.leagueoflegends.com/en/#match-details/ESPORTSTMNT03/2007485?gameHash=ac82540f888ebcde,2021,Regular Season
ESPORTSTMNT03_2007489,2021_LoL_esports_match_data_from_OraclesElixir.csv,LCK,Summer,0,http://matchhistory.na.leagueoflegends.com/en/#match-details/ESPORTSTMNT03/2007489?gameHash=a29dae8d2f69c2a0,2021,Regular Season
ESPORTSTMNT03_2007536,2021_LoL_esports_match_data_from_OraclesElixir.csv,LCK,Summer,0,http://matchhistory.na.leagueoflegends.com/en/#match-details/ESPORTSTMNT03/2007536?gameHash=ffc2316133359bc3,2021,Regular Season
ESPORTSTMNT03_2007552,2021_LoL_esports_match_data_from_OraclesElixir.csv,LCK,Summer,0,http://matchhistory.na.leagueoflegends.com/en/#match-details/ESPORTSTMNT03/2007552?gameHash=8c3a36ed7a4a8a11,2021,Regular Season
ESPORTSTMNT03_2007554,2021_LoL_esports_match_data_from_OraclesElixir.csv,LCK,Summer,0,http://matchhistory.na.leagueoflegends.com/en/#match-details/ESPORTSTMNT03/2007554?gameHash=c2b0fab30e21eba5,2021,Regular Season
ESPORTSTMNT03_2007561,2021_LoL_esports_match_data_from_OraclesElixir.csv,LCK,Summer,0,http://matchhistory.na.leagueoflegends.com/en/#match-details/ESPORTSTMNT03/2007561?gameHash=317f2b41765d9703,2021,Regular Season
ESPORTSTMNT03_2007586,2021_LoL_esports_match_data_from_OraclesElixir.csv,LCK,Summer,0,http://matchhistory.na.leagueoflegends.com/en/#match-details/ESPORTSTMNT03/2007586?gameHash=f2805a46ae076dcc,2021,Regular Season
ESPORTSTMNT03_1997438,2021_LoL_esports_match_data_from_OraclesElixir.csv,LCK,Summer,0,http://matchhistory.na.leagueoflegends.com/en/#match-details/ESPORTSTMNT03/1997438?gameHash=4a6b2cca799100d4,2021,Regular Season
ESPORTSTMNT03_2007653,2021_LoL_esports_match_data_from_OraclesElixir.csv,LCK,Summer,0,http://matchhistory.na.leagueoflegends.com/en/#match-details/ESPORTSTMNT03/2007653?gameHash=974450ce0862fbba,2021,Regular Season
ESPORTSTMNT03_2007659,2021_LoL_esports_match_data_from_OraclesElixir.csv,LCK,Summer,0,http://matchhistory.na.leagueoflegends.com/en/#match-details/ESPORTSTMNT03/2007659?gameHash=74fb5a00add992cb,2021,Regular Season
ESPORTSTMNT03_2007662,2021_LoL_esports_match_data_from_OraclesElixir.csv,LCK,Summer,0,http://matchhistory.na.leagueoflegends.com/en/#match-details/ESPORTSTMNT03/2007662?gameHash=97f2dce143a8c620,2021,Regular Season
ESPORTSTMNT03_1997525,2021_LoL_esports_match_data_from_OraclesElixir.csv,LCK,Summer,0,http://matchhistory.na.leagueoflegends.com/en/#match-details/ESPORTSTMNT03/1997525?gameHash=2824b1fba28e66b9,2021,Regular Season
ESPORTSTMNT03_1997535,2021_LoL_esports_match_data_from_OraclesElixir.csv,LCK,Summer,0,http://matchhistory.na.leagueoflegends.com/en/#match-details/ESPORTSTMNT03/1997535?gameHash=641bf0aa8431eea0,2021,Regular Season
ESPORTSTMNT03_1997562,2021_LoL_esports_match_data_from_OraclesElixir.csv,LCK,Summer,0,http://matchhistory.na.leagueoflegends.com/en/#match-details/ESPORTSTMNT03/1997562?gameHash=cbdf1dcf8f422cf6,2021,Regular Season
ESPORTSTMNT03_1997576,2021_LoL_esports_match_data_from_OraclesElixir.csv,LCK,Summer,0,http://matchhistory.na.leagueoflegends.com/en/#match-details/ESPORTSTMNT03/1997576?gameHash=bb62984d4566f4b2,2021,Regular Season
ESPORTSTMNT03_1997577,2021_LoL_esports_match_data_from_OraclesElixir.csv,LCK,Summer,0,http://matchhistory.na.leagueoflegends.com/en/#match-details/ESPORTSTMNT03/1997577?gameHash=2ac56f8e16cb3d19,2021,Regular Season
ESPORTSTMNT03_1997578,2021_LoL_esports_match_data_from_OraclesElixir.csv,LCK,Summer,0,http://matchhistory.na.leagueoflegends.com/en/#match-details/ESPORTSTMNT03/1997578?gameHash=ff5d3009c2b94455,2021,Regular Season
ESPORTSTMNT03_1997587,2021_LoL_esports_match_data_from_OraclesElixir.csv,LCK,Summer,0,http://matchhistory.na.leagueoflegends.com/en/#match-details/ESPORTSTMNT03/1997587?gameHash=7d8eb6ca8eb74609,2021,Regular Season
ESPORTSTMNT01_2145836,2021_LoL_esports_match_data_from_OraclesElixir.csv,LCK,Summer,0,http://matchhistory.na.leagueoflegends.com/en/#match-details/ESPORTSTMNT01/2145836?gameHash=648ac5b33a6059e8,2021,Regular Season
ESPORTSTMNT01_2135624,2021_LoL_esports_match_data_from_OraclesElixir.csv,LCK,Summer,0,http://matchhistory.na.leagueoflegends.com/en/#match-details/ESPORTSTMNT01/2135624?gameHash=3f56054ee6185231,2021,Regular Season
ESPORTSTMNT01_2145887,2021_LoL_esports_match_data_from_OraclesElixir.csv,LCK,Summer,0,http://matchhistory.na.leagueoflegends.com/en/#match-details/ESPORTSTMNT01/2145887?gameHash=49fd6221670f28ec,2021,Regular Season
ESPORTSTMNT01_2145926,2021_LoL_esports_match_data_from_OraclesElixir.csv,LCK,Summer,0,http://matchhistory.na.leagueoflegends.com/en/#match-details/ESPORTSTMNT01/2145926?gameHash=cd3ee8a3b69b64f7,2021,Regular Season
ESPORTSTMNT01_2136240,2021_LoL_esports_match_data_from_OraclesElixir.csv,LCK,Summer,0,http://matchhistory.na.leagueoflegends.com/en/#match-details/ESPORTSTMNT01/2136240?gameHash=27d0f7a7999e14c8,2021,Regular Season
ESPORTSTMNT01_2136284,2021_LoL_esports_match_data_from_OraclesElixir.csv,LCK,Summer,0,http://matchhistory.na.leagueoflegends.com/en/#match-details/ESPORTSTMNT01/2136284?gameHash=8b951b3fad4f96ec,2021,Regular Season
ESPORTSTMNT01_2136290,2021_LoL_esports_match_data_from_OraclesElixir.csv,LCK,Summer,0,http://matchhistory.na.leagueoflegends.com/en/#match-details/ESPORTSTMNT01/2136290?gameHash=261361061ff97ddf,2021,Regular Season
ESPORTSTMNT01_2136300,2021_LoL_esports_match_data_from_OraclesElixir.csv,LCK,Summer,0,http://matchhistory.na.leagueoflegends.com/en/#match-details/ESPORTSTMNT01/2136300?gameHash=d308b7ae36118a8b,2021,Regular Season
ESPORTSTMNT01_2136378,2021_LoL_esports_match_data_from_OraclesElixir.csv,LCK,Summer,0,http://matchhistory.na.leagueoflegends.com/en/#match-details/ESPORTSTMNT01/2136378?gameHash=b5405aa6fd022610,2021,Regular Season
ESPORTSTMNT01_2136415,2021_LoL_esports_match_data_from_OraclesElixir.csv,LCK,Summer,0,http://matchhistory.na.leagueoflegends.com/en/#match-details/ESPORTSTMNT01/2136415?gameHash=f2dcf1ca8fe351ee,2021,Regular Season
ESPORTSTMNT01_2147035,2021_LoL_esports_match_data_from_OraclesElixir.csv,LCK,Summer,0,http://matchhistory.na.leagueoflegends.com/en/#match-details/ESPORTSTMNT01/2147035?gameHash=620e09ba6918c4aa,2021,Regular Season
ESPORTSTMNT01_2147135,2021_LoL_esports_match_data_from_OraclesElixir.csv,LCK,Summer,0,http://matchhistory.na.leagueoflegends.com/en/#match-details/ESPORTSTMNT01/2147135?gameHash=41d63721bf03d4e8,2021,Regular Season
ESPORTSTMNT01_2147154,2021_LoL_esports_match_data_from_OraclesElixir.csv,LCK,Summer,0,http://matchhistory.na.leagueoflegends.com/en/#match-details/ESPORTSTMNT01/2147154?gameHash=c77f92af8e2f0f6c,2021,Regular Season
ESPORTSTMNT01_2147217,2021_LoL_esports_match_data_from_OraclesElixir.csv,LCK,Summer,0,http://matchhistory.na.leagueoflegends.com/en/#match-details/ESPORTSTMNT01/2147217?gameHash=8ac4de3c43edd0e6,2021,Regular Season
ESPORTSTMNT01_2147237,2021_LoL_esports_match_data_from_OraclesElixir.csv,LCK,Summer,0,http://matchhistory.na.leagueoflegends.com/en/#match-details/ESPORTSTMNT01/2147237?gameHash=c5fccc6a398cd09c,2021,Regular Season
ESPORTSTMNT01_2137369,2021_LoL_esports_match_data_from_OraclesElixir.csv,LCK,Summer,0,http://matchhistory.na.leagueoflegends.com/en/#match-details/ESPORTSTMNT01/2137369?gameHash=e875876e92b3e0f7,2021,Regular Season
ESPORTSTMNT01_2137440,2021_LoL_esports_match_data_from_OraclesElixir.csv,LCK,Summer,0,http://matchhistory.na.leagueoflegends.com/en/#match-details/ESPORTSTMNT01/2137440?gameHash=0db15544f52b2ecc,2021,Regular Season
ESPORTSTMNT01_2137473,2021_LoL_esports_match_data_from_OraclesElixir.csv,LCK,Summer,0,http://matchhistory.na.leagueoflegends.com/en/#match-details/ESPORTSTMNT01/2137473?gameHash=af17c97deb8fa614,2021,Regular Season
ESPORTSTMNT01_2137507,2021_LoL_esports_match_data_from_OraclesElixir.csv,LCK,Summer,0,http://matchhistory.na.leagueoflegends.com/en/#match-details/ESPORTSTMNT01/2137507?gameHash=0caaec31b6b87c82,2021,Regular Season
ESPORTSTMNT01_2137598,2021_LoL_esports_match_data_from_OraclesElixir.csv,LCK,Summer,0,http://matchhistory.na.leagueoflegends.com/en/#match-details/ESPORTSTMNT01/2137598?gameHash=10bb11f2f7ff7b41,2021,Regular Season
ESPORTSTMNT01_2148127,2021_LoL_esports_match_data_from_OraclesElixir.csv,LCK,Summer,0,http://matchhistory.na.leagueoflegends.com/en/#match-details/ESPORTSTMNT01/2148127?gameHash=2c11bbe86dd91303,2021,Regular Season
ESPORTSTMNT01_2148163,2021_LoL_esports_match_data_from_OraclesElixir.csv,LCK,Summer,0,http://matchhistory.na.leagueoflegends.com/en/#match-details/ESPORTSTMNT01/2148163?gameHash=1ba209ad04fc6b2a,2021,Regular Season
ESPORTSTMNT01_2148172,2021_LoL_esports_match_data_from_OraclesElixir.csv,LCK,Summer,0,http://matchhistory.na.leagueoflegends.com/en/#match-details/ESPORTSTMNT01/2148172?gameHash=2f026afcbd81f26f,2021,Regular Season
ESPORTSTMNT01_2148222,2021_LoL_esports_match_data_from_OraclesElixir.csv,LCK,Summer,0,http://matchhistory.na.leagueoflegends.com/en/#match-details/ESPORTSTMNT01/2148222?gameHash=3333e2f62f3258cf,2021,Regular Season
ESPORTSTMNT01_2149227,2021_LoL_esports_match_data_from_OraclesElixir.csv,LCK,Summer,0,https://matchhistory.na.leagueoflegends.com/en/#match-details/ESPORTSTMNT01/2149227?gameHash=d0a2b0880af271e0,2021,Regular Season
ESPORTSTMNT01_2138992,2021_LoL_esports_match_data_from_OraclesElixir.csv,LCK,Summer,0,http://matchhistory.na.leagueoflegends.com/en/#match-details/ESPORTSTMNT01/2138992?gameHash=00ff01381e1ba006,2021,Regular Season
ESPORTSTMNT01_2138994,2021_LoL_esports_match_data_from_OraclesElixir.csv,LCK,Summer,0,http://matchhistory.na.leagueoflegends.com/en/#match-details/ESPORTSTMNT01/2138994?gameHash=94619ed552760b47,2021,Regular Season
ESPORTSTMNT01_2139015,2021_LoL_esports_match_data_from_OraclesElixir.csv,LCK,Summer,0,http://matchhistory.na.leagueoflegends.com/en/#match-details/ESPORTSTMNT01/2139015?gameHash=e5dd435f4a9ea048,2021,Regular Season
ESPORTSTMNT01_2139025,2021_LoL_esports_match_data_from_OraclesElixir.csv,LCK,Summer,0,http://matchhistory.na.leagueoflegends.com/en/#match-details/ESPORTSTMNT01/2139025?gameHash=5d7cf9c96fad072a,2021,Regular Season
ESPORTSTMNT01_2139123,2021_LoL_esports_match_data_from_OraclesElixir.csv,LCK,Summer,0,http://matchhistory.na.leagueoflegends.com/en/#match-details/ESPORTSTMNT01/2139123?gameHash=132a7f2f638b97e7,2021,Regular Season
ESPORTSTMNT01_2139164,2021_LoL_esports_match_data_from_OraclesElixir.csv,LCK,Summer,0,http://matchhistory.na.leagueoflegends.com/en/#match-details/ESPORTSTMNT01/2139164?gameHash=de859ca8a8fee776,2021,Regular Season
ESPORTSTMNT01_2139212,2021_LoL_esports_match_data_from_OraclesElixir.csv,LCK,Summer,0,http://matchhistory.na.leagueoflegends.com/en/#match-details/ESPORTSTMNT01/2139212?gameHash=6a47741a4438e4c4,2021,Regular Season
ESPORTSTMNT01_2139225,2021_LoL_esports_match_data_from_OraclesElixir.csv,LCK,Summer,0,http://matchhistory.na.leagueoflegends.com/en/#match-details/ESPORTSTMNT01/2139225?gameHash=b5e3df7736212fb9,2021,Regular Season
ESPORTSTMNT01_2139344,2021_LoL_esports_match_data_from_OraclesElixir.csv,LCK,Summer,0,http://matchhistory.na.leagueoflegends.com/en/#match-details/ESPORTSTMNT01/2139344?gameHash=4b9e5eb171fc7c4c,2021,Regular Season
ESPORTSTMNT01_2139382,2021_LoL_esports_match_data_from_OraclesElixir.csv,LCK,Summer,0,http://matchhistory.na.leagueoflegends.com/en/#match-details/ESPORTSTMNT01/2139382?gameHash=ebdd48e21cfcd69f,2021,Regular Season
ESPORTSTMNT01_2139386,2021_LoL_esports_match_data_from_OraclesElixir.csv,LCK,Summer,0,http://matchhistory.na.leagueoflegends.com/en/#match-details/ESPORTSTMNT01/2139386?gameHash=331975a36eb535bc,2021,Regular Season
ESPORTSTMNT01_2139392,2021_LoL_esports_match_data_from_OraclesElixir.csv,LCK,Summer,0,http://matchhistory.na.leagueoflegends.com/en/#match-details/ESPORTSTMNT01/2139392?gameHash=799726de90f1bd8e,2021,Regular Season
ESPORTSTMNT01_2149608,2021_LoL_esports_match_data_from_OraclesElixir.csv,LCK,Summer,0,http://matchhistory.na.leagueoflegends.com/en/#match-details/ESPORTSTMNT01/2149608?gameHash=d06321cf040bd408,2021,Regular Season
ESPORTSTMNT01_2149614,2021_LoL_esports_match_data_from_OraclesElixir.csv,LCK,Summer,0,http://matchhistory.na.leagueoflegends.com/en/#match-details/ESPORTSTMNT01/2149614?gameHash=bdd22e6ff85ff995,2021,Regular Season
ESPORTSTMNT01_2139470,2021_LoL_esports_match_data_from_OraclesElixir.csv,LCK,Summer,0,http://matchhistory.na.leagueoflegends.com/en/#match-details/ESPORTSTMNT01/2139470?gameHash=83fe5c17f9b1cb68,2021,Regular Season
ESPORTSTMNT01_2149659,2021_LoL_esports_match_data_from_OraclesElixir.csv,LCK,Summer,0,http://matchhistory.na.leagueoflegends.com/en/#match-details/ESPORTSTMNT01/2149659?gameHash=29d4af3593ad2e93,2021,Regular Season
ESPORTSTMNT01_2149661,2021_LoL_esports_match_data_from_OraclesElixir.csv,LCK,Summer,0,http://matchhistory.na.leagueoflegends.com/en/#match-details/ESPORTSTMNT01/2149661?gameHash=2f709a71adc4af12,2021,Regular Season
ESPORTSTMNT01_2149673,2021_LoL_esports_match_data_from_OraclesElixir.csv,LCK,Summer,0,http://matchhistory.na.leagueoflegends.com/en/#match-details/ESPORTSTMNT01/2149673?gameHash=9f3e0fa27193afa3,2021,Regular Season
ESPORTSTMNT01_2149710,2021_LoL_esports_match_data_from_OraclesElixir.csv,LCK,Summer,0,http://matchhistory.na.leagueoflegends.com/en/#match-details/ESPORTSTMNT01/2149710?gameHash=2958668c0244c995,2021,Regular Season
ESPORTSTMNT02_2064994,2021_LoL_esports_match_data_from_OraclesElixir.csv,LCK,Summer,0,http://matchhistory.na.leagueoflegends.com/en/#match-details/ESPORTSTMNT02/2064994?gameHash=6cd4ffadc13d7179,2021,Regular Season
ESPORTSTMNT02_2065053,2021_LoL_esports_match_data_from_OraclesElixir.csv,LCK,Summer,0,http://matchhistory.na.leagueoflegends.com/en/#match-details/ESPORTSTMNT02/2065053?gameHash=262077dd98de2aa2,2021,Regular Season
ESPORTSTMNT02_2065058,2021_LoL_esports_match_data_from_OraclesElixir.csv,LCK,Summer,0,http://matchhistory.na.leagueoflegends.com/en/#match-details/ESPORTSTMNT02/2065058?gameHash=5f36317913e27542,2021,Regular Season
ESPORTSTMNT02_2065070,2021_LoL_esports_match_data_from_OraclesElixir.csv,LCK,Summer,0,http://matchhistory.na.leagueoflegends.com/en/#match-details/ESPORTSTMNT02/2065070?gameHash=6165daedf6d6b018,2021,Regular Season
ESPORTSTMNT02_2065135,2021_LoL_esports_match_data_from_OraclesElixir.csv,LCK,Summer,0,http://matchhistory.na.leagueoflegends.com/en/#match-details/ESPORTSTMNT02/2065135?gameHash=cc1bc4aad1d6e877,2021,Regular Season
ESPORTSTMNT02_2065175,2021_LoL_esports_match_data_from_OraclesElixir.csv,LCK,Summer,0,http://matchhistory.na.leagueoflegends.com/en/#match-details/ESPORTSTMNT02/2065175?gameHash=cc26ce6e196062de,2021,Regular Season
ESPORTSTMNT02_2065518,2021_LoL_esports_match_data_from_OraclesElixir.csv,LCK,Summer,0,http://matchhistory.na.leagueoflegends.com/en/#match-details/ESPORTSTMNT02/2065518?gameHash=777241e0a713a07f,2021,Regular Season
ESPORTSTMNT02_2065576,2021_LoL_esports_match_data_from_OraclesElixir.csv,LCK,Summer,0,http://matchhistory.na.leagueoflegends.com/en/#match-details/ESPORTSTMNT02/2065576?gameHash=68e61d394b4be26f,2021,Regular Season
ESPORTSTMNT02_2065580,2021_LoL_esports_match_data_from_OraclesElixir.csv,LCK,Summer,0,http://matchhistory.na.leagueoflegends.com/en/#match-details/ESPORTSTMNT02/2065580?gameHash=a72acd4814ba18e2,2021,Regular Season
ESPORTSTMNT02_2075641,2021_LoL_esports_match_data_from_OraclesElixir.csv,LCK,Summer,0,http://matchhistory.na.leagueoflegends.com/en/#match-details/ESPORTSTMNT02/2075641?gameHash=d0fb12d1f3aabac2,2021,Regular Season
ESPORTSTMNT02_2065618,2021_LoL_esports_match_data_from_OraclesElixir.csv,LCK,Summer,0,http://matchhistory.na.leagueoflegends.com/en/#match-details/ESPORTSTMNT02/2065618?gameHash=fa86dcc436bea990,2021,Regular Season
ESPORTSTMNT02_2065870,2021_LoL_esports_match_data_from_OraclesElixir.csv,LCK,Summer,0,http://matchhistory.na.leagueoflegends.com/en/#match-details/ESPORTSTMNT02/2065870?gameHash=6d8d54198de38b05,2021,Regular Season
ESPORTSTMNT02_2065926,2021_LoL_esports_match_data_from_OraclesElixir.csv,LCK,Summer,0,http://matchhistory.na.leagueoflegends.com/en/#match-details/ESPORTSTMNT02/2065926?gameHash=a6e9dd21d1d40f8b,2021,Regular Season
ESPORTSTMNT02_2065932,2021_LoL_esports_match_data_from_OraclesElixir.csv,LCK,Summer,0,http://matchhistory.na.leagueoflegends.com/en/#match-details/ESPORTSTMNT02/2065932?gameHash=b96a31b99ce0c597,2021,Regular Season
ESPORTSTMNT02_2065983,2021_LoL_esports_match_data_from_OraclesElixir.csv,LCK,Summer,0,http://matchhistory.na.leagueoflegends.com/en/#match-details/ESPORTSTMNT02/2065983?gameHash=23002f0da9b476b0,2021,Regular Season
ESPORTSTMNT02_2065992,2021_LoL_esports_match_data_from_OraclesElixir.csv,LCK,Summer,0,http://matchhistory.na.leagueoflegends.com/en/#match-details/ESPORTSTMNT02/2065992?gameHash=c076694a984ebfcf,2021,Regular Season
ESPORTSTMNT02_2066223,2021_LoL_esports_match_data_from_OraclesElixir.csv,LCK,Summer,0,http://matchhistory.na.leagueoflegends.com/en/#match-details/ESPORTSTMNT02/2066223?gameHash=a71048f7d692afae,2021,Regular Season
ESPORTSTMNT02_2076321,2021_LoL_esports_match_data_from_OraclesElixir.csv,LCK,Summer,0,http://matchhistory.na.leagueoflegends.com/en/#match-details/ESPORTSTMNT02/2076321?gameHash=9b6bbf96edb8bb94,2021,Regular Season
ESPORTSTMNT02_2076330,2021_LoL_esports_match_data_from_OraclesElixir.csv,LCK,Summer,0,http://matchhistory.na.leagueoflegends.com/en/#match-details/ESPORTSTMNT02/2076330?gameHash=dbf01fc26b59b9e7,2021,Regular Season
ESPORTSTMNT02_2076346,2021_LoL_esports_match_data_from_OraclesElixir.csv,LCK,Summer,0,http://matchhistory.na.leagueoflegends.com/en/#match-details/ESPORTSTMNT02/2076346?gameHash=5cee2e40ffe10703,2021,Regular Season
ESPORTSTMNT02_2076383,2021_LoL_esports_match_data_from_OraclesElixir.csv,LCK,Summer,0,http://matchhistory.na.leagueoflegends.com/en/#match-details/ESPORTSTMNT02/2076383?gameHash=0c53482ad90dace7,2021,Regular Season
ESPORTSTMNT02_2076419,2021_LoL_esports_match_data_from_OraclesElixir.csv,LCK,Summer,0,http://matchhistory.na.leagueoflegends.com/en/#match-details/ESPORTSTMNT02/2076419?gameHash=5fff62906b2d5417,2021,Regular Season
ESPORTSTMNT02_2067168,2021_LoL_esports_match_data_from_OraclesElixir.csv,LCK,Summer,0,http://matchhistory.na.leagueoflegends.com/en/#match-details/ESPORTSTMNT02/2067168?gameHash=5642c218bd1cf3a5,2021,Regular Season
ESPORTSTMNT02_2067194,2021_LoL_esports_match_data_from_OraclesElixir.csv,LCK,Summer,0,http://matchhistory.na.leagueoflegends.com/en/#match-details/ESPORTSTMNT02/2067194?gameHash=4c75ad22aaaa5638,2021,Regular Season
ESPORTSTMNT02_2067197,2021_LoL_esports_match_data_from_OraclesElixir.csv,LCK,Summer,0,http://matchhistory.na.leagueoflegends.com/en/#match-details/ESPORTSTMNT02/2067197?gameHash=3df7ebb4259edf04,2021,Regular Season
ESPORTSTMNT02_2067212,2021_LoL_esports_match_data_from_OraclesElixir.csv,LCK,Summer,0,http://matchhistory.na.leagueoflegends.com/en/#match-details/ESPORTSTMNT02/2067212?gameHash=265f310fab6f5ccf,2021,Regular Season
ESPORTSTMNT02_2067242,2021_LoL_esports_match_data_from_OraclesElixir.csv,LCK,Summer,0,http://matchhistory.na.leagueoflegends.com/en/#match-details/ESPORTSTMNT02/2067242?gameHash=4cf6f97f89285ebb,2021,Regular Season
ESPORTSTMNT02_2067349,2021_LoL_esports_match_data_from_OraclesElixir.csv,LCK,Summer,0,http://matchhistory.na.leagueoflegends.com/en/#match-details/ESPORTSTMNT02/2067349?gameHash=a4bb5e442846039e,2021,Regular Season
ESPORTSTMNT02_2067383,2021_LoL_esports_match_data_from_OraclesElixir.csv,LCK,Summer,0,http://matchhistory.na.leagueoflegends.com/en/#match-details/ESPORTSTMNT02/2067383?gameHash=8e076272eed5f389,2021,Regular Season
ESPORTSTMNT02_2067393,2021_LoL_esports_match_data_from_OraclesElixir.csv,LCK,Summer,0,http://matchhistory.na.leagueoflegends.com/en/#match-details/ESPORTSTMNT02/2067393?gameHash=ede1f8c032110998,2021,Regular Season
ESPORTSTMNT02_2077519,2021_LoL_esports_match_data_from_OraclesElixir.csv,LCK,Summer,0,http://matchhistory.na.leagueoflegends.com/en/#match-details/ESPORTSTMNT02/2077519?gameHash=d02dde8e9b024c73,2021,Regular Season
ESPORTSTMNT02_2077555,2021_LoL_esports_match_data_from_OraclesElixir.csv,LCK,Summer,0,http://matchhistory.na.leagueoflegends.com/en/#match-details/ESPORTSTMNT02/2077555?gameHash=196f5d2c7b9a9336,2021,Regular Season
ESPORTSTMNT02_2067487,2021_LoL_esports_match_data_from_OraclesElixir.csv,LCK,Summer,0,http://matchhistory.na.leagueoflegends.com/en/#match-details/ESPORTSTMNT02/2067487?gameHash=ee35a800cf7c3016,2021,Regular Season
ESPORTSTMNT02_2067520,2021_LoL_esports_match_data_from_OraclesElixir.csv,LCK,Summer,0,http://matchhistory.na.leagueoflegends.com/en/#match-details/ESPORTSTMNT02/2067520?gameHash=199698b4b913865d,2021,Regular Season
ESPORTSTMNT02_2067527,2021_LoL_esports_match_data_from_OraclesElixir.csv,LCK,Summer,0,http://matchhistory.na.leagueoflegends.com/en/#match-details/ESPORTSTMNT02/2067527?gameHash=ecd57b865a17b62c,2021,Regular Season
ESPORTSTMNT02_2067532,2021_LoL_esports_match_data_from_OraclesElixir.csv,LCK,Summer,0,http://matchhistory.na.leagueoflegends.com/en/#match-details/ESPORTSTMNT02/2067532?gameHash=867f551ee2ac422b,2021,Regular Season
ESPORTSTMNT02_2067551,2021_LoL_esports_match_data_from_OraclesElixir.csv,LCK,Summer,0,http://matchhistory.na.leagueoflegends.com/en/#match-details/ESPORTSTMNT02/2067551?gameHash=8c6fdc33fdd7023f,2021,Regular Season
ESPORTSTMNT02_2067557,2021_LoL_esports_match_data_from_OraclesElixir.csv,LCK,Summer,0,http://matchhistory.na.leagueoflegends.com/en/#match-details/ESPORTSTMNT02/2067557?gameHash=f2106b105416002b,2021,Regular Season
ESPORTSTMNT02_2067583,2021_LoL_esports_match_data_from_OraclesElixir.csv,LCK,Summer,0,http://matchhistory.na.leagueoflegends.com/en/#match-details/ESPORTSTMNT02/2067583?gameHash=2018c9643de0e01e,2021,Regular Season
ESPORTSTMNT02_2067610,2021_LoL_esports_match_data_from_OraclesElixir.csv,LCK,Summer,0,http://matchhistory.na.leagueoflegends.com/en/#match-details/ESPORTSTMNT02/2067610?gameHash=2d90eaf0aa4f42fd,2021,Regular Season
ESPORTSTMNT02_2067619,2021_LoL_esports_match_data_from_OraclesElixir.csv,LCK,Summer,0,http://matchhistory.na.leagueoflegends.com/en/#match-details/ESPORTSTMNT02/2067619?gameHash=b6bbabafdaf66b21,2021,Regular Season
ESPORTSTMNT02_2067624,2021_LoL_esports_match_data_from_OraclesElixir.csv,LCK,Summer,0,http://matchhistory.na.leagueoflegends.com/en/#match-details/ESPORTSTMNT02/2067624?gameHash=43c3bc68debc9a09,2021,Regular Season
ESPORTSTMNT02_2067650,2021_LoL_esports_match_data_from_OraclesElixir.csv,LCK,Summer,0,http://matchhistory.na.leagueoflegends.com/en/#match-details/ESPORTSTMNT02/2067650?gameHash=0d9546d2d7b4e773,2021,Regular Season
ESPORTSTMNT03_2073777,2021_LoL_esports_match_data_from_OraclesElixir.csv,LCK,Summer,0,http://matchhistory.na.leagueoflegends.com/en/#match-details/ESPORTSTMNT03/2073777?gameHash=a15b6e5037799487,2021,Regular Season
ESPORTSTMNT03_2073826,2021_LoL_esports_match_data_from_OraclesElixir.csv,LCK,Summer,0,http://matchhistory.na.leagueoflegends.com/en/#match-details/ESPORTSTMNT03/2073826?gameHash=5f5ba8091aab21e6,2021,Regular Season
ESPORTSTMNT03_2073841,2021_LoL_esports_match_data_from_OraclesElixir.csv,LCK,Summer,0,http://matchhistory.na.leagueoflegends.com/en/#match-details/ESPORTSTMNT03/2073841?gameHash=f114861eae2db9f4,2021,Regular Season
ESPORTSTMNT03_2073893,2021_LoL_esports_match_data_from_OraclesElixir.csv,LCK,Summer,0,http://matchhistory.na.leagueoflegends.com/en/#match-details/ESPORTSTMNT03/2073893?gameHash=d9421f3232e02a5c,2021,Regular Season
ESPORTSTMNT03_2054247,2021_LoL_esports_match_data_from_OraclesElixir.csv,LCK,Summer,0,https://matchhistory.na.leagueoflegends.com/en/#match-details/ESPORTSTMNT03/2054247?gameHash=1750ac9d1eac97b6,2021,Regular Season
ESPORTSTMNT03_2054305,2021_LoL_esports_match_data_from_OraclesElixir.csv,LCK,Summer,0,https://matchhistory.na.leagueoflegends.com/en/#match-details/ESPORTSTMNT03/2054305?gameHash=88b48d3729b29486,2021,Regular Season
ESPORTSTMNT03_2054312,2021_LoL_esports_match_data_from_OraclesElixir.csv,LCK,Summer,0,https://matchhistory.na.leagueoflegends.com/en/#match-details/ESPORTSTMNT03/2054312?gameHash=e2d8a824c22c7b62,2021,Regular Season
ESPORTSTMNT03_2054324,2021_LoL_esports_match_data_from_OraclesElixir.csv,LCK,Summer,0,https://matchhistory.na.leagueoflegends.com/en/#match-details/ESPORTSTMNT03/2054324?gameHash=233db1a017b11524,2021,Regular Season
ESPORTSTMNT03_2074387,2021_LoL_esports_match_data_from_OraclesElixir.csv,LCK,Summer,0,https://matchhistory.na.leagueoflegends.com/en/#match-details/ESPORTSTMNT03/2074387?gameHash=db8f6400c29899df,2021,Regular Season
ESPORTSTMNT03_2074420,2021_LoL_esports_match_data_from_OraclesElixir.csv,LCK,Summer,0,https://matchhistory.na.leagueoflegends.com/en/#match-details/ESPORTSTMNT03/2074420?gameHash=7d844e503e5cf2e6,2021,Regular Season
ESPORTSTMNT03_2074792,2021_LoL_esports_match_data_from_OraclesElixir.csv,LCK,Summer,0,http://matchhistory.na.leagueoflegends.com/en/#match-details/ESPORTSTMNT03/2074792?gameHash=5183e0261cdc286f,2021,Regular Season
ESPORTSTMNT03_2074833,2021_LoL_esports_match_data_from_OraclesElixir.csv,LCK,Summer,0,http://matchhistory.na.leagueoflegends.com/en/#match-details/ESPORTSTMNT03/2074833?gameHash=6ec8050e1ddd4b45,2021,Regular Season
ESPORTSTMNT03_2074844,2021_LoL_esports_match_data_from_OraclesElixir.csv,LCK,Summer,0,http://matchhistory.na.leagueoflegends.com/en/#match-details/ESPORTSTMNT03/2074844?gameHash=394527b103b18882,2021,Regular Season
ESPORTSTMNT03_2074887,2021_LoL_esports_match_data_from_OraclesElixir.csv,LCK,Summer,0,http://matchhistory.na.leagueoflegends.com/en/#match-details/ESPORTSTMNT03/2074887?gameHash=233e3db51e06ff5b,2021,Regular Season
ESPORTSTMNT03_2074922,2021_LoL_esports_match_data_from_OraclesElixir.csv,LCK,Summer,0,http://matchhistory.na.leagueoflegends.com/en/#match-details/ESPORTSTMNT03/2074922?gameHash=569ae4a9aa34a034,2021,Regular Season
ESPORTSTMNT03_2055075,2021_LoL_esports_match_data_from_OraclesElixir.csv,LCK,Summer,0,http://matchhistory.na.leagueoflegends.com/en/#match-details/ESPORTSTMNT03/2055075?gameHash=7f3ef2ad3b87824b,2021,Regular Season
ESPORTSTMNT03_2055125,2021_LoL_esports_match_data_from_OraclesElixir.csv,LCK,Summer,0,http://matchhistory.na.leagueoflegends.com/en/#match-details/ESPORTSTMNT03/2055125?gameHash=abcb2e50c56a1a72,2021,Regular Season
ESPORTSTMNT03_2055160,2021_LoL_esports_match_data_from_OraclesElixir.csv,LCK,Summer,0,http://matchhistory.na.leagueoflegends.com/en/#match-details/ESPORTSTMNT03/2055160?gameHash=bcfd027c6397790d,2021,Regular Season
ESPORTSTMNT03_2055172,2021_LoL_esports_match_data_from_OraclesElixir.csv,LCK,Summer,0,http://matchhistory.na.leagueoflegends.com/en/#match-details/ESPORTSTMNT03/2055172?gameHash=0fbe8b869df2111e,2021,Regular Season
ESPORTSTMNT03_2101606,2021_LoL_esports_match_data_from_OraclesElixir.csv,LCK,Summer,0,http://matchhistory.na.leagueoflegends.com/en/#match-details/ESPORTSTMNT03/2101606?gameHash=38be63710d5019cf,2021,Regular Season
ESPORTSTMNT03_2101637,2021_LoL_esports_match_data_from_OraclesElixir.csv,LCK,Summer,0,http://matchhistory.na.leagueoflegends.com/en/#match-details/ESPORTSTMNT03/2101637?gameHash=753c51b78dc35382,2021,Regular Season
ESPORTSTMNT03_2101649,2021_LoL_esports_match_data_from_OraclesElixir.csv,LCK,Summer,0,http://matchhistory.na.leagueoflegends.com/en/#match-details/ESPORTSTMNT03/2101649?gameHash=8fee6410e725f341,2021,Regular Season
ESPORTSTMNT03_2101680,2021_LoL_esports_match_data_from_OraclesElixir.csv,LCK,Summer,0,http://matchhistory.na.leagueoflegends.com/en/#match-details/ESPORTSTMNT03/2101680?gameHash=f41bf67433c4076d,2021,Regular Season
ESPORTSTMNT03_2101699,2021_LoL_esports_match_data_from_OraclesElixir.csv,LCK,Summer,0,http://matchhistory.na.leagueoflegends.com/en/#match-details/ESPORTSTMNT03/2101699?gameHash=139150405413fd12,2021,Regular Season
ESPORTSTMNT03_2091920,2021_LoL_esports_match_data_from_OraclesElixir.csv,LCK,Summer,0,http://matchhistory.na.leagueoflegends.com/en/#match-details/ESPORTSTMNT03/2091920?gameHash=5bd6047776e32fcf,2021,Regular Season
ESPORTSTMNT03_2091944,2021_LoL_esports_match_data_from_OraclesElixir.csv,LCK,Summer,0,http://matchhistory.na.leagueoflegends.com/en/#match-details/ESPORTSTMNT03/2091944?gameHash=279f892a01f955e4,2021,Regular Season
ESPORTSTMNT03_2091948,2021_LoL_esports_match_data_from_OraclesElixir.csv,LCK,Summer,0,http://matchhistory.na.leagueoflegends.com/en/#match-details/ESPORTSTMNT03/2091948?gameHash=9a87e20c6766b38f,2021,Regular Season
ESPORTSTMNT03_2091954,2021_LoL_esports_match_data_from_OraclesElixir.csv,LCK,Summer,0,http://matchhistory.na.leagueoflegends.com/en/#match-details/ESPORTSTMNT03/2091954?gameHash=0d2fb399f2a9b3e7,2021,Regular Season
ESPORTSTMNT03_2102050,2021_LoL_esports_match_data_from_OraclesElixir.csv,LCK,Summer,0,http://matchhistory.na.leagueoflegends.com/en/#match-details/ESPORTSTMNT03/2102050?gameHash=86923d195a906d28,2021,Regular Season
ESPORTSTMNT03_2092259,2021_LoL_esports_match_data_from_OraclesElixir.csv,LCK,Summer,0,http://matchhistory.na.leagueoflegends.com/en/#match-details/ESPORTSTMNT03/2092259?gameHash=93074a8c15387bf5,2021,Regular Season
ESPORTSTMNT03_2092290,2021_LoL_esports_match_data_from_OraclesElixir.csv,LCK,Summer,0,http://matchhistory.na.leagueoflegends.com/en/#match-details/ESPORTSTMNT03/2092290?gameHash=9af62dfbfdf83960,2021,Regular Season
ESPORTSTMNT03_2092299,2021_LoL_esports_match_data_from_OraclesElixir.csv,LCK,Summer,0,http://matchhistory.na.leagueoflegends.com/en/#match-details/ESPORTSTMNT03/2092299?gameHash=9e79650f92d036c3,2021,Regular Season
ESPORTSTMNT03_2092343,2021_LoL_esports_match_data_from_OraclesElixir.csv,LCK,Summer,0,http://matchhistory.na.leagueoflegends.com/en/#match-details/ESPORTSTMNT03/2092343?gameHash=f97261fa7e2ace3c,2021,Regular Season
ESPORTSTMNT03_2102467,2021_LoL_esports_match_data_from_OraclesElixir.csv,LCK,Summer,0,http://matchhistory.na.leagueoflegends.com/en/#match-details/ESPORTSTMNT03/2102467?gameHash=9be554779118dc7a,2021,Regular Season
ESPORTSTMNT03_2102636,2021_LoL_esports_match_data_from_OraclesElixir.csv,LCK,Summer,0,http://matchhistory.na.leagueoflegends.com/en/#match-details/ESPORTSTMNT03/2102636?gameHash=46b28c5b8fc17232,2021,Regular Season
ESPORTSTMNT03_2102667,2021_LoL_esports_match_data_from_OraclesElixir.csv,LCK,Summer,0,http://matchhistory.na.leagueoflegends.com/en/#match-details/ESPORTSTMNT03/2102667?gameHash=025d088d851a52ce,2021,Regular Season
ESPORTSTMNT03_2102674,2021_LoL_esports_match_data_from_OraclesElixir.csv,LCK,Summer,0,http://matchhistory.na.leagueoflegends.com/en/#match-details/ESPORTSTMNT03/2102674?gameHash=f5b46e52e13192ba,2021,Regular Season
ESPORTSTMNT03_2102718,2021_LoL_esports_match_data_from_OraclesElixir.csv,LCK,Summer,0,http://matchhistory.na.leagueoflegends.com/en/#match-details/ESPORTSTMNT03/2102718?gameHash=1307d2917b642a34,2021,Regular Season
ESPORTSTMNT01_2200321,2021_LoL_esports_match_data_from_OraclesElixir.csv,LCK,Summer,1,http://matchhistory.na.leagueoflegends.com/en/#match-details/ESPORTSTMNT01/2200321?gameHash=cb7abbec163d3a72,2021,Playoff
ESPORTSTMNT01_2210365,2021_LoL_esports_match_data_from_OraclesElixir.csv,LCK,Summer,1,http://matchhistory.na.leagueoflegends.com/en/#match-details/ESPORTSTMNT01/2210365?gameHash=5f0369ac149b61b9,2021,Playoff
ESPORTSTMNT01_2210369,2021_LoL_esports_match_data_from_OraclesElixir.csv,LCK,Summer,1,http://matchhistory.na.leagueoflegends.com/en/#match-details/ESPORTSTMNT01/2210369?gameHash=2f6fc27b4afd4e59,2021,Playoff
ESPORTSTMNT01_2210377,2021_LoL_esports_match_data_from_OraclesElixir.csv,LCK,Summer,1,http://matchhistory.na.leagueoflegends.com/en/#match-details/ESPORTSTMNT01/2210377?gameHash=ae57830bbbdfeb22,2021,Playoff
ESPORTSTMNT01_2210439,2021_LoL_esports_match_data_from_OraclesElixir.csv,LCK,Summer,1,http://matchhistory.na.leagueoflegends.com/en/#match-details/ESPORTSTMNT01/2210439?gameHash=6f522e3c694ae0a5,2021,Playoff
ESPORTSTMNT01_2210452,2021_LoL_esports_match_data_from_OraclesElixir.csv,LCK,Summer,1,http://matchhistory.na.leagueoflegends.com/en/#match-details/ESPORTSTMNT01/2210452?gameHash=6c7ace5d18283343,2021,Playoff
ESPORTSTMNT01_2210455,2021_LoL_esports_match_data_from_OraclesElixir.csv,LCK,Summer,1,http://matchhistory.na.leagueoflegends.com/en/#match-details/ESPORTSTMNT01/2210455?gameHash=30ec77c121f57060,2021,Playoff
ESPORTSTMNT01_2210642,2021_LoL_esports_match_data_from_OraclesElixir.csv,LCK,Summer,1,http://matchhistory.na.leagueoflegends.com/en/#match-details/ESPORTSTMNT01/2210642?gameHash=aee1b43b1a028b4d,2021,Playoff
ESPORTSTMNT01_2210656,2021_LoL_esports_match_data_from_OraclesElixir.csv,LCK,Summer,1,http://matchhistory.na.leagueoflegends.com/en/#match-details/ESPORTSTMNT01/2210656?gameHash=131669f1a1597556,2021,Playoff
ESPORTSTMNT01_2210658,2021_LoL_esports_match_data_from_OraclesElixir.csv,LCK,Summer,1,http://matchhistory.na.leagueoflegends.com/en/#match-details/ESPORTSTMNT01/2210658?gameHash=f6185614a94d69c0,2021,Playoff
ESPORTSTMNT01_2210711,2021_LoL_esports_match_data_from_OraclesElixir.csv,LCK,Summer,1,http://matchhistory.na.leagueoflegends.com/en/#match-details/ESPORTSTMNT01/2210711?gameHash=bfbdc34518907a63,2021,Playoff
ESPORTSTMNT01_2210712,2021_LoL_esports_match_data_from_OraclesElixir.csv,LCK,Summer,1,http://matchhistory.na.leagueoflegends.com/en/#match-details/ESPORTSTMNT01/2210712?gameHash=47c0115f7e0d199c,2021,Playoff
ESPORTSTMNT01_2210713,2021_LoL_esports_match_data_from_OraclesElixir.csv,LCK,Summer,1,http://matchhistory.na.leagueoflegends.com/en/#match-details/ESPORTSTMNT01/2210713?gameHash=dde87c8b92847b77,2021,Playoff
ESPORTSTMNT01_2210716,2021_LoL_esports_match_data_from_OraclesElixir.csv,LCK,Summer,1,http://matchhistory.na.leagueoflegends.com/en/#match-details/ESPORTSTMNT01/2210716?gameHash=ba59ac758e8b3aff,2021,Playoff
ESPORTSTMNT01_2201262,2021_LoL_esports_match_data_from_OraclesElixir.csv,LCK,Summer,1,http://matchhistory.na.leagueoflegends.com/en/#match-details/ESPORTSTMNT01/2201262?gameHash=60b1916927b4210c,2021,Playoff
ESPORTSTMNT01_2201263,2021_LoL_esports_match_data_from_OraclesElixir.csv,LCK,Summer,1,http://matchhistory.na.leagueoflegends.com/en/#match-details/ESPORTSTMNT01/2201263?gameHash=fe684c5eff6447ba,2021,Playoff
ESPORTSTMNT01_2201266,2021_LoL_esports_match_data_from_OraclesElixir.csv,LCK,Summer,1,http://matchhistory.na.leagueoflegends.com/en/#match-details/ESPORTSTMNT01/2201266?gameHash=bca7e0753258aaa9,2021,Playoff
ESPORTSTMNT01_2201273,2021_LoL_esports_match_data_from_OraclesElixir.csv,LCK,Summer,1,http://matchhistory.na.leagueoflegends.com/en/#match-details/ESPORTSTMNT01/2201273?gameHash=756dd3aaf45007d8,2021,Playoff
ESPORTSTMNT01_2240116,2021_LoL_esports_match_data_from_OraclesElixir.csv,LCK,,0,http://matchhistory.na.leagueoflegends.com/en/#match-details/ESPORTSTMNT01/2240116?gameHash=c463243d61898f25,2021,Regional Qualifier
ESPORTSTMNT01_2240125,2021_LoL_esports_match_data_from_OraclesElixir.csv,LCK,,0,http://matchhistory.na.leagueoflegends.com/en/#match-details/ESPORTSTMNT01/2240125?gameHash=a30114f7265d186e,2021,Regional Qualifier
ESPORTSTMNT01_2240126,2021_LoL_esports_match_data_from_OraclesElixir.csv,LCK,,0,http://matchhistory.na.leagueoflegends.com/en/#match-details/ESPORTSTMNT01/2240126?gameHash=3a3d57d254179067,2021,Regional Qualifier
ESPORTSTMNT01_2250146,2021_LoL_esports_match_data_from_OraclesElixir.csv,LCK,,0,http://matchhistory.na.leagueoflegends.com/en/#match-details/ESPORTSTMNT01/2250146?gameHash=3319d62225f8c535,2021,Regional Qualifier
ESPORTSTMNT01_2250224,2021_LoL_esports_match_data_from_OraclesElixir.csv,LCK,,0,http://matchhistory.na.leagueoflegends.com/en/#match-details/ESPORTSTMNT01/2250224?gameHash=9f318a9895825739,2021,Regional Qualifier
ESPORTSTMNT01_2250245,2021_LoL_esports_match_data_from_OraclesElixir.csv,LCK,,0,http://matchhistory.na.leagueoflegends.com/en/#match-details/ESPORTSTMNT01/2250245?gameHash=829d601e17bfe5a2,2021,Regional Qualifier
ESPORTSTMNT01_2250247,2021_LoL_esports_match_data_from_OraclesElixir.csv,LCK,,0,http://matchhistory.na.leagueoflegends.com/en/#match-details/ESPORTSTMNT01/2250247?gameHash=9f9508a3cf3a5343,2021,Regional Qualifier
ESPORTSTMNT01_2250342,2021_LoL_esports_match_data_from_OraclesElixir.csv,LCK,,0,http://matchhistory.na.leagueoflegends.com/en/#match-details/ESPORTSTMNT01/2250342?gameHash=4c7153067dd95838,2021,Regional Qualifier
ESPORTSTMNT01_2250343,2021_LoL_esports_match_data_from_OraclesElixir.csv,LCK,,0,http://matchhistory.na.leagueoflegends.com/en/#match-details/ESPORTSTMNT01/2250343?gameHash=b447f5b8218d4a3b,2021,Regional Qualifier
ESPORTSTMNT01_2250344,2021_LoL_esports_match_data_from_OraclesElixir.csv,LCK,,0,http://matchhistory.na.leagueoflegends.com/en/#match-details/ESPORTSTMNT01/2250344?gameHash=c4cf9f4a199d4c0d,2021,Regional Qualifier
ESPORTSTMNT01_2250346,2021_LoL_esports_match_data_from_OraclesElixir.csv,LCK,,0,http://matchhistory.na.leagueoflegends.com/en/#match-details/ESPORTSTMNT01/2250346?gameHash=ad683f15c1776a16,2021,Regional Qualifier
ESPORTSTMNT01_2250350,2021_LoL_esports_match_data_from_OraclesElixir.csv,LCK,,0,http://matchhistory.na.leagueoflegends.com/en/#match-details/ESPORTSTMNT01/2250350?gameHash=e5d6cdfa04d366df,2021,Regional Qualifier
ESPORTSTMNT01_2700815,2022_LoL_esports_match_data_from_OraclesElixir.csv,LCK,Spring,0,,2022,Regular Season
ESPORTSTMNT01_2690695,2022_LoL_esports_match_data_from_OraclesElixir.csv,LCK,Spring,0,,2022,Regular Season
ESPORTSTMNT01_2690705,2022_LoL_esports_match_data_from_OraclesElixir.csv,LCK,Spring,0,,2022,Regular Season
ESPORTSTMNT01_2690725,2022_LoL_esports_match_data_from_OraclesElixir.csv,LCK,Spring,0,,2022,Regular Season
ESPORTSTMNT01_2701248,2022_LoL_esports_match_data_from_OraclesElixir.csv,LCK,Spring,0,,2022,Regular Season
ESPORTSTMNT01_2701277,2022_LoL_esports_match_data_from_OraclesElixir.csv,LCK,Spring,0,,2022,Regular Season
ESPORTSTMNT01_2701282,2022_LoL_esports_match_data_from_OraclesElixir.csv,LCK,Spring,0,,2022,Regular Season
ESPORTSTMNT01_2701289,2022_LoL_esports_match_data_from_OraclesElixir.csv,LCK,Spring,0,,2022,Regular Season
ESPORTSTMNT01_2701333,2022_LoL_esports_match_data_from_OraclesElixir.csv,LCK,Spring,0,,2022,Regular Season
ESPORTSTMNT01_2691507,2022_LoL_esports_match_data_from_OraclesElixir.csv,LCK,Spring,0,,2022,Regular Season
ESPORTSTMNT01_2691515,2022_LoL_esports_match_data_from_OraclesElixir.csv,LCK,Spring,0,,2022,Regular Season
ESPORTSTMNT01_2691518,2022_LoL_esports_match_data_from_OraclesElixir.csv,LCK,Spring,0,,2022,Regular Season
ESPORTSTMNT01_2691546,2022_LoL_esports_match_data_from_OraclesElixir.csv,LCK,Spring,0,,2022,Regular Season
ESPORTSTMNT01_2691557,2022_LoL_esports_match_data_from_OraclesElixir.csv,LCK,Spring,0,,2022,Regular Season
ESPORTSTMNT01_2701941,2022_LoL_esports_match_data_from_OraclesElixir.csv,LCK,Spring,0,,2022,Regular Season
ESPORTSTMNT01_2701966,2022_LoL_esports_match_data_from_OraclesElixir.csv,LCK,Spring,0,,2022,Regular Season
ESPORTSTMNT01_2701968,2022_LoL_esports_match_data_from_OraclesElixir.csv,LCK,Spring,0,,2022,Regular Season
ESPORTSTMNT01_2701997,2022_LoL_esports_match_data_from_OraclesElixir.csv,LCK,Spring,0,,2022,Regular Season
ESPORTSTMNT01_2702254,2022_LoL_esports_match_data_from_OraclesElixir.csv,LCK,Spring,0,,2022,Regular Season
ESPORTSTMNT01_2702297,2022_LoL_esports_match_data_from_OraclesElixir.csv,LCK,Spring,0,,2022,Regular Season
ESPORTSTMNT01_2702309,2022_LoL_esports_match_data_from_OraclesElixir.csv,LCK,Spring,0,,2022,Regular Season
ESPORTSTMNT01_2702317,2022_LoL_esports_match_data_from_OraclesElixir.csv,LCK,Spring,0,,2022,Regular Season
ESPORTSTMNT01_2702340,2022_LoL_esports_match_data_from_OraclesElixir.csv,LCK,Spring,0,,2022,Regular Season
ESPORTSTMNT01_2692264,2022_LoL_esports_match_data_from_OraclesElixir.csv,LCK,Spring,0,,2022,Regular Season
ESPORTSTMNT01_2693789,2022_LoL_esports_match_data_from_OraclesElixir.csv,LCK,Spring,0,,2022,Regular Season
ESPORTSTMNT01_2703805,2022_LoL_esports_match_data_from_OraclesElixir.csv,LCK,Spring,0,,2022,Regular Season
ESPORTSTMNT01_2703811,2022_LoL_esports_match_data_from_OraclesElixir.csv,LCK,Spring,0,,2022,Regular Season
ESPORTSTMNT01_2693854,2022_LoL_esports_match_data_from_OraclesElixir.csv,LCK,Spring,0,,2022,Regular Season
ESPORTSTMNT01_2693886,2022_LoL_esports_match_data_from_OraclesElixir.csv,LCK,Spring,0,,2022,Regular Season
ESPORTSTMNT01_2704285,2022_LoL_esports_match_data_from_OraclesElixir.csv,LCK,Spring,0,,2022,Regular Season
ESPORTSTMNT01_2694425,2022_LoL_esports_match_data_from_OraclesElixir.csv,LCK,Spring,0,,2022,Regular Season
ESPORTSTMNT01_2694428,2022_LoL_esports_match_data_from_OraclesElixir.csv,LCK,Spring,0,,2022,Regular Season
ESPORTSTMNT01_2694459,2022_LoL_esports_match_data_from_OraclesElixir.csv,LCK,Spring,0,,2022,Regular Season
ESPORTSTMNT01_2704900,2022_LoL_esports_match_data_from_OraclesElixir.csv,LCK,Spring,0,,2022,Regular Season
ESPORTSTMNT01_2704920,2022_LoL_esports_match_data_from_OraclesElixir.csv,LCK,Spring,0,,2022,Regular Season
ESPORTSTMNT01_2704929,2022_LoL_esports_match_data_from_OraclesElixir.csv,LCK,Spring,0,,2022,Regular Season
ESPORTSTMNT01_2695078,2022_LoL_esports_match_data_from_OraclesElixir.csv,LCK,Spring,0,,2022,Regular Season
ESPORTSTMNT01_2695092,2022_LoL_esports_match_data_from_OraclesElixir.csv,LCK,Spring,0,,2022,Regular Season
ESPORTSTMNT01_2705385,2022_LoL_esports_match_data_from_OraclesElixir.csv,LCK,Spring,0,,2022,Regular Season
ESPORTSTMNT01_2695530,2022_LoL_esports_match_data_from_OraclesElixir.csv,LCK,Spring,0,,2022,Regular Season
ESPORTSTMNT01_2695541,2022_LoL_esports_match_data_from_OraclesElixir.csv,LCK,Spring,0,,2022,Regular Season
ESPORTSTMNT01_2695573,2022_LoL_esports_match_data_from_OraclesElixir.csv,LCK,Spring,0,,2022,Regular Season
ESPORTSTMNT01_2695586,2022_LoL_esports_match_data_from_OraclesElixir.csv,LCK,Spring,0,,2022,Regular Season
ESPORTSTMNT01_2705912,2022_LoL_esports_match_data_from_OraclesElixir.csv,LCK,Spring,0,,2022,Regular Season
ESPORTSTMNT01_2705943,2022_LoL_esports_match_data_from_OraclesElixir.csv,LCK,Spring,0,,2022,Regular Season
ESPORTSTMNT01_2705951,2022_LoL_esports_match_data_from_OraclesElixir.csv,LCK,Spring,0,,2022,Regular Season
ESPORTSTMNT01_2705978,2022_LoL_esports_match_data_from_OraclesElixir.csv,LCK,Spring,0,,2022,Regular Season
ESPORTSTMNT02_2570899,2022_LoL_esports_match_data_from_OraclesElixir.csv,LCK,Spring,0,,2022,Regular Season
ESPORTSTMNT02_2570934,2022_LoL_esports_match_data_from_OraclesElixir.csv,LCK,Spring,0,,2022,Regular Season
ESPORTSTMNT02_2570944,2022_LoL_esports_match_data_from_OraclesElixir.csv,LCK,Spring,0,,2022,Regular Season
ESPORTSTMNT02_2570976,2022_LoL_esports_match_data_from_OraclesElixir.csv,LCK,Spring,0,,2022,Regular Season
ESPORTSTMNT02_2551149,2022_LoL_esports_match_data_from_OraclesElixir.csv,LCK,Spring,0,,2022,Regular Season
ESPORTSTMNT02_2551178,2022_LoL_esports_match_data_from_OraclesElixir.csv,LCK,Spring,0,,2022,Regular Season
ESPORTSTMNT02_2551180,2022_LoL_esports_match_data_from_OraclesElixir.csv,LCK,Spring,0,,2022,Regular Season
ESPORTSTMNT02_2551187,2022_LoL_esports_match_data_from_OraclesElixir.csv,LCK,Spring,0,,2022,Regular Season
ESPORTSTMNT02_2551235,2022_LoL_esports_match_data_from_OraclesElixir.csv,LCK,Spring,0,,2022,Regular Season
ESPORTSTMNT02_2551249,2022_LoL_esports_match_data_from_OraclesElixir.csv,LCK,Spring,0,,2022,Regular Season
ESPORTSTMNT02_2551560,2022_LoL_esports_match_data_from_OraclesElixir.csv,LCK,Spring,0,,2022,Regular Season
ESPORTSTMNT02_2551611,2022_LoL_esports_match_data_from_OraclesElixir.csv,LCK,Spring,0,,2022,Regular Season
ESPORTSTMNT02_2551615,2022_LoL_esports_match_data_from_OraclesElixir.csv,LCK,Spring,0,,2022,Regular Season
ESPORTSTMNT02_2551647,2022_LoL_esports_match_data_from_OraclesElixir.csv,LCK,Spring,0,,2022,Regular Season
ESPORTSTMNT02_2571957,2022_LoL_esports_match_data_from_OraclesElixir.csv,LCK,Spring,0,,2022,Regular Season
ESPORTSTMNT02_2572001,2022_LoL_esports_match_data_from_OraclesElixir.csv,LCK,Spring,0,,2022,Regular Season
ESPORTSTMNT02_2572011,2022_LoL_esports_match_data_from_OraclesElixir.csv,LCK,Spring,0,,2022,Regular Season
ESPORTSTMNT02_2572063,2022_LoL_esports_match_data_from_OraclesElixir.csv,LCK,Spring,0,,2022,Regular Season
ESPORTSTMNT02_2552430,2022_LoL_esports_match_data_from_OraclesElixir.csv,LCK,Spring,0,,2022,Regular Season
ESPORTSTMNT02_2552458,2022_LoL_esports_match_data_from_OraclesElixir.csv,LCK,Spring,0,,2022,Regular Season
ESPORTSTMNT02_2552463,2022_LoL_esports_match_data_from_OraclesElixir.csv,LCK,Spring,0,,2022,Regular Season
ESPORTSTMNT02_2552467,2022_LoL_esports_match_data_from_OraclesElixir.csv,LCK,Spring,0,,2022,Regular Season
ESPORTSTMNT02_2552486,2022_LoL_esports_match_data_from_OraclesElixir.csv,LCK,Spring,0,,2022,Regular Season
ESPORTSTMNT02_2577665,2022_LoL_esports_match_data_from_OraclesElixir.csv,LCK,Spring,0,,2022,Regular Season
ESPORTSTMNT02_2557691,2022_LoL_esports_match_data_from_OraclesElixir.csv,LCK,Spring,0,,2022,Regular Season
ESPORTSTMNT02_2557693,2022_LoL_esports_match_data_from_OraclesElixir.csv,LCK,Spring,0,,2022,Regular Season
ESPORTSTMNT02_2557701,2022_LoL_esports_match_data_from_OraclesElixir.csv,LCK,Spring,0,,2022,Regular Season
ESPORTSTMNT02_2557739,2022_LoL_esports_match_data_from_OraclesElixir.csv,LCK,Spring,0,,2022,Regular Season
ESPORTSTMNT02_2557772,2022_LoL_esports_match_data_from_OraclesElixir.csv,LCK,Spring,0,,2022,Regular Season
ESPORTSTMNT02_2558150,2022_LoL_esports_match_data_from_OraclesElixir.csv,LCK,Spring,0,,2022,Regular Season
ESPORTSTMNT02_2558182,2022_LoL_esports_match_data_from_OraclesElixir.csv,LCK,Spring,0,,2022,Regular Season
ESPORTSTMNT02_2558191,2022_LoL_esports_match_data_from_OraclesElixir.csv,LCK,Spring,0,,2022,Regular Season
ESPORTSTMNT02_2558212,2022_LoL_esports_match_data_from_OraclesElixir.csv,LCK,Spring,0,,2022,Regular Season
ESPORTSTMNT02_2558221,2022_LoL_esports_match_data_from_OraclesElixir.csv,LCK,Spring,0,,2022,Regular Season
ESPORTSTMNT02_2558464,2022_LoL_esports_match_data_from_OraclesElixir.csv,LCK,Spring,0,,2022,Regular Season
ESPORTSTMNT02_2558481,2022_LoL_esports_match_data_from_OraclesElixir.csv,LCK,Spring,0,,2022,Regular Season
ESPORTSTMNT02_2578530,2022_LoL_esports_match_data_from_OraclesElixir.csv,LCK,Spring,0,,2022,Regular Season
ESPORTSTMNT02_2578534,2022_LoL_esports_match_data_from_OraclesElixir.csv,LCK,Spring,0,,2022,Regular Season
ESPORTSTMNT02_2578570,2022_LoL_esports_match_data_from_OraclesElixir.csv,LCK,Spring,0,,2022,Regular Season
ESPORTSTMNT02_2578572,2022_LoL_esports_match_data_from_OraclesElixir.csv,LCK,Spring,0,,2022,Regular Season
ESPORTSTMNT02_2578644,2022_LoL_esports_match_data_from_OraclesElixir.csv,LCK,Spring,0,,2022,Regular Season
ESPORTSTMNT02_2578670,2022_LoL_esports_match_data_from_OraclesElixir.csv,LCK,Spring,0,,2022,Regular Season
ESPORTSTMNT02_2578683,2022_LoL_esports_match_data_from_OraclesElixir.csv,LCK,Spring,0,,2022,Regular Season
ESPORTSTMNT02_2578705,2022_LoL_esports_match_data_from_OraclesElixir.csv,LCK,Spring,0,,2022,Regular Season
ESPORTSTMNT02_2558737,2022_LoL_esports_match_data_from_OraclesElixir.csv,LCK,Spring,0,,2022,Regular Season
ESPORTSTMNT02_2558760,2022_LoL_esports_match_data_from_OraclesElixir.csv,LCK,Spring,0,,2022,Regular Season
ESPORTSTMNT02_2558763,2022_LoL_esports_match_data_from_OraclesElixir.csv,LCK,Spring,0,,2022,Regular Season
ESPORTSTMNT02_2558803,2022_LoL_esports_match_data_from_OraclesElixir.csv,LCK,Spring,0,,2022,Regular Season
ESPORTSTMNT02_2558810,2022_LoL_esports_match_data_from_OraclesElixir.csv,LCK,Spring,0,,2022,Regular Season
ESPORTSTMNT03_2564348,2022_LoL_esports_match_data_from_OraclesElixir.csv,LCK,Spring,0,,2022,Regular Season
ESPORTSTMNT03_2564408,2022_LoL_esports_match_data_from_OraclesElixir.csv,LCK,Spring,0,,2022,Regular Season
ESPORTSTMNT03_2564418,2022_LoL_esports_match_data_from_OraclesElixir.csv,LCK,Spring,0,,2022,Regular Season
ESPORTSTMNT03_2564430,2022_LoL_esports_match_data_from_OraclesElixir.csv,LCK,Spring,0,,2022,Regular Season
ESPORTSTMNT03_2564454,2022_LoL_esports_match_data_from_OraclesElixir.csv,LCK,Spring,0,,2022,Regular Season
ESPORTSTMNT03_2545406,2022_LoL_esports_match_data_from_OraclesElixir.csv,LCK,Spring,0,,2022,Regular Season
ESPORTSTMNT03_2545467,2022_LoL_esports_match_data_from_OraclesElixir.csv,LCK,Spring,0,,2022,Regular Season
ESPORTSTMNT03_2545487,2022_LoL_esports_match_data_from_OraclesElixir.csv,LCK,Spring,0,,2022,Regular Season
ESPORTSTMNT03_2545531,2022_LoL_esports_match_data_from_OraclesElixir.csv,LCK,Spring,0,,2022,Regular Season
ESPORTSTMNT03_2545552,2022_LoL_esports_match_data_from_OraclesElixir.csv,LCK,Spring,0,,2022,Regular Season
ESPORTSTMNT03_2546137,2022_LoL_esports_match_data_from_OraclesElixir.csv,LCK,Spring,0,,2022,Regular Season
ESPORTSTMNT03_2546195,2022_LoL_esports_match_data_from_OraclesElixir.csv,LCK,Spring,0,,2022,Regular Season
ESPORTSTMNT03_2546210,2022_LoL_esports_match_data_from_OraclesElixir.csv,LCK,Spring,0,,2022,Regular Season
ESPORTSTMNT03_2546263,2022_LoL_esports_match_data_from_OraclesElixir.csv,LCK,Spring,0,,2022,Regular Season
ESPORTSTMNT03_2546764,2022_LoL_esports_match_data_from_OraclesElixir.csv,LCK,Spring,0,,2022,Regular Season
ESPORTSTMNT03_2546797,2022_LoL_esports_match_data_from_OraclesElixir.csv,LCK,Spring,0,,2022,Regular Season
ESPORTSTMNT03_2546815,2022_LoL_esports_match_data_from_OraclesElixir.csv,LCK,Spring,0,,2022,Regular Season
ESPORTSTMNT03_2546854,2022_LoL_esports_match_data_from_OraclesElixir.csv,LCK,Spring,0,,2022,Regular Season
ESPORTSTMNT03_2546882,2022_LoL_esports_match_data_from_OraclesElixir.csv,LCK,Spring,0,,2022,Regular Season
ESPORTSTMNT03_2547358,2022_LoL_esports_match_data_from_OraclesElixir.csv,LCK,Spring,0,,2022,Regular Season
ESPORTSTMNT03_2547417,2022_LoL_esports_match_data_from_OraclesElixir.csv,LCK,Spring,0,,2022,Regular Season
ESPORTSTMNT03_2547435,2022_LoL_esports_match_data_from_OraclesElixir.csv,LCK,Spring,0,,2022,Regular Season
ESPORTSTMNT03_2547455,2022_LoL_esports_match_data_from_OraclesElixir.csv,LCK,Spring,0,,2022,Regular Season
ESPORTSTMNT03_2547511,2022_LoL_esports_match_data_from_OraclesElixir.csv,LCK,Spring,0,,2022,Regular Season
ESPORTSTMNT03_2547540,2022_LoL_esports_match_data_from_OraclesElixir.csv,LCK,Spring,0,,2022,Regular Season
ESPORTSTMNT03_2568793,2022_LoL_esports_match_data_from_OraclesElixir.csv,LCK,Spring,0,,2022,Regular Season
ESPORTSTMNT03_2568857,2022_LoL_esports_match_data_from_OraclesElixir.csv,LCK,Spring,0,,2022,Regular Season
ESPORTSTMNT03_2568861,2022_LoL_esports_match_data_from_OraclesElixir.csv,LCK,Spring,0,,2022,Regular Season
ESPORTSTMNT03_2568906,2022_LoL_esports_match_data_from_OraclesElixir.csv,LCK,Spring,0,,2022,Regular Season
ESPORTSTMNT03_2569332,2022_LoL_esports_match_data_from_OraclesElixir.csv,LCK,Spring,0,,2022,Regular Season
ESPORTSTMNT03_2569376,2022_LoL_esports_match_data_from_OraclesElixir.csv,LCK,Spring,0,,2022,Regular Season
ESPORTSTMNT03_2569382,2022_LoL_esports_match_data_from_OraclesElixir.csv,LCK,Spring,0,,2022,Regular Season
ESPORTSTMNT03_2549672,2022_LoL_esports_match_data_from_OraclesElixir.csv,LCK,Spring,0,,2022,Regular Season
ESPORTSTMNT03_2569443,2022_LoL_esports_match_data_from_OraclesElixir.csv,LCK,Spring,0,,2022,Regular Season
ESPORTSTMNT03_2569744,2022_LoL_esports_match_data_from_OraclesElixir.csv,LCK,Spring,0,,2022,Regular Season
ESPORTSTMNT03_2569826,2022_LoL_esports_match_data_from_OraclesElixir.csv,LCK,Spring,0,,2022,Regular Season
ESPORTSTMNT03_2569847,2022_LoL_esports_match_data_from_OraclesElixir.csv,LCK,Spring,0,,2022,Regular Season
ESPORTSTMNT03_2569893,2022_LoL_esports_match_data_from_OraclesElixir.csv,LCK,Spring,0,,2022,Regular Season
ESPORTSTMNT03_2580134,2022_LoL_esports_match_data_from_OraclesElixir.csv,LCK,Spring,0,,2022,Regular Season
ESPORTSTMNT03_2580158,2022_LoL_esports_match_data_from_OraclesElixir.csv,LCK,Spring,0,,2022,Regular Season
ESPORTSTMNT03_2580163,2022_LoL_esports_match_data_from_OraclesElixir.csv,LCK,Spring,0,,2022,Regular Season
ESPORTSTMNT03_2580198,2022_LoL_esports_match_data_from_OraclesElixir.csv,LCK,Spring,0,,2022,Regular Season
ESPORTSTMNT03_2580261,2022_LoL_esports_match_data_from_OraclesElixir.csv,LCK,Spring,0,,2022,Regular Season
ESPORTSTMNT03_2580298,2022_LoL_esports_match_data_from_OraclesElixir.csv,LCK,Spring,0,,2022,Regular Season
ESPORTSTMNT03_2580310,2022_LoL_esports_match_data_from_OraclesElixir.csv,LCK,Spring,0,,2022,Regular Season
ESPORTSTMNT03_2580333,2022_LoL_esports_match_data_from_OraclesElixir.csv,LCK,Spring,0,,2022,Regular Season
ESPORTSTMNT03_2580341,2022_LoL_esports_match_data_from_OraclesElixir.csv,LCK,Spring,0,,2022,Regular Season
ESPORTSTMNT01_2733966,2022_LoL_esports_match_data_from_OraclesElixir.csv,LCK,Spring,0,,2022,Regular Season
ESPORTSTMNT01_2744194,2022_LoL_esports_match_data_from_OraclesElixir.csv,LCK,Spring,0,,2022,Regular Season
ESPORTSTMNT01_2744217,2022_LoL_esports_match_data_from_OraclesElixir.csv,LCK,Spring,0,,2022,Regular Season
ESPORTSTMNT01_2734080,2022_LoL_esports_match_data_from_OraclesElixir.csv,LCK,Spring,0,,2022,Regular Season
ESPORTSTMNT01_2734124,2022_LoL_esports_match_data_from_OraclesElixir.csv,LCK,Spring,0,,2022,Regular Season
ESPORTSTMNT01_2734770,2022_LoL_esports_match_data_from_OraclesElixir.csv,LCK,Spring,0,,2022,Regular Season
ESPORTSTMNT01_2744817,2022_LoL_esports_match_data_from_OraclesElixir.csv,LCK,Spring,0,,2022,Regular Season
ESPORTSTMNT01_2744822,2022_LoL_esports_match_data_from_OraclesElixir.csv,LCK,Spring,0,,2022,Regular Season
ESPORTSTMNT01_2744887,2022_LoL_esports_match_data_from_OraclesElixir.csv,LCK,Spring,0,,2022,Regular Season
ESPORTSTMNT01_2735442,2022_LoL_esports_match_data_from_OraclesElixir.csv,LCK,Spring,0,,2022,Regular Season
ESPORTSTMNT01_2735520,2022_LoL_esports_match_data_from_OraclesElixir.csv,LCK,Spring,0,,2022,Regular Season
ESPORTSTMNT01_2735529,2022_LoL_esports_match_data_from_OraclesElixir.csv,LCK,Spring,0,,2022,Regular Season
ESPORTSTMNT01_2735569,2022_LoL_esports_match_data_from_OraclesElixir.csv,LCK,Spring,0,,2022,Regular Season
ESPORTSTMNT01_2780338,2022_LoL_esports_match_data_from_OraclesElixir.csv,LCK,Spring,0,,2022,Regular Season
ESPORTSTMNT01_2770391,2022_LoL_esports_match_data_from_OraclesElixir.csv,LCK,Spring,0,,2022,Regular Season
ESPORTSTMNT01_2770414,2022_LoL_esports_match_data_from_OraclesElixir.csv,LCK,Spring,0,,2022,Regular Season
ESPORTSTMNT01_2770433,2022_LoL_esports_match_data_from_OraclesElixir.csv,LCK,Spring,0,,2022,Regular Season
ESPORTSTMNT01_2770483,2022_LoL_esports_match_data_from_OraclesElixir.csv,LCK,Spring,0,,2022,Regular Season
ESPORTSTMNT01_2770511,2022_LoL_esports_match_data_from_OraclesElixir.csv,LCK,Spring,0,,2022,Regular Season
ESPORTSTMNT01_2780901,2022_LoL_esports_match_data_from_OraclesElixir.csv,LCK,Spring,0,,2022,Regular Season
ESPORTSTMNT01_2770975,2022_LoL_esports_match_data_from_OraclesElixir.csv,LCK,Spring,0,,2022,Regular Season
ESPORTSTMNT01_2770993,2022_LoL_esports_match_data_from_OraclesElixir.csv,LCK,Spring,0,,2022,Regular Season
ESPORTSTMNT01_2771060,2022_LoL_esports_match_data_from_OraclesElixir.csv,LCK,Spring,0,,2022,Regular Season
ESPORTSTMNT01_2782567,2022_LoL_esports_match_data_from_OraclesElixir.csv,LCK,Spring,0,,2022,Regular Season
ESPORTSTMNT01_2782631,2022_LoL_esports_match_data_from_OraclesElixir.csv,LCK,Spring,0,,2022,Regular Season
ESPORTSTMNT01_2782634,2022_LoL_esports_match_data_from_OraclesElixir.csv,LCK,Spring,0,,2022,Regular Season
ESPORTSTMNT01_2782677,2022_LoL_esports_match_data_from_OraclesElixir.csv,LCK,Spring,0,http://matchhistory.na.leagueoflegends.com/en/#match-details/ESPORTSTMNT01/2782677?gameHash=550e4ee605d32de3,2022,Regular Season
ESPORTSTMNT01_2782685,2022_LoL_esports_match_data_from_OraclesElixir.csv,LCK,Spring,0,,2022,Regular Season
ESPORTSTMNT01_2773026,2022_LoL_esports_match_data_from_OraclesElixir.csv,LCK,Spring,0,,2022,Regular Season
ESPORTSTMNT01_2773051,2022_LoL_esports_match_data_from_OraclesElixir.csv,LCK,Spring,0,,2022,Regular Season
ESPORTSTMNT01_2773053,2022_LoL_esports_match_data_from_OraclesElixir.csv,LCK,Spring,0,,2022,Regular Season
ESPORTSTMNT01_2773097,2022_LoL_esports_match_data_from_OraclesElixir.csv,LCK,Spring,0,,2022,Regular Season
ESPORTSTMNT01_2773445,2022_LoL_esports_match_data_from_OraclesElixir.csv,LCK,Spring,0,,2022,Regular Season
ESPORTSTMNT01_2773482,2022_LoL_esports_match_data_from_OraclesElixir.csv,LCK,Spring,0,,2022,Regular Season
ESPORTSTMNT01_2773491,2022_LoL_esports_match_data_from_OraclesElixir.csv,LCK,Spring,0,,2022,Regular Season
ESPORTSTMNT01_2773503,2022_LoL_esports_match_data_from_OraclesElixir.csv,LCK,Spring,0,,2022,Regular Season
ESPORTSTMNT01_2783459,2022_LoL_esports_match_data_from_OraclesElixir.csv,LCK,Spring,0,,2022,Regular Season
ESPORTSTMNT04_2210408,2022_LoL_esports_match_data_from_OraclesElixir.csv,LCK,Spring,0,,2022,Regular Season
ESPORTSTMNT04_2210426,2022_LoL_esports_match_data_from_OraclesElixir.csv,LCK,Spring,0,,2022,Regular Season
ESPORTSTMNT04_2210427,2022_LoL_esports_match_data_from_OraclesElixir.csv,LCK,Spring,0,,2022,Regular Season
ESPORTSTMNT04_2210446,2022_LoL_esports_match_data_from_OraclesElixir.csv,LCK,Spring,0,,2022,Regular Season
ESPORTSTMNT04_2210465,2022_LoL_esports_match_data_from_OraclesElixir.csv,LCK,Spring,0,,2022,Regular Season
ESPORTSTMNT04_2210474,2022_LoL_esports_match_data_from_OraclesElixir.csv,LCK,Spring,0,,2022,Regular Season
ESPORTSTMNT04_2210486,2022_LoL_esports_match_data_from_OraclesElixir.csv,LCK,Spring,0,,2022,Regular Season
ESPORTSTMNT04_2210500,2022_LoL_esports_match_data_from_OraclesElixir.csv,LCK,Spring,0,,2022,Regular Season
ESPORTSTMNT04_2210501,2022_LoL_esports_match_data_from_OraclesElixir.csv,LCK,Spring,0,,2022,Regular Season
ESPORTSTMNT02_2661657,2022_LoL_esports_match_data_from_OraclesElixir.csv,LCK,Spring,0,,2022,Regular Season
ESPORTSTMNT02_2661670,2022_LoL_esports_match_data_from_OraclesElixir.csv,LCK,Spring,0,,2022,Regular Season
ESPORTSTMNT02_2661674,2022_LoL_esports_match_data_from_OraclesElixir.csv,LCK,Spring,0,,2022,Regular Season
ESPORTSTMNT02_2671880,2022_LoL_esports_match_data_from_OraclesElixir.csv,LCK,Spring,0,,2022,Regular Season
ESPORTSTMNT02_2662077,2022_LoL_esports_match_data_from_OraclesElixir.csv,LCK,Spring,0,,2022,Regular Season
ESPORTSTMNT02_2662096,2022_LoL_esports_match_data_from_OraclesElixir.csv,LCK,Spring,0,,2022,Regular Season
ESPORTSTMNT02_2662116,2022_LoL_esports_match_data_from_OraclesElixir.csv,LCK,Spring,0,,2022,Regular Season
ESPORTSTMNT02_2662130,2022_LoL_esports_match_data_from_OraclesElixir.csv,LCK,Spring,0,,2022,Regular Season
ESPORTSTMNT02_2662403,2022_LoL_esports_match_data_from_OraclesElixir.csv,LCK,Spring,0,,2022,Regular Season
ESPORTSTMNT02_2672267,2022_LoL_esports_match_data_from_OraclesElixir.csv,LCK,Spring,0,,2022,Regular Season
ESPORTSTMNT02_2672271,2022_LoL_esports_match_data_from_OraclesElixir.csv,LCK,Spring,0,,2022,Regular Season
ESPORTSTMNT02_2672279,2022_LoL_esports_match_data_from_OraclesElixir.csv,LCK,Spring,0,,2022,Regular Season
ESPORTSTMNT02_2672309,2022_LoL_esports_match_data_from_OraclesElixir.csv,LCK,Spring,0,,2022,Regular Season
ESPORTSTMNT02_2672315,2022_LoL_esports_match_data_from_OraclesElixir.csv,LCK,Spring,0,,2022,Regular Season
ESPORTSTMNT02_2672498,2022_LoL_esports_match_data_from_OraclesElixir.csv,LCK,Spring,0,,2022,Regular Season
ESPORTSTMNT02_2662701,2022_LoL_esports_match_data_from_OraclesElixir.csv,LCK,Spring,0,,2022,Regular Season
ESPORTSTMNT02_2662722,2022_LoL_esports_match_data_from_OraclesElixir.csv,LCK,Spring,0,,2022,Regular Season
ESPORTSTMNT02_2662767,2022_LoL_esports_match_data_from_OraclesElixir.csv,LCK,Spring,0,,2022,Regular Season
ESPORTSTMNT02_2672695,2022_LoL_esports_match_data_from_OraclesElixir.csv,LCK,Spring,0,,2022,Regular Season
ESPORTSTMNT02_2672723,2022_LoL_esports_match_data_from_OraclesElixir.csv,LCK,Spring,0,,2022,Regular Season
ESPORTSTMNT02_2672727,2022_LoL_esports_match_data_from_OraclesElixir.csv,LCK,Spring,0,,2022,Regular Season
ESPORTSTMNT02_2672743,2022_LoL_esports_match_data_from_OraclesElixir.csv,LCK,Spring,0,,2022,Regular Season
ESPORTSTMNT02_2672758,2022_LoL_esports_match_data_from_OraclesElixir.csv,LCK,Spring,0,,2022,Regular Season
ESPORTSTMNT02_2663581,2022_LoL_esports_match_data_from_OraclesElixir.csv,LCK,Spring,1,,2022,Playoff
ESPORTSTMNT02_2663614,2022_LoL_esports_match_data_from_OraclesElixir.csv,LCK,Spring,1,,2022,Playoff
ESPORTSTMNT02_2663616,2022_LoL_esports_match_data_from_OraclesElixir.csv,LCK,Spring,1,,2022,Playoff
ESPORTSTMNT02_2663759,2022_LoL_esports_match_data_from_OraclesElixir.csv,LCK,Spring,1,,2022,Playoff
ESPORTSTMNT02_2673595,2022_LoL_esports_match_data_from_OraclesElixir.csv,LCK,Spring,1,,2022,Playoff
ESPORTSTMNT02_2673596,2022_LoL_esports_match_data_from_OraclesElixir.csv,LCK,Spring,1,,2022,Playoff
ESPORTSTMNT02_2673599,2022_LoL_esports_match_data_from_OraclesElixir.csv,LCK,Spring,1,,2022,Playoff
ESPORTSTMNT02_2673605,2022_LoL_esports_match_data_from_OraclesElixir.csv,LCK,Spring,1,,2022,Playoff
ESPORTSTMNT02_2673855,2022_LoL_esports_match_data_from_OraclesElixir.csv,LCK,Spring,1,,2022,Playoff
ESPORTSTMNT02_2664035,2022_LoL_esports_match_data_from_OraclesElixir.csv,LCK,Spring,1,,2022,Playoff
ESPORTSTMNT02_2664040,2022_LoL_esports_match_data_from_OraclesElixir.csv,LCK,Spring,1,,2022,Playoff
ESPORTSTMNT02_2664192,2022_LoL_esports_match_data_from_OraclesElixir.csv,LCK,Spring,1,,2022,Playoff
ESPORTSTMNT02_2664226,2022_LoL_esports_match_data_from_OraclesElixir.csv,LCK,Spring,1,,2022,Playoff
ESPORTSTMNT02_2664231,2022_LoL_esports_match_data_from_OraclesElixir.csv,LCK,Spring,1,,2022,Playoff
ESPORTSTMNT02_2664241,2022_LoL_esports_match_data_from_OraclesElixir.csv,LCK,Spring,1,,2022,Playoff
ESPORTSTMNT02_2664248,2022_LoL_esports_match_data_from_OraclesElixir.csv,LCK,Spring,1,,2022,Playoff
ESPORTSTMNT02_2674644,2022_LoL_esports_match_data_from_OraclesElixir.csv,LCK,Spring,1,,2022,Playoff
ESPORTSTMNT02_2674660,2022_LoL_esports_match_data_from_OraclesElixir.csv,LCK,Spring,1,,2022,Playoff
ESPORTSTMNT02_2674677,2022_LoL_esports_match_data_from_OraclesElixir.csv,LCK,Spring,1,,2022,Playoff
ESPORTSTMNT02_2674680,2022_LoL_esports_match_data_from_OraclesElixir.csv,LCK,Spring,1,,2022,Playoff
ESPORTSTMNT02_2810546,2022_LoL_esports_match_data_from_OraclesElixir.csv,LCK,Summer,0,,2022,Regular Season
ESPORTSTMNT02_2820281,2022_LoL_esports_match_data_from_OraclesElixir.csv,LCK,Summer,0,,2022,Regular Season
ESPORTSTMNT02_2820291,2022_LoL_esports_match_data_from_OraclesElixir.csv,LCK,Summer,0,,2022,Regular Season
ESPORTSTMNT02_2820303,2022_LoL_esports_match_data_from_OraclesElixir.csv,LCK,Summer,0,,2022,Regular Season
ESPORTSTMNT02_2820359,2022_LoL_esports_match_data_from_OraclesElixir.csv,LCK,Summer,0,,2022,Regular Season
ESPORTSTMNT02_2840016,2022_LoL_esports_match_data_from_OraclesElixir.csv,LCK,Summer,0,,2022,Regular Season
ESPORTSTMNT02_2840052,2022_LoL_esports_match_data_from_OraclesElixir.csv,LCK,Summer,0,,2022,Regular Season
ESPORTSTMNT02_2840060,2022_LoL_esports_match_data_from_OraclesElixir.csv,LCK,Summer,0,,2022,Regular Season
ESPORTSTMNT02_2830073,2022_LoL_esports_match_data_from_OraclesElixir.csv,LCK,Summer,0,,2022,Regular Season
ESPORTSTMNT02_2840427,2022_LoL_esports_match_data_from_OraclesElixir.csv,LCK,Summer,0,,2022,Regular Season
ESPORTSTMNT02_2840440,2022_LoL_esports_match_data_from_OraclesElixir.csv,LCK,Summer,0,,2022,Regular Season
ESPORTSTMNT05_2780049,2022_LoL_esports_match_data_from_OraclesElixir.csv,LCK,Summer,0,,2022,Regular Season
ESPORTSTMNT05_2780070,2022_LoL_esports_match_data_from_OraclesElixir.csv,LCK,Summer,0,,2022,Regular Season
ESPORTSTMNT02_2830653,2022_LoL_esports_match_data_from_OraclesElixir.csv,LCK,Summer,0,,2022,Regular Season
ESPORTSTMNT02_2830654,2022_LoL_esports_match_data_from_OraclesElixir.csv,LCK,Summer,0,,2022,Regular Season
ESPORTSTMNT02_2830660,2022_LoL_esports_match_data_from_OraclesElixir.csv,LCK,Summer,0,,2022,Regular Season
ESPORTSTMNT02_2830678,2022_LoL_esports_match_data_from_OraclesElixir.csv,LCK,Summer,0,,2022,Regular Season
ESPORTSTMNT02_2830769,2022_LoL_esports_match_data_from_OraclesElixir.csv,LCK,Summer,0,,2022,Regular Season
ESPORTSTMNT02_2830808,2022_LoL_esports_match_data_from_OraclesElixir.csv,LCK,Summer,0,,2022,Regular Season
ESPORTSTMNT02_2840731,2022_LoL_esports_match_data_from_OraclesElixir.csv,LCK,Summer,0,,2022,Regular Season
ESPORTSTMNT02_2840747,2022_LoL_esports_match_data_from_OraclesElixir.csv,LCK,Summer,0,,2022,Regular Season
ESPORTSTMNT02_2830829,2022_LoL_esports_match_data_from_OraclesElixir.csv,LCK,Summer,0,,2022,Regular Season
ESPORTSTMNT03_2793981,2022_LoL_esports_match_data_from_OraclesElixir.csv,LCK,Summer,0,,2022,Regular Season
ESPORTSTMNT03_2794047,2022_LoL_esports_match_data_from_OraclesElixir.csv,LCK,Summer,0,,2022,Regular Season
ESPORTSTMNT03_2794070,2022_LoL_esports_match_data_from_OraclesElixir.csv,LCK,Summer,0,,2022,Regular Season
ESPORTSTMNT03_2794082,2022_LoL_esports_match_data_from_OraclesElixir.csv,LCK,Summer,0,,2022,Regular Season
ESPORTSTMNT03_2794153,2022_LoL_esports_match_data_from_OraclesElixir.csv,LCK,Summer,0,,2022,Regular Season
ESPORTSTMNT03_2794767,2022_LoL_esports_match_data_from_OraclesElixir.csv,LCK,Summer,0,,2022,Regular Season
ESPORTSTMNT03_2794828,2022_LoL_esports_match_data_from_OraclesElixir.csv,LCK,Summer,0,,2022,Regular Season
ESPORTSTMNT03_2794885,2022_LoL_esports_match_data_from_OraclesElixir.csv,LCK,Summer,0,,2022,Regular Season
ESPORTSTMNT03_2794935,2022_LoL_esports_match_data_from_OraclesElixir.csv,LCK,Summer,0,,2022,Regular Season
ESPORTSTMNT03_2795619,2022_LoL_esports_match_data_from_OraclesElixir.csv,LCK,Summer,0,,2022,Regular Season
ESPORTSTMNT03_2795673,2022_LoL_esports_match_data_from_OraclesElixir.csv,LCK,Summer,0,,2022,Regular Season
ESPORTSTMNT03_2795690,2022_LoL_esports_match_data_from_OraclesElixir.csv,LCK,Summer,0,,2022,Regular Season
ESPORTSTMNT03_2785721,2022_LoL_esports_match_data_from_OraclesElixir.csv,LCK,Summer,0,,2022,Regular Season
ESPORTSTMNT03_2785767,2022_LoL_esports_match_data_from_OraclesElixir.csv,LCK,Summer,0,,2022,Regular Season
ESPORTSTMNT03_2786350,2022_LoL_esports_match_data_from_OraclesElixir.csv,LCK,Summer,0,,2022,Regular Season
ESPORTSTMNT03_2786361,2022_LoL_esports_match_data_from_OraclesElixir.csv,LCK,Summer,0,,2022,Regular Season
ESPORTSTMNT03_2786395,2022_LoL_esports_match_data_from_OraclesElixir.csv,LCK,Summer,0,,2022,Regular Season
ESPORTSTMNT03_2786455,2022_LoL_esports_match_data_from_OraclesElixir.csv,LCK,Summer,0,,2022,Regular Season
ESPORTSTMNT03_2787037,2022_LoL_esports_match_data_from_OraclesElixir.csv,LCK,Summer,0,,2022,Regular Season
ESPORTSTMNT03_2787043,2022_LoL_esports_match_data_from_OraclesElixir.csv,LCK,Summer,0,,2022,Regular Season
ESPORTSTMNT03_2787058,2022_LoL_esports_match_data_from_OraclesElixir.csv,LCK,Summer,0,,2022,Regular Season
ESPORTSTMNT03_2787149,2022_LoL_esports_match_data_from_OraclesElixir.csv,LCK,Summer,0,,2022,Regular Season
ESPORTSTMNT03_2787163,2022_LoL_esports_match_data_from_OraclesElixir.csv,LCK,Summer,0,,2022,Regular Season
ESPORTSTMNT06_2510001,2022_LoL_esports_match_data_from_OraclesElixir.csv,LCK,Summer,0,,2022,Regular Season
ESPORTSTMNT06_2510009,2022_LoL_esports_match_data_from_OraclesElixir.csv,LCK,Summer,0,,2022,Regular Season
ESPORTSTMNT06_2500014,2022_LoL_esports_match_data_from_OraclesElixir.csv,LCK,Summer,0,,2022,Regular Season
ESPORTSTMNT06_2500018,2022_LoL_esports_match_data_from_OraclesElixir.csv,LCK,Summer,0,,2022,Regular Season
ESPORTSTMNT06_2500033,2022_LoL_esports_match_data_from_OraclesElixir.csv,LCK,Summer,0,,2022,Regular Season
ESPORTSTMNT06_2500037,2022_LoL_esports_match_data_from_OraclesElixir.csv,LCK,Summer,0,,2022,Regular Season
ESPORTSTMNT06_2500054,2022_LoL_esports_match_data_from_OraclesElixir.csv,LCK,Summer,0,,2022,Regular Season
ESPORTSTMNT06_2500065,2022_LoL_esports_match_data_from_OraclesElixir.csv,LCK,Summer,0,,2022,Regular Season
ESPORTSTMNT06_2500066,2022_LoL_esports_match_data_from_OraclesElixir.csv,LCK,Summer,0,,2022,Regular Season
ESPORTSTMNT06_2500067,2022_LoL_esports_match_data_from_OraclesElixir.csv,LCK,Summer,0,,2022,Regular Season
ESPORTSTMNT06_2500074,2022_LoL_esports_match_data_from_OraclesElixir.csv,LCK,Summer,0,,2022,Regular Season
ESPORTSTMNT06_2500154,2022_LoL_esports_match_data_from_OraclesElixir.csv,LCK,Summer,0,,2022,Regular Season
ESPORTSTMNT06_2500165,2022_LoL_esports_match_data_from_OraclesElixir.csv,LCK,Summer,0,,2022,Regular Season
ESPORTSTMNT06_2500166,2022_LoL_esports_match_data_from_OraclesElixir.csv,LCK,Summer,0,,2022,Regular Season
ESPORTSTMNT06_2500194,2022_LoL_esports_match_data_from_OraclesElixir.csv,LCK,Summer,0,,2022,Regular Season
ESPORTSTMNT06_2510204,2022_LoL_esports_match_data_from_OraclesElixir.csv,LCK,Summer,0,,2022,Regular Season
ESPORTSTMNT06_2500207,2022_LoL_esports_match_data_from_OraclesElixir.csv,LCK,Summer,0,,2022,Regular Season
ESPORTSTMNT06_2510219,2022_LoL_esports_match_data_from_OraclesElixir.csv,LCK,Summer,0,,2022,Regular Season
ESPORTSTMNT06_2510232,2022_LoL_esports_match_data_from_OraclesElixir.csv,LCK,Summer,0,,2022,Regular Season
ESPORTSTMNT06_2510234,2022_LoL_esports_match_data_from_OraclesElixir.csv,LCK,Summer,0,,2022,Regular Season
ESPORTSTMNT06_2510240,2022_LoL_esports_match_data_from_OraclesElixir.csv,LCK,Summer,0,,2022,Regular Season
ESPORTSTMNT06_2510243,2022_LoL_esports_match_data_from_OraclesElixir.csv,LCK,Summer,0,,2022,Regular Season
ESPORTSTMNT06_2510261,2022_LoL_esports_match_data_from_OraclesElixir.csv,LCK,Summer,0,,2022,Regular Season
ESPORTSTMNT04_2431079,2022_LoL_esports_match_data_from_OraclesElixir.csv,LCK,Summer,0,,2022,Regular Season
ESPORTSTMNT04_2431097,2022_LoL_esports_match_data_from_OraclesElixir.csv,LCK,Summer,0,,2022,Regular Season
ESPORTSTMNT04_2431101,2022_LoL_esports_match_data_from_OraclesElixir.csv,LCK,Summer,0,,2022,Regular Season
ESPORTSTMNT04_2431109,2022_LoL_esports_match_data_from_OraclesElixir.csv,LCK,Summer,0,,2022,Regular Season
ESPORTSTMNT04_2431125,2022_LoL_esports_match_data_from_OraclesElixir.csv,LCK,Summer,0,,2022,Regular Season
ESPORTSTMNT04_2431278,2022_LoL_esports_match_data_from_OraclesElixir.csv,LCK,Summer,0,,2022,Regular Season
ESPORTSTMNT04_2411208,2022_LoL_esports_match_data_from_OraclesElixir.csv,LCK,Summer,0,,2022,Regular Season
ESPORTSTMNT04_2411209,2022_LoL_esports_match_data_from_OraclesElixir.csv,LCK,Summer,0,,2022,Regular Season
ESPORTSTMNT04_2411213,2022_LoL_esports_match_data_from_OraclesElixir.csv,LCK,Summer,0,,2022,Regular Season
ESPORTSTMNT04_2411237,2022_LoL_esports_match_data_from_OraclesElixir.csv,LCK,Summer,0,,2022,Regular Season
ESPORTSTMNT04_2431316,2022_LoL_esports_match_data_from_OraclesElixir.csv,LCK,Summer,0,,2022,Regular Season
ESPORTSTMNT04_2411346,2022_LoL_esports_match_data_from_OraclesElixir.csv,LCK,Summer,0,,2022,Regular Season
ESPORTSTMNT04_2411358,2022_LoL_esports_match_data_from_OraclesElixir.csv,LCK,Summer,0,,2022,Regular Season
ESPORTSTMNT04_2411364,2022_LoL_esports_match_data_from_OraclesElixir.csv,LCK,Summer,0,,2022,Regular Season
ESPORTSTMNT04_2411371,2022_LoL_esports_match_data_from_OraclesElixir.csv,LCK,Summer,0,,2022,Regular Season
ESPORTSTMNT04_2411387,2022_LoL_esports_match_data_from_OraclesElixir.csv,LCK,Summer,0,,2022,Regular Season
ESPORTSTMNT04_2411388,2022_LoL_esports_match_data_from_OraclesElixir.csv,LCK,Summer,0,,2022,Regular Season
ESPORTSTMNT04_2411452,2022_LoL_esports_match_data_from_OraclesElixir.csv,LCK,Summer,0,,2022,Regular Season
ESPORTSTMNT04_2411473,2022_LoL_esports_match_data_from_OraclesElixir.csv,LCK,Summer,0,,2022,Regular Season
ESPORTSTMNT04_2411474,2022_LoL_esports_match_data_from_OraclesElixir.csv,LCK,Summer,0,,2022,Regular Season
ESPORTSTMNT04_2411485,2022_LoL_esports_match_data_from_OraclesElixir.csv,LCK,Summer,0,,2022,Regular Season
ESPORTSTMNT04_2411510,2022_LoL_esports_match_data_from_OraclesElixir.csv,LCK,Summer,0,,2022,Regular Season
ESPORTSTMNT04_2411522,2022_LoL_esports_match_data_from_OraclesElixir.csv,LCK,Summer,0,,2022,Regular Season
ESPORTSTMNT04_2411526,2022_LoL_esports_match_data_from_OraclesElixir.csv,LCK,Summer,0,,2022,Regular Season
ESPORTSTMNT04_2411536,2022_LoL_esports_match_data_from_OraclesElixir.csv,LCK,Summer,0,,2022,Regular Season
ESPORTSTMNT05_2951501,2022_LoL_esports_match_data_from_OraclesElixir.csv,LCK,Summer,0,,2022,Regular Season
ESPORTSTMNT05_2951513,2022_LoL_esports_match_data_from_OraclesElixir.csv,LCK,Summer,0,,2022,Regular Season
ESPORTSTMNT05_2951542,2022_LoL_esports_match_data_from_OraclesElixir.csv,LCK,Summer,0,,2022,Regular Season
ESPORTSTMNT05_2951551,2022_LoL_esports_match_data_from_OraclesElixir.csv,LCK,Summer,0,,2022,Regular Season
ESPORTSTMNT05_2951582,2022_LoL_esports_match_data_from_OraclesElixir.csv,LCK,Summer,0,,2022,Regular Season
ESPORTSTMNT05_2951924,2022_LoL_esports_match_data_from_OraclesElixir.csv,LCK,Summer,0,,2022,Regular Season
ESPORTSTMNT05_2951965,2022_LoL_esports_match_data_from_OraclesElixir.csv,LCK,Summer,0,,2022,Regular Season
ESPORTSTMNT05_2951988,2022_LoL_esports_match_data_from_OraclesElixir.csv,LCK,Summer,0,,2022,Regular Season
ESPORTSTMNT05_2951991,2022_LoL_esports_match_data_from_OraclesElixir.csv,LCK,Summer,0,,2022,Regular Season
ESPORTSTMNT05_2952017,2022_LoL_esports_match_data_from_OraclesElixir.csv,LCK,Summer,0,,2022,Regular Season
ESPORTSTMNT05_2952287,2022_LoL_esports_match_data_from_OraclesElixir.csv,LCK,Summer,0,,2022,Regular Season
ESPORTSTMNT05_2942187,2022_LoL_esports_match_data_from_OraclesElixir.csv,LCK,Summer,0,,2022,Regular Season
ESPORTSTMNT05_2952305,2022_LoL_esports_match_data_from_OraclesElixir.csv,LCK,Summer,0,,2022,Regular Season
ESPORTSTMNT05_2942209,2022_LoL_esports_match_data_from_OraclesElixir.csv,LCK,Summer,0,,2022,Regular Season
ESPORTSTMNT05_2942470,2022_LoL_esports_match_data_from_OraclesElixir.csv,LCK,Summer,0,,2022,Regular Season
ESPORTSTMNT05_2942491,2022_LoL_esports_match_data_from_OraclesElixir.csv,LCK,Summer,0,,2022,Regular Season
ESPORTSTMNT05_2942496,2022_LoL_esports_match_data_from_OraclesElixir.csv,LCK,Summer,0,,2022,Regular Season
ESPORTSTMNT05_2942515,2022_LoL_esports_match_data_from_OraclesElixir.csv,LCK,Summer,0,,2022,Regular Season
ESPORTSTMNT05_2942806,2022_LoL_esports_match_data_from_OraclesElixir.csv,LCK,Summer,0,,2022,Regular Season
ESPORTSTMNT05_2942826,2022_LoL_esports_match_data_from_OraclesElixir.csv,LCK,Summer,0,,2022,Regular Season
ESPORTSTMNT05_2942832,2022_LoL_esports_match_data_from_OraclesElixir.csv,LCK,Summer,0,,2022,Regular Season
ESPORTSTMNT05_2942869,2022_LoL_esports_match_data_from_OraclesElixir.csv,LCK,Summer,0,,2022,Regular Season
ESPORTSTMNT05_2980201,2022_LoL_esports_match_data_from_OraclesElixir.csv,LCK,Summer,0,,2022,Regular Season
ESPORTSTMNT05_2980212,2022_LoL_esports_match_data_from_OraclesElixir.csv,LCK,Summer,0,,2022,Regular Season
ESPORTSTMNT05_2980213,2022_LoL_esports_match_data_from_OraclesElixir.csv,LCK,Summer,0,,2022,Regular Season
ESPORTSTMNT05_2980216,2022_LoL_esports_match_data_from_OraclesElixir.csv,LCK,Summer,0,,2022,Regular Season
ESPORTSTMNT05_2980240,2022_LoL_esports_match_data_from_OraclesElixir.csv,LCK,Summer,0,,2022,Regular Season
ESPORTSTMNT05_2990357,2022_LoL_esports_match_data_from_OraclesElixir.csv,LCK,Summer,0,,2022,Regular Season
ESPORTSTMNT05_2990375,2022_LoL_esports_match_data_from_OraclesElixir.csv,LCK,Summer,0,,2022,Regular Season
ESPORTSTMNT05_2990380,2022_LoL_esports_match_data_from_OraclesElixir.csv,LCK,Summer,0,,2022,Regular Season
ESPORTSTMNT05_2990388,2022_LoL_esports_match_data_from_OraclesElixir.csv,LCK,Summer,0,,2022,Regular Season
ESPORTSTMNT05_2990418,2022_LoL_esports_match_data_from_OraclesElixir.csv,LCK,Summer,0,,2022,Regular Season
ESPORTSTMNT05_2980509,2022_LoL_esports_match_data_from_OraclesElixir.csv,LCK,Summer,0,,2022,Regular Season
ESPORTSTMNT05_2980526,2022_LoL_esports_match_data_from_OraclesElixir.csv,LCK,Summer,0,,2022,Regular Season
ESPORTSTMNT05_2980527,2022_LoL_esports_match_data_from_OraclesElixir.csv,LCK,Summer,0,,2022,Regular Season
ESPORTSTMNT05_2980537,2022_LoL_esports_match_data_from_OraclesElixir.csv,LCK,Summer,0,,2022,Regular Season
ESPORTSTMNT05_2980538,2022_LoL_esports_match_data_from_OraclesElixir.csv,LCK,Summer,0,,2022,Regular Season
ESPORTSTMNT05_2980556,2022_LoL_esports_match_data_from_OraclesElixir.csv,LCK,Summer,0,,2022,Regular Season
ESPORTSTMNT05_2980569,2022_LoL_esports_match_data_from_OraclesElixir.csv,LCK,Summer,0,,2022,Regular Season
ESPORTSTMNT05_2980571,2022_LoL_esports_match_data_from_OraclesElixir.csv,LCK,Summer,0,,2022,Regular Season
ESPORTSTMNT05_2980572,2022_LoL_esports_match_data_from_OraclesElixir.csv,LCK,Summer,0,,2022,Regular Season
ESPORTSTMNT05_2980586,2022_LoL_esports_match_data_from_OraclesElixir.csv,LCK,Summer,0,,2022,Regular Season
ESPORTSTMNT05_2980587,2022_LoL_esports_match_data_from_OraclesElixir.csv,LCK,Summer,0,,2022,Regular Season
ESPORTSTMNT05_2990662,2022_LoL_esports_match_data_from_OraclesElixir.csv,LCK,Summer,0,,2022,Regular Season
ESPORTSTMNT05_2990683,2022_LoL_esports_match_data_from_OraclesElixir.csv,LCK,Summer,0,,2022,Regular Season
ESPORTSTMNT05_2990684,2022_LoL_esports_match_data_from_OraclesElixir.csv,LCK,Summer,0,,2022,Regular Season
ESPORTSTMNT05_2990701,2022_LoL_esports_match_data_from_OraclesElixir.csv,LCK,Summer,0,,2022,Regular Season
ESPORTSTMNT06_2540974,2022_LoL_esports_match_data_from_OraclesElixir.csv,LCK,Summer,0,,2022,Regular Season
ESPORTSTMNT06_2531013,2022_LoL_esports_match_data_from_OraclesElixir.csv,LCK,Summer,0,,2022,Regular Season
ESPORTSTMNT06_2531015,2022_LoL_esports_match_data_from_OraclesElixir.csv,LCK,Summer,0,,2022,Regular Season
ESPORTSTMNT06_2531022,2022_LoL_esports_match_data_from_OraclesElixir.csv,LCK,Summer,0,,2022,Regular Season
ESPORTSTMNT06_2531032,2022_LoL_esports_match_data_from_OraclesElixir.csv,LCK,Summer,0,,2022,Regular Season
ESPORTSTMNT06_2531036,2022_LoL_esports_match_data_from_OraclesElixir.csv,LCK,Summer,0,,2022,Regular Season
ESPORTSTMNT06_2531135,2022_LoL_esports_match_data_from_OraclesElixir.csv,LCK,Summer,0,,2022,Regular Season
ESPORTSTMNT06_2531145,2022_LoL_esports_match_data_from_OraclesElixir.csv,LCK,Summer,0,,2022,Regular Season
ESPORTSTMNT06_2531146,2022_LoL_esports_match_data_from_OraclesElixir.csv,LCK,Summer,0,,2022,Regular Season
ESPORTSTMNT06_2531151,2022_LoL_esports_match_data_from_OraclesElixir.csv,LCK,Summer,0,,2022,Regular Season
ESPORTSTMNT06_2531168,2022_LoL_esports_match_data_from_OraclesElixir.csv,LCK,Summer,0,,2022,Regular Season
ESPORTSTMNT06_2531311,2022_LoL_esports_match_data_from_OraclesElixir.csv,LCK,Summer,0,,2022,Regular Season
ESPORTSTMNT06_2531319,2022_LoL_esports_match_data_from_OraclesElixir.csv,LCK,Summer,0,,2022,Regular Season
ESPORTSTMNT06_2531322,2022_LoL_esports_match_data_from_OraclesElixir.csv,LCK,Summer,0,,2022,Regular Season
ESPORTSTMNT06_2531323,2022_LoL_esports_match_data_from_OraclesElixir.csv,LCK,Summer,0,,2022,Regular Season
ESPORTSTMNT06_2531329,2022_LoL_esports_match_data_from_OraclesElixir.csv,LCK,Summer,0,,2022,Regular Season
ESPORTSTMNT06_2531436,2022_LoL_esports_match_data_from_OraclesElixir.csv,LCK,Summer,0,,2022,Regular Season
ESPORTSTMNT06_2531445,2022_LoL_esports_match_data_from_OraclesElixir.csv,LCK,Summer,0,,2022,Regular Season
ESPORTSTMNT06_2531452,2022_LoL_esports_match_data_from_OraclesElixir.csv,LCK,Summer,0,,2022,Regular Season
ESPORTSTMNT06_2531456,2022_LoL_esports_match_data_from_OraclesElixir.csv,LCK,Summer,0,,2022,Regular Season
ESPORTSTMNT06_2531479,2022_LoL_esports_match_data_from_OraclesElixir.csv,LCK,Summer,0,,2022,Regular Season
ESPORTSTMNT06_2541572,2022_LoL_esports_match_data_from_OraclesElixir.csv,LCK,Summer,0,,2022,Regular Season
ESPORTSTMNT06_2541596,2022_LoL_esports_match_data_from_OraclesElixir.csv,LCK,Summer,0,,2022,Regular Season
ESPORTSTMNT06_2541603,2022_LoL_esports_match_data_from_OraclesElixir.csv,LCK,Summer,0,,2022,Regular Season
ESPORTSTMNT06_2541624,2022_LoL_esports_match_data_from_OraclesElixir.csv,LCK,Summer,0,,2022,Regular Season
ESPORTSTMNT06_2541642,2022_LoL_esports_match_data_from_OraclesElixir.csv,LCK,Summer,0,,2022,Regular Season
ESPORTSTMNT06_2541942,2022_LoL_esports_match_data_from_OraclesElixir.csv,LCK,Summer,0,,2022,Regular Season
ESPORTSTMNT06_2541947,2022_LoL_esports_match_data_from_OraclesElixir.csv,LCK,Summer,0,,2022,Regular Season
ESPORTSTMNT06_2541948,2022_LoL_esports_match_data_from_OraclesElixir.csv,LCK,Summer,0,,2022,Regular Season
ESPORTSTMNT06_2541974,2022_LoL_esports_match_data_from_OraclesElixir.csv,LCK,Summer,0,,2022,Regular Season
ESPORTSTMNT06_2532051,2022_LoL_esports_match_data_from_OraclesElixir.csv,LCK,Summer,0,,2022,Regular Season
ESPORTSTMNT06_2532062,2022_LoL_esports_match_data_from_OraclesElixir.csv,LCK,Summer,0,,2022,Regular Season
ESPORTSTMNT06_2532064,2022_LoL_esports_match_data_from_OraclesElixir.csv,LCK,Summer,0,,2022,Regular Season
ESPORTSTMNT06_2532067,2022_LoL_esports_match_data_from_OraclesElixir.csv,LCK,Summer,0,,2022,Regular Season
ESPORTSTMNT06_2532090,2022_LoL_esports_match_data_from_OraclesElixir.csv,LCK,Summer,0,,2022,Regular Season
ESPORTSTMNT06_2542141,2022_LoL_esports_match_data_from_OraclesElixir.csv,LCK,Summer,0,,2022,Regular Season
ESPORTSTMNT06_2542154,2022_LoL_esports_match_data_from_OraclesElixir.csv,LCK,Summer,0,,2022,Regular Season
ESPORTSTMNT06_2532177,2022_LoL_esports_match_data_from_OraclesElixir.csv,LCK,Summer,0,,2022,Regular Season
ESPORTSTMNT06_2532178,2022_LoL_esports_match_data_from_OraclesElixir.csv,LCK,Summer,0,,2022,Regular Season
ESPORTSTMNT06_2532199,2022_LoL_esports_match_data_from_OraclesElixir.csv,LCK,Summer,0,,2022,Regular Season
ESPORTSTMNT06_2532200,2022_LoL_esports_match_data_from_OraclesElixir.csv,LCK,Summer,0,,2022,Regular Season
ESPORTSTMNT06_2532203,2022_LoL_esports_match_data_from_OraclesElixir.csv,LCK,Summer,0,,2022,Regular Season
ESPORTSTMNT06_2532217,2022_LoL_esports_match_data_from_OraclesElixir.csv,LCK,Summer,0,,2022,Regular Season
ESPORTSTMNT06_2532218,2022_LoL_esports_match_data_from_OraclesElixir.csv,LCK,Summer,0,,2022,Regular Season
ESPORTSTMNT06_2532219,2022_LoL_esports_match_data_from_OraclesElixir.csv,LCK,Summer,0,,2022,Regular Season
ESPORTSTMNT06_2532228,2022_LoL_esports_match_data_from_OraclesElixir.csv,LCK,Summer,0,,2022,Regular Season
ESPORTSTMNT06_2532229,2022_LoL_esports_match_data_from_OraclesElixir.csv,LCK,Summer,0,,2022,Regular Season
ESPORTSTMNT06_2542204,2022_LoL_esports_match_data_from_OraclesElixir.csv,LCK,Summer,0,,2022,Regular Season
ESPORTSTMNT06_2542219,2022_LoL_esports_match_data_from_OraclesElixir.csv,LCK,Summer,0,,2022,Regular Season
ESPORTSTMNT06_2542222,2022_LoL_esports_match_data_from_OraclesElixir.csv,LCK,Summer,0,,2022,Regular Season
ESPORTSTMNT06_2542223,2022_LoL_esports_match_data_from_OraclesElixir.csv,LCK,Summer,0,,2022,Regular Season
ESPORTSTMNT06_2542228,2022_LoL_esports_match_data_from_OraclesElixir.csv,LCK,Summer,0,,2022,Regular Season
ESPORTSTMNT04_2450683,2022_LoL_esports_match_data_from_OraclesElixir.csv,LCK,Summer,0,,2022,Regular Season
ESPORTSTMNT04_2450697,2022_LoL_esports_match_data_from_OraclesElixir.csv,LCK,Summer,0,,2022,Regular Season
ESPORTSTMNT04_2450715,2022_LoL_esports_match_data_from_OraclesElixir.csv,LCK,Summer,0,,2022,Regular Season
ESPORTSTMNT04_2450722,2022_LoL_esports_match_data_from_OraclesElixir.csv,LCK,Summer,0,,2022,Regular Season
ESPORTSTMNT04_2450819,2022_LoL_esports_match_data_from_OraclesElixir.csv,LCK,Summer,0,,2022,Regular Season
ESPORTSTMNT04_2450840,2022_LoL_esports_match_data_from_OraclesElixir.csv,LCK,Summer,0,,2022,Regular Season
ESPORTSTMNT04_2470875,2022_LoL_esports_match_data_from_OraclesElixir.csv,LCK,Summer,0,,2022,Regular Season
ESPORTSTMNT04_2470904,2022_LoL_esports_match_data_from_OraclesElixir.csv,LCK,Summer,0,,2022,Regular Season
ESPORTSTMNT04_2450972,2022_LoL_esports_match_data_from_OraclesElixir.csv,LCK,Summer,0,,2022,Regular Season
ESPORTSTMNT04_2450984,2022_LoL_esports_match_data_from_OraclesElixir.csv,LCK,Summer,0,,2022,Regular Season
ESPORTSTMNT04_2450986,2022_LoL_esports_match_data_from_OraclesElixir.csv,LCK,Summer,0,,2022,Regular Season
ESPORTSTMNT04_2450994,2022_LoL_esports_match_data_from_OraclesElixir.csv,LCK,Summer,0,,2022,Regular Season
ESPORTSTMNT04_2451137,2022_LoL_esports_match_data_from_OraclesElixir.csv,LCK,Summer,0,,2022,Regular Season
ESPORTSTMNT04_2451155,2022_LoL_esports_match_data_from_OraclesElixir.csv,LCK,Summer,0,,2022,Regular Season
ESPORTSTMNT04_2451156,2022_LoL_esports_match_data_from_OraclesElixir.csv,LCK,Summer,0,,2022,Regular Season
ESPORTSTMNT04_2451162,2022_LoL_esports_match_data_from_OraclesElixir.csv,LCK,Summer,0,,2022,Regular Season
ESPORTSTMNT04_2451186,2022_LoL_esports_match_data_from_OraclesElixir.csv,LCK,Summer,0,,2022,Regular Season
ESPORTSTMNT04_2471371,2022_LoL_esports_match_data_from_OraclesElixir.csv,LCK,Summer,0,,2022,Regular Season
ESPORTSTMNT04_2471384,2022_LoL_esports_match_data_from_OraclesElixir.csv,LCK,Summer,0,,2022,Regular Season
ESPORTSTMNT04_2471386,2022_LoL_esports_match_data_from_OraclesElixir.csv,LCK,Summer,0,,2022,Regular Season
ESPORTSTMNT04_2471388,2022_LoL_esports_match_data_from_OraclesElixir.csv,LCK,Summer,0,,2022,Regular Season
ESPORTSTMNT04_2471406,2022_LoL_esports_match_data_from_OraclesElixir.csv,LCK,Summer,0,,2022,Regular Season
ESPORTSTMNT04_2451564,2022_LoL_esports_match_data_from_OraclesElixir.csv,LCK,Summer,1,,2022,Playoff
ESPORTSTMNT04_2451579,2022_LoL_esports_match_data_from_OraclesElixir.csv,LCK,Summer,1,,2022,Playoff
ESPORTSTMNT04_2451580,2022_LoL_esports_match_data_from_OraclesElixir.csv,LCK,Summer,1,,2022,Playoff
ESPORTSTMNT04_2451582,2022_LoL_esports_match_data_from_OraclesElixir.csv,LCK,Summer,1,,2022,Playoff
ESPORTSTMNT04_2471698,2022_LoL_esports_match_data_from_OraclesElixir.csv,LCK,Summer,1,,2022,Playoff
ESPORTSTMNT04_2451647,2022_LoL_esports_match_data_from_OraclesElixir.csv,LCK,Summer,1,,2022,Playoff
ESPORTSTMNT04_2451654,2022_LoL_esports_match_data_from_OraclesElixir.csv,LCK,Summer,1,,2022,Playoff
ESPORTSTMNT04_2451657,2022_LoL_esports_match_data_from_OraclesElixir.csv,LCK,Summer,1,,2022,Playoff
ESPORTSTMNT04_2451662,2022_LoL_esports_match_data_from_OraclesElixir.csv,LCK,Summer,1,,2022,Playoff
ESPORTSTMNT04_2471790,2022_LoL_esports_match_data_from_OraclesElixir.csv,LCK,Summer,1,,2022,Playoff
ESPORTSTMNT04_2471796,2022_LoL_esports_match_data_from_OraclesElixir.csv,LCK,Summer,1,,2022,Playoff
ESPORTSTMNT04_2471797,2022_LoL_esports_match_data_from_OraclesElixir.csv,LCK,Summer,1,,2022,Playoff
ESPORTSTMNT04_2471799,2022_LoL_esports_match_data_from_OraclesElixir.csv,LCK,Summer,1,,2022,Playoff
ESPORTSTMNT04_2451769,2022_LoL_esports_match_data_from_OraclesElixir.csv,LCK,Summer,1,,2022,Playoff
ESPORTSTMNT04_2451770,2022_LoL_esports_match_data_from_OraclesElixir.csv,LCK,Summer,1,,2022,Playoff
ESPORTSTMNT04_2451771,2022_LoL_esports_match_data_from_OraclesElixir.csv,LCK,Summer,1,,2022,Playoff
ESPORTSTMNT04_2451774,2022_LoL_esports_match_data_from_OraclesElixir.csv,LCK,Summer,1,,2022,Playoff
ESPORTSTMNT04_2451777,2022_LoL_esports_match_data_from_OraclesElixir.csv,LCK,Summer,1,,2022,Playoff
ESPORTSTMNT04_2451974,2022_LoL_esports_match_data_from_OraclesElixir.csv,LCK,Summer,1,,2022,Playoff
ESPORTSTMNT04_2472110,2022_LoL_esports_match_data_from_OraclesElixir.csv,LCK,Summer,1,,2022,Playoff
ESPORTSTMNT04_2472111,2022_LoL_esports_match_data_from_OraclesElixir.csv,LCK,Summer,1,,2022,Playoff
ESPORTSTMNT04_2659018,2023_LoL_esports_match_data_from_OraclesElixir.csv,LCK,Spring,0,,2023,Regular Season
ESPORTSTMNT04_2661035,2023_LoL_esports_match_data_from_OraclesElixir.csv,LCK,Spring,0,,2023,Regular Season
ESPORTSTMNT04_2660040,2023_LoL_esports_match_data_from_OraclesElixir.csv,LCK,Spring,0,,2023,Regular Season
ESPORTSTMNT04_2661049,2023_LoL_esports_match_data_from_OraclesElixir.csv,LCK,Spring,0,,2023,Regular Season
ESPORTSTMNT04_2665017,2023_LoL_esports_match_data_from_OraclesElixir.csv,LCK,Spring,0,,2023,Regular Season
ESPORTSTMNT04_2664031,2023_LoL_esports_match_data_from_OraclesElixir.csv,LCK,Spring,0,,2023,Regular Season
ESPORTSTMNT04_2663029,2023_LoL_esports_match_data_from_OraclesElixir.csv,LCK,Spring,0,,2023,Regular Season
ESPORTSTMNT04_2665040,2023_LoL_esports_match_data_from_OraclesElixir.csv,LCK,Spring,0,,2023,Regular Season
ESPORTSTMNT04_2665115,2023_LoL_esports_match_data_from_OraclesElixir.csv,LCK,Spring,0,,2023,Regular Season
ESPORTSTMNT04_2664115,2023_LoL_esports_match_data_from_OraclesElixir.csv,LCK,Spring,0,,2023,Regular Season
ESPORTSTMNT04_2663131,2023_LoL_esports_match_data_from_OraclesElixir.csv,LCK,Spring,0,,2023,Regular Season
ESPORTSTMNT04_2664117,2023_LoL_esports_match_data_from_OraclesElixir.csv,LCK,Spring,0,,2023,Regular Season
ESPORTSTMNT04_2665143,2023_LoL_esports_match_data_from_OraclesElixir.csv,LCK,Spring,0,,2023,Regular Season
ESPORTSTMNT04_2664153,2023_LoL_esports_match_data_from_OraclesElixir.csv,LCK,Spring,0,,2023,Regular Season
ESPORTSTMNT04_2663182,2023_LoL_esports_match_data_from_OraclesElixir.csv,LCK,Spring,0,,2023,Regular Season
ESPORTSTMNT04_2664171,2023_LoL_esports_match_data_from_OraclesElixir.csv,LCK,Spring,0,,2023,Regular Season
ESPORTSTMNT04_2663193,2023_LoL_esports_match_data_from_OraclesElixir.csv,LCK,Spring,0,,2023,Regular Season
ESPORTSTMNT04_2665186,2023_LoL_esports_match_data_from_OraclesElixir.csv,LCK,Spring,0,,2023,Regular Season
ESPORTSTMNT04_2664180,2023_LoL_esports_match_data_from_OraclesElixir.csv,LCK,Spring,0,,2023,Regular Season
ESPORTSTMNT04_2665208,2023_LoL_esports_match_data_from_OraclesElixir.csv,LCK,Spring,0,,2023,Regular Season
ESPORTSTMNT04_2664200,2023_LoL_esports_match_data_from_OraclesElixir.csv,LCK,Spring,0,,2023,Regular Season
ESPORTSTMNT04_2665209,2023_LoL_esports_match_data_from_OraclesElixir.csv,LCK,Spring,0,,2023,Regular Season
ESPORTSTMNT04_2663232,2023_LoL_esports_match_data_from_OraclesElixir.csv,LCK,Spring,0,,2023,Regular Season
ESPORTSTMNT04_2664219,2023_LoL_esports_match_data_from_OraclesElixir.csv,LCK,Spring,0,,2023,Regular Season
ESPORTSTMNT03_3089368,2023_LoL_esports_match_data_from_OraclesElixir.csv,LCK,Spring,0,,2023,Regular Season
ESPORTSTMNT03_3090319,2023_LoL_esports_match_data_from_OraclesElixir.csv,LCK,Spring,0,,2023,Regular Season
ESPORTSTMNT03_3090322,2023_LoL_esports_match_data_from_OraclesElixir.csv,LCK,Spring,0,,2023,Regular Season
ESPORTSTMNT03_3091336,2023_LoL_esports_match_data_from_OraclesElixir.csv,LCK,Spring,0,,2023,Regular Season
ESPORTSTMNT03_3090339,2023_LoL_esports_match_data_from_OraclesElixir.csv,LCK,Spring,0,,2023,Regular Season
ESPORTSTMNT03_3089607,2023_LoL_esports_match_data_from_OraclesElixir.csv,LCK,Spring,0,,2023,Regular Season
ESPORTSTMNT03_3090562,2023_LoL_esports_match_data_from_OraclesElixir.csv,LCK,Spring,0,,2023,Regular Season
ESPORTSTMNT03_3090563,2023_LoL_esports_match_data_from_OraclesElixir.csv,LCK,Spring,0,,2023,Regular Season
ESPORTSTMNT03_3090572,2023_LoL_esports_match_data_from_OraclesElixir.csv,LCK,Spring,0,,2023,Regular Season
ESPORTSTMNT03_3090837,2023_LoL_esports_match_data_from_OraclesElixir.csv,LCK,Spring,0,,2023,Regular Season
ESPORTSTMNT03_3089931,2023_LoL_esports_match_data_from_OraclesElixir.csv,LCK,Spring,0,,2023,Regular Season
ESPORTSTMNT03_3090868,2023_LoL_esports_match_data_from_OraclesElixir.csv,LCK,Spring,0,,2023,Regular Season
ESPORTSTMNT03_3091907,2023_LoL_esports_match_data_from_OraclesElixir.csv,LCK,Spring,0,,2023,Regular Season
ESPORTSTMNT03_3090903,2023_LoL_esports_match_data_from_OraclesElixir.csv,LCK,Spring,0,,2023,Regular Season
ESPORTSTMNT03_3093250,2023_LoL_esports_match_data_from_OraclesElixir.csv,LCK,Spring,0,,2023,Regular Season
ESPORTSTMNT03_3093271,2023_LoL_esports_match_data_from_OraclesElixir.csv,LCK,Spring,0,,2023,Regular Season
ESPORTSTMNT03_3094238,2023_LoL_esports_match_data_from_OraclesElixir.csv,LCK,Spring,0,,2023,Regular Season
ESPORTSTMNT03_3092329,2023_LoL_esports_match_data_from_OraclesElixir.csv,LCK,Spring,0,,2023,Regular Season
ESPORTSTMNT03_3092334,2023_LoL_esports_match_data_from_OraclesElixir.csv,LCK,Spring,0,,2023,Regular Season
ESPORTSTMNT03_3094264,2023_LoL_esports_match_data_from_OraclesElixir.csv,LCK,Spring,0,,2023,Regular Season
ESPORTSTMNT03_3093537,2023_LoL_esports_match_data_from_OraclesElixir.csv,LCK,Spring,0,,2023,Regular Season
ESPORTSTMNT03_3093557,2023_LoL_esports_match_data_from_OraclesElixir.csv,LCK,Spring,0,,2023,Regular Season
ESPORTSTMNT03_3094541,2023_LoL_esports_match_data_from_OraclesElixir.csv,LCK,Spring,0,,2023,Regular Season
ESPORTSTMNT03_3092604,2023_LoL_esports_match_data_from_OraclesElixir.csv,LCK,Spring,0,,2023,Regular Season
ESPORTSTMNT03_3093593,2023_LoL_esports_match_data_from_OraclesElixir.csv,LCK,Spring,0,,2023,Regular Season
ESPORTSTMNT03_3097664,2023_LoL_esports_match_data_from_OraclesElixir.csv,LCK,Spring,0,,2023,Regular Season
ESPORTSTMNT03_3096700,2023_LoL_esports_match_data_from_OraclesElixir.csv,LCK,Spring,0,,2023,Regular Season
ESPORTSTMNT03_3095781,2023_LoL_esports_match_data_from_OraclesElixir.csv,LCK,Spring,0,,2023,Regular Season
ESPORTSTMNT03_3096742,2023_LoL_esports_match_data_from_OraclesElixir.csv,LCK,Spring,0,,2023,Regular Season
ESPORTSTMNT03_3098196,2023_LoL_esports_match_data_from_OraclesElixir.csv,LCK,Spring,0,,2023,Regular Season
ESPORTSTMNT03_3099119,2023_LoL_esports_match_data_from_OraclesElixir.csv,LCK,Spring,0,,2023,Regular Season
ESPORTSTMNT03_3098225,2023_LoL_esports_match_data_from_OraclesElixir.csv,LCK,Spring,0,,2023,Regular Season
ESPORTSTMNT03_3098229,2023_LoL_esports_match_data_from_OraclesElixir.csv,LCK,Spring,0,,2023,Regular Season
ESPORTSTMNT03_3100173,2023_LoL_esports_match_data_from_OraclesElixir.csv,LCK,Spring,0,,2023,Regular Season
ESPORTSTMNT03_3098275,2023_LoL_esports_match_data_from_OraclesElixir.csv,LCK,Spring,0,,2023,Regular Season
ESPORTSTMNT03_3098573,2023_LoL_esports_match_data_from_OraclesElixir.csv,LCK,Spring,0,,2023,Regular Season
ESPORTSTMNT03_3099542,2023_LoL_esports_match_data_from_OraclesElixir.csv,LCK,Spring,0,,2023,Regular Season
ESPORTSTMNT03_3098646,2023_LoL_esports_match_data_from_OraclesElixir.csv,LCK,Spring,0,,2023,Regular Season
ESPORTSTMNT03_3100615,2023_LoL_esports_match_data_from_OraclesElixir.csv,LCK,Spring,0,,2023,Regular Season
ESPORTSTMNT03_3099594,2023_LoL_esports_match_data_from_OraclesElixir.csv,LCK,Spring,0,,2023,Regular Season
ESPORTSTMNT03_3100826,2023_LoL_esports_match_data_from_OraclesElixir.csv,LCK,Spring,0,,2023,Regular Season
ESPORTSTMNT03_3100863,2023_LoL_esports_match_data_from_OraclesElixir.csv,LCK,Spring,0,,2023,Regular Season
ESPORTSTMNT03_3098932,2023_LoL_esports_match_data_from_OraclesElixir.csv,LCK,Spring,0,,2023,Regular Season
ESPORTSTMNT03_3098936,2023_LoL_esports_match_data_from_OraclesElixir.csv,LCK,Spring,0,,2023,Regular Season
ESPORTSTMNT03_3098971,2023_LoL_esports_match_data_from_OraclesElixir.csv,LCK,Spring,0,,2023,Regular Season
ESPORTSTMNT03_3098980,2023_LoL_esports_match_data_from_OraclesElixir.csv,LCK,Spring,0,,2023,Regular Season
ESPORTSTMNT03_3099980,2023_LoL_esports_match_data_from_OraclesElixir.csv,LCK,Spring,0,,2023,Regular Season
ESPORTSTMNT03_3099998,2023_LoL_esports_match_data_from_OraclesElixir.csv,LCK,Spring,0,,2023,Regular Season
ESPORTSTMNT03_3103007,2023_LoL_esports_match_data_from_OraclesElixir.csv,LCK,Spring,0,,2023,Regular Season
ESPORTSTMNT03_3103038,2023_LoL_esports_match_data_from_OraclesElixir.csv,LCK,Spring,0,,2023,Regular Season
ESPORTSTMNT03_3102090,2023_LoL_esports_match_data_from_OraclesElixir.csv,LCK,Spring,0,,2023,Regular Season
ESPORTSTMNT01_3304845,2023_LoL_esports_match_data_from_OraclesElixir.csv,LCK,Spring,0,,2023,Regular Season
ESPORTSTMNT01_3303961,2023_LoL_esports_match_data_from_OraclesElixir.csv,LCK,Spring,0,,2023,Regular Season
ESPORTSTMNT01_3305848,2023_LoL_esports_match_data_from_OraclesElixir.csv,LCK,Spring,0,,2023,Regular Season
ESPORTSTMNT01_3304899,2023_LoL_esports_match_data_from_OraclesElixir.csv,LCK,Spring,0,,2023,Regular Season
ESPORTSTMNT01_3304926,2023_LoL_esports_match_data_from_OraclesElixir.csv,LCK,Spring,0,,2023,Regular Season
ESPORTSTMNT01_3306459,2023_LoL_esports_match_data_from_OraclesElixir.csv,LCK,Spring,0,,2023,Regular Season
ESPORTSTMNT01_3308368,2023_LoL_esports_match_data_from_OraclesElixir.csv,LCK,Spring,0,,2023,Regular Season
ESPORTSTMNT01_3308372,2023_LoL_esports_match_data_from_OraclesElixir.csv,LCK,Spring,0,,2023,Regular Season
ESPORTSTMNT01_3308381,2023_LoL_esports_match_data_from_OraclesElixir.csv,LCK,Spring,0,,2023,Regular Season
ESPORTSTMNT01_3306514,2023_LoL_esports_match_data_from_OraclesElixir.csv,LCK,Spring,0,,2023,Regular Season
ESPORTSTMNT01_3309028,2023_LoL_esports_match_data_from_OraclesElixir.csv,LCK,Spring,0,,2023,Regular Season
ESPORTSTMNT01_3309043,2023_LoL_esports_match_data_from_OraclesElixir.csv,LCK,Spring,0,,2023,Regular Season
ESPORTSTMNT01_3308953,2023_LoL_esports_match_data_from_OraclesElixir.csv,LCK,Spring,0,,2023,Regular Season
ESPORTSTMNT01_3309058,2023_LoL_esports_match_data_from_OraclesElixir.csv,LCK,Spring,0,,2023,Regular Season
ESPORTSTMNT01_3309094,2023_LoL_esports_match_data_from_OraclesElixir.csv,LCK,Spring,0,,2023,Regular Season
ESPORTSTMNT01_3311011,2023_LoL_esports_match_data_from_OraclesElixir.csv,LCK,Spring,0,,2023,Regular Season
ESPORTSTMNT01_3310502,2023_LoL_esports_match_data_from_OraclesElixir.csv,LCK,Spring,0,,2023,Regular Season
ESPORTSTMNT01_3311520,2023_LoL_esports_match_data_from_OraclesElixir.csv,LCK,Spring,0,,2023,Regular Season
ESPORTSTMNT01_3310542,2023_LoL_esports_match_data_from_OraclesElixir.csv,LCK,Spring,0,,2023,Regular Season
ESPORTSTMNT01_3310561,2023_LoL_esports_match_data_from_OraclesElixir.csv,LCK,Spring,0,,2023,Regular Season
ESPORTSTMNT01_3309624,2023_LoL_esports_match_data_from_OraclesElixir.csv,LCK,Spring,0,,2023,Regular Season
ESPORTSTMNT01_3309955,2023_LoL_esports_match_data_from_OraclesElixir.csv,LCK,Spring,0,,2023,Regular Season
ESPORTSTMNT01_3311892,2023_LoL_esports_match_data_from_OraclesElixir.csv,LCK,Spring,0,,2023,Regular Season
ESPORTSTMNT01_3310923,2023_LoL_esports_match_data_from_OraclesElixir.csv,LCK,Spring,0,,2023,Regular Season
ESPORTSTMNT01_3309997,2023_LoL_esports_match_data_from_OraclesElixir.csv,LCK,Spring,0,,2023,Regular Season
ESPORTSTMNT02_3148631,2023_LoL_esports_match_data_from_OraclesElixir.csv,LCK,Spring,0,,2023,Regular Season
ESPORTSTMNT02_3150633,2023_LoL_esports_match_data_from_OraclesElixir.csv,LCK,Spring,0,,2023,Regular Season
ESPORTSTMNT02_3150637,2023_LoL_esports_match_data_from_OraclesElixir.csv,LCK,Spring,0,,2023,Regular Season
ESPORTSTMNT02_3148704,2023_LoL_esports_match_data_from_OraclesElixir.csv,LCK,Spring,0,,2023,Regular Season
ESPORTSTMNT02_3149952,2023_LoL_esports_match_data_from_OraclesElixir.csv,LCK,Spring,0,,2023,Regular Season
ESPORTSTMNT02_3150955,2023_LoL_esports_match_data_from_OraclesElixir.csv,LCK,Spring,0,,2023,Regular Season
ESPORTSTMNT02_3150959,2023_LoL_esports_match_data_from_OraclesElixir.csv,LCK,Spring,0,,2023,Regular Season
ESPORTSTMNT02_3151024,2023_LoL_esports_match_data_from_OraclesElixir.csv,LCK,Spring,0,,2023,Regular Season
ESPORTSTMNT02_3148999,2023_LoL_esports_match_data_from_OraclesElixir.csv,LCK,Spring,0,,2023,Regular Season
ESPORTSTMNT02_3151319,2023_LoL_esports_match_data_from_OraclesElixir.csv,LCK,Spring,0,,2023,Regular Season
ESPORTSTMNT02_3151356,2023_LoL_esports_match_data_from_OraclesElixir.csv,LCK,Spring,0,,2023,Regular Season
ESPORTSTMNT02_3152336,2023_LoL_esports_match_data_from_OraclesElixir.csv,LCK,Spring,0,,2023,Regular Season
ESPORTSTMNT02_3151375,2023_LoL_esports_match_data_from_OraclesElixir.csv,LCK,Spring,0,,2023,Regular Season
ESPORTSTMNT02_3151399,2023_LoL_esports_match_data_from_OraclesElixir.csv,LCK,Spring,0,,2023,Regular Season
ESPORTSTMNT02_3151678,2023_LoL_esports_match_data_from_OraclesElixir.csv,LCK,Spring,0,,2023,Regular Season
ESPORTSTMNT02_3153683,2023_LoL_esports_match_data_from_OraclesElixir.csv,LCK,Spring,0,,2023,Regular Season
ESPORTSTMNT02_3152651,2023_LoL_esports_match_data_from_OraclesElixir.csv,LCK,Spring,0,,2023,Regular Season
ESPORTSTMNT02_3151708,2023_LoL_esports_match_data_from_OraclesElixir.csv,LCK,Spring,0,,2023,Regular Season
ESPORTSTMNT02_3151734,2023_LoL_esports_match_data_from_OraclesElixir.csv,LCK,Spring,0,,2023,Regular Season
ESPORTSTMNT02_3154050,2023_LoL_esports_match_data_from_OraclesElixir.csv,LCK,Spring,0,,2023,Regular Season
ESPORTSTMNT02_3156036,2023_LoL_esports_match_data_from_OraclesElixir.csv,LCK,Spring,0,,2023,Regular Season
ESPORTSTMNT02_3155063,2023_LoL_esports_match_data_from_OraclesElixir.csv,LCK,Spring,0,,2023,Regular Season
ESPORTSTMNT02_3154086,2023_LoL_esports_match_data_from_OraclesElixir.csv,LCK,Spring,0,,2023,Regular Season
ESPORTSTMNT02_3156083,2023_LoL_esports_match_data_from_OraclesElixir.csv,LCK,Spring,0,,2023,Regular Season
ESPORTSTMNT02_3158638,2023_LoL_esports_match_data_from_OraclesElixir.csv,LCK,Spring,0,,2023,Regular Season
ESPORTSTMNT02_3157736,2023_LoL_esports_match_data_from_OraclesElixir.csv,LCK,Spring,0,,2023,Regular Season
ESPORTSTMNT02_3159649,2023_LoL_esports_match_data_from_OraclesElixir.csv,LCK,Spring,0,,2023,Regular Season
ESPORTSTMNT02_3158788,2023_LoL_esports_match_data_from_OraclesElixir.csv,LCK,Spring,0,,2023,Regular Season
ESPORTSTMNT02_3161272,2023_LoL_esports_match_data_from_OraclesElixir.csv,LCK,Spring,0,,2023,Regular Season
ESPORTSTMNT02_3161348,2023_LoL_esports_match_data_from_OraclesElixir.csv,LCK,Spring,0,,2023,Regular Season
ESPORTSTMNT02_3160419,2023_LoL_esports_match_data_from_OraclesElixir.csv,LCK,Spring,0,,2023,Regular Season
ESPORTSTMNT02_3161391,2023_LoL_esports_match_data_from_OraclesElixir.csv,LCK,Spring,0,,2023,Regular Season
ESPORTSTMNT02_3162355,2023_LoL_esports_match_data_from_OraclesElixir.csv,LCK,Spring,0,,2023,Regular Season
ESPORTSTMNT02_3160953,2023_LoL_esports_match_data_from_OraclesElixir.csv,LCK,Spring,0,,2023,Regular Season
ESPORTSTMNT02_3160975,2023_LoL_esports_match_data_from_OraclesElixir.csv,LCK,Spring,0,,2023,Regular Season
ESPORTSTMNT02_3160991,2023_LoL_esports_match_data_from_OraclesElixir.csv,LCK,Spring,0,,2023,Regular Season
ESPORTSTMNT02_3163043,2023_LoL_esports_match_data_from_OraclesElixir.csv,LCK,Spring,0,,2023,Regular Season
ESPORTSTMNT02_3163421,2023_LoL_esports_match_data_from_OraclesElixir.csv,LCK,Spring,0,,2023,Regular Season
ESPORTSTMNT02_3164423,2023_LoL_esports_match_data_from_OraclesElixir.csv,LCK,Spring,0,,2023,Regular Season
ESPORTSTMNT02_3163473,2023_LoL_esports_match_data_from_OraclesElixir.csv,LCK,Spring,0,,2023,Regular Season
ESPORTSTMNT02_3164479,2023_LoL_esports_match_data_from_OraclesElixir.csv,LCK,Spring,0,,2023,Regular Season
ESPORTSTMNT02_3163529,2023_LoL_esports_match_data_from_OraclesElixir.csv,LCK,Spring,0,,2023,Regular Season
ESPORTSTMNT02_3165696,2023_LoL_esports_match_data_from_OraclesElixir.csv,LCK,Spring,0,,2023,Regular Season
ESPORTSTMNT02_3164832,2023_LoL_esports_match_data_from_OraclesElixir.csv,LCK,Spring,0,,2023,Regular Season
ESPORTSTMNT02_3163849,2023_LoL_esports_match_data_from_OraclesElixir.csv,LCK,Spring,0,,2023,Regular Season
ESPORTSTMNT02_3163865,2023_LoL_esports_match_data_from_OraclesElixir.csv,LCK,Spring,0,,2023,Regular Season
ESPORTSTMNT02_3164896,2023_LoL_esports_match_data_from_OraclesElixir.csv,LCK,Spring,0,,2023,Regular Season
ESPORTSTMNT03_3111569,2023_LoL_esports_match_data_from_OraclesElixir.csv,LCK,Spring,0,,2023,Regular Season
ESPORTSTMNT03_3113604,2023_LoL_esports_match_data_from_OraclesElixir.csv,LCK,Spring,0,,2023,Regular Season
ESPORTSTMNT03_3111606,2023_LoL_esports_match_data_from_OraclesElixir.csv,LCK,Spring,0,,2023,Regular Season
ESPORTSTMNT03_3111641,2023_LoL_esports_match_data_from_OraclesElixir.csv,LCK,Spring,0,,2023,Regular Season
ESPORTSTMNT03_3112838,2023_LoL_esports_match_data_from_OraclesElixir.csv,LCK,Spring,0,,2023,Regular Season
ESPORTSTMNT03_3111908,2023_LoL_esports_match_data_from_OraclesElixir.csv,LCK,Spring,0,,2023,Regular Season
ESPORTSTMNT03_3113903,2023_LoL_esports_match_data_from_OraclesElixir.csv,LCK,Spring,0,,2023,Regular Season
ESPORTSTMNT03_3113908,2023_LoL_esports_match_data_from_OraclesElixir.csv,LCK,Spring,0,,2023,Regular Season
ESPORTSTMNT03_3112906,2023_LoL_esports_match_data_from_OraclesElixir.csv,LCK,Spring,0,,2023,Regular Season
ESPORTSTMNT03_3115239,2023_LoL_esports_match_data_from_OraclesElixir.csv,LCK,Spring,0,,2023,Regular Season
ESPORTSTMNT03_3116248,2023_LoL_esports_match_data_from_OraclesElixir.csv,LCK,Spring,0,,2023,Regular Season
ESPORTSTMNT03_3116266,2023_LoL_esports_match_data_from_OraclesElixir.csv,LCK,Spring,0,,2023,Regular Season
ESPORTSTMNT03_3116279,2023_LoL_esports_match_data_from_OraclesElixir.csv,LCK,Spring,0,,2023,Regular Season
ESPORTSTMNT03_3115330,2023_LoL_esports_match_data_from_OraclesElixir.csv,LCK,Spring,0,,2023,Regular Season
ESPORTSTMNT03_3115657,2023_LoL_esports_match_data_from_OraclesElixir.csv,LCK,Spring,0,,2023,Regular Season
ESPORTSTMNT03_3116666,2023_LoL_esports_match_data_from_OraclesElixir.csv,LCK,Spring,0,,2023,Regular Season
ESPORTSTMNT03_3116676,2023_LoL_esports_match_data_from_OraclesElixir.csv,LCK,Spring,0,,2023,Regular Season
ESPORTSTMNT03_3114711,2023_LoL_esports_match_data_from_OraclesElixir.csv,LCK,Spring,0,,2023,Regular Season
ESPORTSTMNT03_3116711,2023_LoL_esports_match_data_from_OraclesElixir.csv,LCK,Spring,0,,2023,Regular Season
ESPORTSTMNT03_3117109,2023_LoL_esports_match_data_from_OraclesElixir.csv,LCK,Spring,0,,2023,Regular Season
ESPORTSTMNT03_3119106,2023_LoL_esports_match_data_from_OraclesElixir.csv,LCK,Spring,0,,2023,Regular Season
ESPORTSTMNT03_3117150,2023_LoL_esports_match_data_from_OraclesElixir.csv,LCK,Spring,0,,2023,Regular Season
ESPORTSTMNT03_3117167,2023_LoL_esports_match_data_from_OraclesElixir.csv,LCK,Spring,0,,2023,Regular Season
ESPORTSTMNT03_3121502,2023_LoL_esports_match_data_from_OraclesElixir.csv,LCK,Spring,0,,2023,Regular Season
ESPORTSTMNT03_3122530,2023_LoL_esports_match_data_from_OraclesElixir.csv,LCK,Spring,0,,2023,Regular Season
ESPORTSTMNT03_3122536,2023_LoL_esports_match_data_from_OraclesElixir.csv,LCK,Spring,0,,2023,Regular Season
ESPORTSTMNT03_3120564,2023_LoL_esports_match_data_from_OraclesElixir.csv,LCK,Spring,0,,2023,Regular Season
ESPORTSTMNT03_3122584,2023_LoL_esports_match_data_from_OraclesElixir.csv,LCK,Spring,0,,2023,Regular Season
ESPORTSTMNT03_3120628,2023_LoL_esports_match_data_from_OraclesElixir.csv,LCK,Spring,0,,2023,Regular Season
ESPORTSTMNT03_3123048,2023_LoL_esports_match_data_from_OraclesElixir.csv,LCK,Spring,0,,2023,Regular Season
ESPORTSTMNT03_3123081,2023_LoL_esports_match_data_from_OraclesElixir.csv,LCK,Spring,0,,2023,Regular Season
ESPORTSTMNT03_3124078,2023_LoL_esports_match_data_from_OraclesElixir.csv,LCK,Spring,0,,2023,Regular Season
ESPORTSTMNT03_3125134,2023_LoL_esports_match_data_from_OraclesElixir.csv,LCK,Spring,0,,2023,Regular Season
ESPORTSTMNT03_3124535,2023_LoL_esports_match_data_from_OraclesElixir.csv,LCK,Spring,0,,2023,Regular Season
ESPORTSTMNT03_3125587,2023_LoL_esports_match_data_from_OraclesElixir.csv,LCK,Spring,0,,2023,Regular Season
ESPORTSTMNT03_3125600,2023_LoL_esports_match_data_from_OraclesElixir.csv,LCK,Spring,0,,2023,Regular Season
ESPORTSTMNT03_3123651,2023_LoL_esports_match_data_from_OraclesElixir.csv,LCK,Spring,0,,2023,Regular Season
ESPORTSTMNT03_3127022,2023_LoL_esports_match_data_from_OraclesElixir.csv,LCK,Spring,0,,2023,Regular Season
ESPORTSTMNT03_3126034,2023_LoL_esports_match_data_from_OraclesElixir.csv,LCK,Spring,0,,2023,Regular Season
ESPORTSTMNT03_3128016,2023_LoL_esports_match_data_from_OraclesElixir.csv,LCK,Spring,0,,2023,Regular Season
ESPORTSTMNT03_3128023,2023_LoL_esports_match_data_from_OraclesElixir.csv,LCK,Spring,0,,2023,Regular Season
ESPORTSTMNT03_3126091,2023_LoL_esports_match_data_from_OraclesElixir.csv,LCK,Spring,0,,2023,Regular Season
ESPORTSTMNT03_3128073,2023_LoL_esports_match_data_from_OraclesElixir.csv,LCK,Spring,0,,2023,Regular Season
ESPORTSTMNT03_3127306,2023_LoL_esports_match_data_from_OraclesElixir.csv,LCK,Spring,0,,2023,Regular Season
ESPORTSTMNT03_3128324,2023_LoL_esports_match_data_from_OraclesElixir.csv,LCK,Spring,0,,2023,Regular Season
ESPORTSTMNT03_3127325,2023_LoL_esports_match_data_from_OraclesElixir.csv,LCK,Spring,0,,2023,Regular Season
ESPORTSTMNT03_3128333,2023_LoL_esports_match_data_from_OraclesElixir.csv,LCK,Spring,0,,2023,Regular Season
ESPORTSTMNT03_3127378,2023_LoL_esports_match_data_from_OraclesElixir.csv,LCK,Spring,0,,2023,Regular Season
ESPORTSTMNT03_3127386,2023_LoL_esports_match_data_from_OraclesElixir.csv,LCK,Spring,0,,2023,Regular Season
ESPORTSTMNT01_3325029,2023_LoL_esports_match_data_from_OraclesElixir.csv,LCK,Spring,0,,2023,Regular Season
ESPORTSTMNT01_3326046,2023_LoL_esports_match_data_from_OraclesElixir.csv,LCK,Spring,0,,2023,Regular Season
ESPORTSTMNT01_3325049,2023_LoL_esports_match_data_from_OraclesElixir.csv,LCK,Spring,0,,2023,Regular Season
ESPORTSTMNT01_3325060,2023_LoL_esports_match_data_from_OraclesElixir.csv,LCK,Spring,0,,2023,Regular Season
ESPORTSTMNT01_3326099,2023_LoL_esports_match_data_from_OraclesElixir.csv,LCK,Spring,0,,2023,Regular Season
ESPORTSTMNT01_3324334,2023_LoL_esports_match_data_from_OraclesElixir.csv,LCK,Spring,0,,2023,Regular Season
ESPORTSTMNT01_3325316,2023_LoL_esports_match_data_from_OraclesElixir.csv,LCK,Spring,0,,2023,Regular Season
ESPORTSTMNT01_3324352,2023_LoL_esports_match_data_from_OraclesElixir.csv,LCK,Spring,0,,2023,Regular Season
ESPORTSTMNT01_3325340,2023_LoL_esports_match_data_from_OraclesElixir.csv,LCK,Spring,0,,2023,Regular Season
ESPORTSTMNT01_3324628,2023_LoL_esports_match_data_from_OraclesElixir.csv,LCK,Spring,0,,2023,Regular Season
ESPORTSTMNT01_3324646,2023_LoL_esports_match_data_from_OraclesElixir.csv,LCK,Spring,0,,2023,Regular Season
ESPORTSTMNT01_3324649,2023_LoL_esports_match_data_from_OraclesElixir.csv,LCK,Spring,0,,2023,Regular Season
ESPORTSTMNT01_3325624,2023_LoL_esports_match_data_from_OraclesElixir.csv,LCK,Spring,0,,2023,Regular Season
ESPORTSTMNT01_3325832,2023_LoL_esports_match_data_from_OraclesElixir.csv,LCK,Spring,0,,2023,Regular Season
ESPORTSTMNT01_3325855,2023_LoL_esports_match_data_from_OraclesElixir.csv,LCK,Spring,0,,2023,Regular Season
ESPORTSTMNT01_3325862,2023_LoL_esports_match_data_from_OraclesElixir.csv,LCK,Spring,0,,2023,Regular Season
ESPORTSTMNT01_3324928,2023_LoL_esports_match_data_from_OraclesElixir.csv,LCK,Spring,0,,2023,Regular Season
ESPORTSTMNT01_3326924,2023_LoL_esports_match_data_from_OraclesElixir.csv,LCK,Spring,0,,2023,Regular Season
ESPORTSTMNT01_3327201,2023_LoL_esports_match_data_from_OraclesElixir.csv,LCK,Spring,0,,2023,Regular Season
ESPORTSTMNT01_3328186,2023_LoL_esports_match_data_from_OraclesElixir.csv,LCK,Spring,0,,2023,Regular Season
ESPORTSTMNT01_3328190,2023_LoL_esports_match_data_from_OraclesElixir.csv,LCK,Spring,0,,2023,Regular Season
ESPORTSTMNT01_3328205,2023_LoL_esports_match_data_from_OraclesElixir.csv,LCK,Spring,0,,2023,Regular Season
ESPORTSTMNT01_3330071,2023_LoL_esports_match_data_from_OraclesElixir.csv,LCK,Spring,1,,2023,Playoff
ESPORTSTMNT01_3331073,2023_LoL_esports_match_data_from_OraclesElixir.csv,LCK,Spring,1,,2023,Playoff
ESPORTSTMNT01_3331076,2023_LoL_esports_match_data_from_OraclesElixir.csv,LCK,Spring,1,,2023,Playoff
ESPORTSTMNT01_3332065,2023_LoL_esports_match_data_from_OraclesElixir.csv,LCK,Spring,1,,2023,Playoff
ESPORTSTMNT01_3332285,2023_LoL_esports_match_data_from_OraclesElixir.csv,LCK,Spring,1,,2023,Playoff
ESPORTSTMNT01_3331293,2023_LoL_esports_match_data_from_OraclesElixir.csv,LCK,Spring,1,,2023,Playoff
ESPORTSTMNT01_3332318,2023_LoL_esports_match_data_from_OraclesElixir.csv,LCK,Spring,1,,2023,Playoff
ESPORTSTMNT01_3331318,2023_LoL_esports_match_data_from_OraclesElixir.csv,LCK,Spring,1,,2023,Playoff
ESPORTSTMNT01_3332801,2023_LoL_esports_match_data_from_OraclesElixir.csv,LCK,Spring,1,,2023,Playoff
ESPORTSTMNT01_3331791,2023_LoL_esports_match_data_from_OraclesElixir.csv,LCK,Spring,1,,2023,Playoff
ESPORTSTMNT01_3331800,2023_LoL_esports_match_data_from_OraclesElixir.csv,LCK,Spring,1,,2023,Playoff
ESPORTSTMNT01_3330869,2023_LoL_esports_match_data_from_OraclesElixir.csv,LCK,Spring,1,,2023,Playoff
ESPORTSTMNT01_3331817,2023_LoL_esports_match_data_from_OraclesElixir.csv,LCK,Spring,1,,2023,Playoff
ESPORTSTMNT01_3334067,2023_LoL_esports_match_data_from_OraclesElixir.csv,LCK,Spring,1,,2023,Playoff
ESPORTSTMNT01_3333121,2023_LoL_esports_match_data_from_OraclesElixir.csv,LCK,Spring,1,,2023,Playoff
ESPORTSTMNT01_3335064,2023_LoL_esports_match_data_from_OraclesElixir.csv,LCK,Spring,1,,2023,Playoff
ESPORTSTMNT01_3334092,2023_LoL_esports_match_data_from_OraclesElixir.csv,LCK,Spring,1,,2023,Playoff
ESPORTSTMNT01_3336792,2023_LoL_esports_match_data_from_OraclesElixir.csv,LCK,Spring,1,,2023,Playoff
ESPORTSTMNT01_3338726,2023_LoL_esports_match_data_from_OraclesElixir.csv,LCK,Spring,1,,2023,Playoff
ESPORTSTMNT01_3336831,2023_LoL_esports_match_data_from_OraclesElixir.csv,LCK,Spring,1,,2023,Playoff
ESPORTSTMNT01_3336846,2023_LoL_esports_match_data_from_OraclesElixir.csv,LCK,Spring,1,,2023,Playoff
ESPORTSTMNT01_3337944,2023_LoL_esports_match_data_from_OraclesElixir.csv,LCK,Spring,1,,2023,Playoff
ESPORTSTMNT01_3339077,2023_LoL_esports_match_data_from_OraclesElixir.csv,LCK,Spring,1,,2023,Playoff
ESPORTSTMNT01_3337979,2023_LoL_esports_match_data_from_OraclesElixir.csv,LCK,Spring,1,,2023,Playoff
ESPORTSTMNT01_3339102,2023_LoL_esports_match_data_from_OraclesElixir.csv,LCK,Spring,1,,2023,Playoff
ESPORTSTMNT01_3340970,2023_LoL_esports_match_data_from_OraclesElixir.csv,LCK,Spring,1,,2023,Playoff
ESPORTSTMNT01_3340987,2023_LoL_esports_match_data_from_OraclesElixir.csv,LCK,Spring,1,,2023,Playoff
ESPORTSTMNT01_3341983,2023_LoL_esports_match_data_from_OraclesElixir.csv,LCK,Spring,1,,2023,Playoff
ESPORTSTMNT01_3341999,2023_LoL_esports_match_data_from_OraclesElixir.csv,LCK,Spring,1,,2023,Playoff
ESPORTSTMNT01_3344120,2023_LoL_esports_match_data_from_OraclesElixir.csv,LCK,Spring,1,,2023,Playoff
ESPORTSTMNT01_3344136,2023_LoL_esports_match_data_from_OraclesElixir.csv,LCK,Spring,1,,2023,Playoff
ESPORTSTMNT01_3344140,2023_LoL_esports_match_data_from_OraclesElixir.csv,LCK,Spring,1,,2023,Playoff
ESPORTSTMNT01_3344160,2023_LoL_esports_match_data_from_OraclesElixir.csv,LCK,Spring,1,,2023,Playoff
ESPORTSTMNT03_3167508,2023_LoL_esports_match_data_from_OraclesElixir.csv,LCK,Summer,0,,2023,Regular Season
ESPORTSTMNT03_3165687,2023_LoL_esports_match_data_from_OraclesElixir.csv,LCK,Summer,0,,2023,Regular Season
ESPORTSTMNT03_3166614,2023_LoL_esports_match_data_from_OraclesElixir.csv,LCK,Summer,0,,2023,Regular Season
ESPORTSTMNT03_3166620,2023_LoL_esports_match_data_from_OraclesElixir.csv,LCK,Summer,0,,2023,Regular Season
ESPORTSTMNT03_3167593,2023_LoL_esports_match_data_from_OraclesElixir.csv,LCK,Summer,0,,2023,Regular Season
ESPORTSTMNT03_3167810,2023_LoL_esports_match_data_from_OraclesElixir.csv,LCK,Summer,0,,2023,Regular Season
ESPORTSTMNT03_3165973,2023_LoL_esports_match_data_from_OraclesElixir.csv,LCK,Summer,0,,2023,Regular Season
ESPORTSTMNT03_3165974,2023_LoL_esports_match_data_from_OraclesElixir.csv,LCK,Summer,0,,2023,Regular Season
ESPORTSTMNT03_3166917,2023_LoL_esports_match_data_from_OraclesElixir.csv,LCK,Summer,0,,2023,Regular Season
ESPORTSTMNT03_3166925,2023_LoL_esports_match_data_from_OraclesElixir.csv,LCK,Summer,0,,2023,Regular Season
ESPORTSTMNT03_3169046,2023_LoL_esports_match_data_from_OraclesElixir.csv,LCK,Summer,0,,2023,Regular Season
ESPORTSTMNT03_3170021,2023_LoL_esports_match_data_from_OraclesElixir.csv,LCK,Summer,0,,2023,Regular Season
ESPORTSTMNT03_3168164,2023_LoL_esports_match_data_from_OraclesElixir.csv,LCK,Summer,0,,2023,Regular Season
ESPORTSTMNT03_3168168,2023_LoL_esports_match_data_from_OraclesElixir.csv,LCK,Summer,0,,2023,Regular Season
ESPORTSTMNT03_3169092,2023_LoL_esports_match_data_from_OraclesElixir.csv,LCK,Summer,0,,2023,Regular Season
ESPORTSTMNT03_3170048,2023_LoL_esports_match_data_from_OraclesElixir.csv,LCK,Summer,0,,2023,Regular Season
ESPORTSTMNT03_3169206,2023_LoL_esports_match_data_from_OraclesElixir.csv,LCK,Summer,0,,2023,Regular Season
ESPORTSTMNT03_3168300,2023_LoL_esports_match_data_from_OraclesElixir.csv,LCK,Summer,0,,2023,Regular Season
ESPORTSTMNT03_3170167,2023_LoL_esports_match_data_from_OraclesElixir.csv,LCK,Summer,0,,2023,Regular Season
ESPORTSTMNT03_3169215,2023_LoL_esports_match_data_from_OraclesElixir.csv,LCK,Summer,0,,2023,Regular Season
ESPORTSTMNT03_3170239,2023_LoL_esports_match_data_from_OraclesElixir.csv,LCK,Summer,0,,2023,Regular Season
ESPORTSTMNT03_3170253,2023_LoL_esports_match_data_from_OraclesElixir.csv,LCK,Summer,0,,2023,Regular Season
ESPORTSTMNT03_3168381,2023_LoL_esports_match_data_from_OraclesElixir.csv,LCK,Summer,0,,2023,Regular Season
ESPORTSTMNT03_3170256,2023_LoL_esports_match_data_from_OraclesElixir.csv,LCK,Summer,0,,2023,Regular Season
ESPORTSTMNT03_3169305,2023_LoL_esports_match_data_from_OraclesElixir.csv,LCK,Summer,0,,2023,Regular Season
ESPORTSTMNT03_3170267,2023_LoL_esports_match_data_from_OraclesElixir.csv,LCK,Summer,0,,2023,Regular Season
ESPORTSTMNT01_3372029,2023_LoL_esports_match_data_from_OraclesElixir.csv,LCK,Summer,0,,2023,Regular Season
ESPORTSTMNT01_3373049,2023_LoL_esports_match_data_from_OraclesElixir.csv,LCK,Summer,0,,2023,Regular Season
ESPORTSTMNT01_3372092,2023_LoL_esports_match_data_from_OraclesElixir.csv,LCK,Summer,0,,2023,Regular Season
ESPORTSTMNT01_3373110,2023_LoL_esports_match_data_from_OraclesElixir.csv,LCK,Summer,0,,2023,Regular Season
ESPORTSTMNT01_3374638,2023_LoL_esports_match_data_from_OraclesElixir.csv,LCK,Summer,0,,2023,Regular Season
ESPORTSTMNT01_3372716,2023_LoL_esports_match_data_from_OraclesElixir.csv,LCK,Summer,0,,2023,Regular Season
ESPORTSTMNT01_3373726,2023_LoL_esports_match_data_from_OraclesElixir.csv,LCK,Summer,0,,2023,Regular Season
ESPORTSTMNT01_3372768,2023_LoL_esports_match_data_from_OraclesElixir.csv,LCK,Summer,0,,2023,Regular Season
ESPORTSTMNT01_3374742,2023_LoL_esports_match_data_from_OraclesElixir.csv,LCK,Summer,0,,2023,Regular Season
ESPORTSTMNT01_3376223,2023_LoL_esports_match_data_from_OraclesElixir.csv,LCK,Summer,0,,2023,Regular Season
ESPORTSTMNT01_3376253,2023_LoL_esports_match_data_from_OraclesElixir.csv,LCK,Summer,0,,2023,Regular Season
ESPORTSTMNT01_3375285,2023_LoL_esports_match_data_from_OraclesElixir.csv,LCK,Summer,0,,2023,Regular Season
ESPORTSTMNT01_3375321,2023_LoL_esports_match_data_from_OraclesElixir.csv,LCK,Summer,0,,2023,Regular Season
ESPORTSTMNT01_3375723,2023_LoL_esports_match_data_from_OraclesElixir.csv,LCK,Summer,0,,2023,Regular Season
ESPORTSTMNT01_3376707,2023_LoL_esports_match_data_from_OraclesElixir.csv,LCK,Summer,0,,2023,Regular Season
ESPORTSTMNT01_3378634,2023_LoL_esports_match_data_from_OraclesElixir.csv,LCK,Summer,0,,2023,Regular Season
ESPORTSTMNT01_3378674,2023_LoL_esports_match_data_from_OraclesElixir.csv,LCK,Summer,0,,2023,Regular Season
ESPORTSTMNT01_3379239,2023_LoL_esports_match_data_from_OraclesElixir.csv,LCK,Summer,0,,2023,Regular Season
ESPORTSTMNT01_3380253,2023_LoL_esports_match_data_from_OraclesElixir.csv,LCK,Summer,0,,2023,Regular Season
ESPORTSTMNT01_3380258,2023_LoL_esports_match_data_from_OraclesElixir.csv,LCK,Summer,0,,2023,Regular Season
ESPORTSTMNT01_3381214,2023_LoL_esports_match_data_from_OraclesElixir.csv,LCK,Summer,0,,2023,Regular Season
ESPORTSTMNT01_3383647,2023_LoL_esports_match_data_from_OraclesElixir.csv,LCK,Summer,0,,2023,Regular Season
ESPORTSTMNT01_3383672,2023_LoL_esports_match_data_from_OraclesElixir.csv,LCK,Summer,0,,2023,Regular Season
ESPORTSTMNT01_3382782,2023_LoL_esports_match_data_from_OraclesElixir.csv,LCK,Summer,0,,2023,Regular Season
ESPORTSTMNT01_3384667,2023_LoL_esports_match_data_from_OraclesElixir.csv,LCK,Summer,0,,2023,Regular Season
ESPORTSTMNT01_3384734,2023_LoL_esports_match_data_from_OraclesElixir.csv,LCK,Summer,0,,2023,Regular Season
ESPORTSTMNT01_3385158,2023_LoL_esports_match_data_from_OraclesElixir.csv,LCK,Summer,0,,2023,Regular Season
ESPORTSTMNT01_3385176,2023_LoL_esports_match_data_from_OraclesElixir.csv,LCK,Summer,0,,2023,Regular Season
ESPORTSTMNT01_3387063,2023_LoL_esports_match_data_from_OraclesElixir.csv,LCK,Summer,0,,2023,Regular Season
ESPORTSTMNT01_3387101,2023_LoL_esports_match_data_from_OraclesElixir.csv,LCK,Summer,0,,2023,Regular Season
ESPORTSTMNT01_3385476,2023_LoL_esports_match_data_from_OraclesElixir.csv,LCK,Summer,0,,2023,Regular Season
ESPORTSTMNT01_3385497,2023_LoL_esports_match_data_from_OraclesElixir.csv,LCK,Summer,0,,2023,Regular Season
ESPORTSTMNT01_3387354,2023_LoL_esports_match_data_from_OraclesElixir.csv,LCK,Summer,0,,2023,Regular Season
ESPORTSTMNT01_3386462,2023_LoL_esports_match_data_from_OraclesElixir.csv,LCK,Summer,0,,2023,Regular Season
ESPORTSTMNT01_3387396,2023_LoL_esports_match_data_from_OraclesElixir.csv,LCK,Summer,0,,2023,Regular Season
ESPORTSTMNT01_3387569,2023_LoL_esports_match_data_from_OraclesElixir.csv,LCK,Summer,0,,2023,Regular Season
ESPORTSTMNT01_3385750,2023_LoL_esports_match_data_from_OraclesElixir.csv,LCK,Summer,0,,2023,Regular Season
ESPORTSTMNT01_3387594,2023_LoL_esports_match_data_from_OraclesElixir.csv,LCK,Summer,0,,2023,Regular Season
ESPORTSTMNT01_3385759,2023_LoL_esports_match_data_from_OraclesElixir.csv,LCK,Summer,0,,2023,Regular Season
ESPORTSTMNT01_3386695,2023_LoL_esports_match_data_from_OraclesElixir.csv,LCK,Summer,0,,2023,Regular Season
ESPORTSTMNT01_3388081,2023_LoL_esports_match_data_from_OraclesElixir.csv,LCK,Summer,0,,2023,Regular Season
ESPORTSTMNT01_3386968,2023_LoL_esports_match_data_from_OraclesElixir.csv,LCK,Summer,0,,2023,Regular Season
ESPORTSTMNT01_3388094,2023_LoL_esports_match_data_from_OraclesElixir.csv,LCK,Summer,0,,2023,Regular Season
ESPORTSTMNT01_3388098,2023_LoL_esports_match_data_from_OraclesElixir.csv,LCK,Summer,0,,2023,Regular Season
ESPORTSTMNT01_3386993,2023_LoL_esports_match_data_from_OraclesElixir.csv,LCK,Summer,0,,2023,Regular Season
ESPORTSTMNT02_3213109,2023_LoL_esports_match_data_from_OraclesElixir.csv,LCK,Summer,0,,2023,Regular Season
ESPORTSTMNT02_3215087,2023_LoL_esports_match_data_from_OraclesElixir.csv,LCK,Summer,0,,2023,Regular Season
ESPORTSTMNT02_3214098,2023_LoL_esports_match_data_from_OraclesElixir.csv,LCK,Summer,0,,2023,Regular Season
ESPORTSTMNT02_3214136,2023_LoL_esports_match_data_from_OraclesElixir.csv,LCK,Summer,0,,2023,Regular Season
ESPORTSTMNT02_3213439,2023_LoL_esports_match_data_from_OraclesElixir.csv,LCK,Summer,0,,2023,Regular Season
ESPORTSTMNT02_3213452,2023_LoL_esports_match_data_from_OraclesElixir.csv,LCK,Summer,0,,2023,Regular Season
ESPORTSTMNT02_3215424,2023_LoL_esports_match_data_from_OraclesElixir.csv,LCK,Summer,0,,2023,Regular Season
ESPORTSTMNT02_3214430,2023_LoL_esports_match_data_from_OraclesElixir.csv,LCK,Summer,0,,2023,Regular Season
ESPORTSTMNT02_3214449,2023_LoL_esports_match_data_from_OraclesElixir.csv,LCK,Summer,0,,2023,Regular Season
ESPORTSTMNT02_3216219,2023_LoL_esports_match_data_from_OraclesElixir.csv,LCK,Summer,0,,2023,Regular Season
ESPORTSTMNT02_3213761,2023_LoL_esports_match_data_from_OraclesElixir.csv,LCK,Summer,0,,2023,Regular Season
ESPORTSTMNT02_3213774,2023_LoL_esports_match_data_from_OraclesElixir.csv,LCK,Summer,0,,2023,Regular Season
ESPORTSTMNT02_3216293,2023_LoL_esports_match_data_from_OraclesElixir.csv,LCK,Summer,0,,2023,Regular Season
ESPORTSTMNT02_3214964,2023_LoL_esports_match_data_from_OraclesElixir.csv,LCK,Summer,0,,2023,Regular Season
ESPORTSTMNT02_3214984,2023_LoL_esports_match_data_from_OraclesElixir.csv,LCK,Summer,0,,2023,Regular Season
ESPORTSTMNT02_3216537,2023_LoL_esports_match_data_from_OraclesElixir.csv,LCK,Summer,0,,2023,Regular Season
ESPORTSTMNT02_3217044,2023_LoL_esports_match_data_from_OraclesElixir.csv,LCK,Summer,0,,2023,Regular Season
ESPORTSTMNT02_3217077,2023_LoL_esports_match_data_from_OraclesElixir.csv,LCK,Summer,0,,2023,Regular Season
ESPORTSTMNT02_3217234,2023_LoL_esports_match_data_from_OraclesElixir.csv,LCK,Summer,0,,2023,Regular Season
ESPORTSTMNT02_3216741,2023_LoL_esports_match_data_from_OraclesElixir.csv,LCK,Summer,0,,2023,Regular Season
ESPORTSTMNT02_3217260,2023_LoL_esports_match_data_from_OraclesElixir.csv,LCK,Summer,0,,2023,Regular Season
ESPORTSTMNT02_3218220,2023_LoL_esports_match_data_from_OraclesElixir.csv,LCK,Summer,0,,2023,Regular Season
ESPORTSTMNT02_3216786,2023_LoL_esports_match_data_from_OraclesElixir.csv,LCK,Summer,0,,2023,Regular Season
ESPORTSTMNT02_3219173,2023_LoL_esports_match_data_from_OraclesElixir.csv,LCK,Summer,0,,2023,Regular Season
ESPORTSTMNT02_3217733,2023_LoL_esports_match_data_from_OraclesElixir.csv,LCK,Summer,0,,2023,Regular Season
ESPORTSTMNT02_3217738,2023_LoL_esports_match_data_from_OraclesElixir.csv,LCK,Summer,0,,2023,Regular Season
ESPORTSTMNT02_3217759,2023_LoL_esports_match_data_from_OraclesElixir.csv,LCK,Summer,0,,2023,Regular Season
ESPORTSTMNT02_3219287,2023_LoL_esports_match_data_from_OraclesElixir.csv,LCK,Summer,0,,2023,Regular Season
ESPORTSTMNT02_3219293,2023_LoL_esports_match_data_from_OraclesElixir.csv,LCK,Summer,0,,2023,Regular Season
ESPORTSTMNT02_3217854,2023_LoL_esports_match_data_from_OraclesElixir.csv,LCK,Summer,0,,2023,Regular Season
ESPORTSTMNT02_3219312,2023_LoL_esports_match_data_from_OraclesElixir.csv,LCK,Summer,0,,2023,Regular Season
ESPORTSTMNT02_3217904,2023_LoL_esports_match_data_from_OraclesElixir.csv,LCK,Summer,0,,2023,Regular Season
ESPORTSTMNT02_3218856,2023_LoL_esports_match_data_from_OraclesElixir.csv,LCK,Summer,0,,2023,Regular Season
ESPORTSTMNT02_3217922,2023_LoL_esports_match_data_from_OraclesElixir.csv,LCK,Summer,0,,2023,Regular Season
ESPORTSTMNT02_3217939,2023_LoL_esports_match_data_from_OraclesElixir.csv,LCK,Summer,0,,2023,Regular Season
ESPORTSTMNT02_3217961,2023_LoL_esports_match_data_from_OraclesElixir.csv,LCK,Summer,0,,2023,Regular Season
ESPORTSTMNT02_3217972,2023_LoL_esports_match_data_from_OraclesElixir.csv,LCK,Summer,0,,2023,Regular Season
ESPORTSTMNT02_3217976,2023_LoL_esports_match_data_from_OraclesElixir.csv,LCK,Summer,0,,2023,Regular Season
ESPORTSTMNT02_3219429,2023_LoL_esports_match_data_from_OraclesElixir.csv,LCK,Summer,0,,2023,Regular Season
ESPORTSTMNT02_3218962,2023_LoL_esports_match_data_from_OraclesElixir.csv,LCK,Summer,0,,2023,Regular Season
ESPORTSTMNT02_3218971,2023_LoL_esports_match_data_from_OraclesElixir.csv,LCK,Summer,0,,2023,Regular Season
ESPORTSTMNT02_3219458,2023_LoL_esports_match_data_from_OraclesElixir.csv,LCK,Summer,0,,2023,Regular Season
ESPORTSTMNT02_3220043,2023_LoL_esports_match_data_from_OraclesElixir.csv,LCK,Summer,0,,2023,Regular Season
ESPORTSTMNT02_3221133,2023_LoL_esports_match_data_from_OraclesElixir.csv,LCK,Summer,0,,2023,Regular Season
ESPORTSTMNT02_3219628,2023_LoL_esports_match_data_from_OraclesElixir.csv,LCK,Summer,0,,2023,Regular Season
ESPORTSTMNT02_3219631,2023_LoL_esports_match_data_from_OraclesElixir.csv,LCK,Summer,0,,2023,Regular Season
ESPORTSTMNT02_3221167,2023_LoL_esports_match_data_from_OraclesElixir.csv,LCK,Summer,0,,2023,Regular Season
ESPORTSTMNT02_3219719,2023_LoL_esports_match_data_from_OraclesElixir.csv,LCK,Summer,0,,2023,Regular Season
ESPORTSTMNT02_3219737,2023_LoL_esports_match_data_from_OraclesElixir.csv,LCK,Summer,0,,2023,Regular Season
ESPORTSTMNT02_3219742,2023_LoL_esports_match_data_from_OraclesElixir.csv,LCK,Summer,0,,2023,Regular Season
ESPORTSTMNT02_3219750,2023_LoL_esports_match_data_from_OraclesElixir.csv,LCK,Summer,0,,2023,Regular Season
ESPORTSTMNT02_3219771,2023_LoL_esports_match_data_from_OraclesElixir.csv,LCK,Summer,0,,2023,Regular Season
ESPORTSTMNT02_3221300,2023_LoL_esports_match_data_from_OraclesElixir.csv,LCK,Summer,0,,2023,Regular Season
ESPORTSTMNT02_3220410,2023_LoL_esports_match_data_from_OraclesElixir.csv,LCK,Summer,0,,2023,Regular Season
ESPORTSTMNT02_3219847,2023_LoL_esports_match_data_from_OraclesElixir.csv,LCK,Summer,0,,2023,Regular Season
ESPORTSTMNT02_3220426,2023_LoL_esports_match_data_from_OraclesElixir.csv,LCK,Summer,0,,2023,Regular Season
ESPORTSTMNT02_3220450,2023_LoL_esports_match_data_from_OraclesElixir.csv,LCK,Summer,0,,2023,Regular Season
ESPORTSTMNT02_3220488,2023_LoL_esports_match_data_from_OraclesElixir.csv,LCK,Summer,0,,2023,Regular Season
ESPORTSTMNT02_3219915,2023_LoL_esports_match_data_from_OraclesElixir.csv,LCK,Summer,0,,2023,Regular Season
ESPORTSTMNT02_3219921,2023_LoL_esports_match_data_from_OraclesElixir.csv,LCK,Summer,0,,2023,Regular Season
ESPORTSTMNT02_3219940,2023_LoL_esports_match_data_from_OraclesElixir.csv,LCK,Summer,0,,2023,Regular Season
ESPORTSTMNT02_3220527,2023_LoL_esports_match_data_from_OraclesElixir.csv,LCK,Summer,0,,2023,Regular Season
ESPORTSTMNT02_3221546,2023_LoL_esports_match_data_from_OraclesElixir.csv,LCK,Summer,0,,2023,Regular Season
ESPORTSTMNT02_3222016,2023_LoL_esports_match_data_from_OraclesElixir.csv,LCK,Summer,0,,2023,Regular Season
ESPORTSTMNT02_3220608,2023_LoL_esports_match_data_from_OraclesElixir.csv,LCK,Summer,0,,2023,Regular Season
ESPORTSTMNT02_3221581,2023_LoL_esports_match_data_from_OraclesElixir.csv,LCK,Summer,0,,2023,Regular Season
ESPORTSTMNT02_3221591,2023_LoL_esports_match_data_from_OraclesElixir.csv,LCK,Summer,0,,2023,Regular Season
ESPORTSTMNT02_3221775,2023_LoL_esports_match_data_from_OraclesElixir.csv,LCK,Summer,0,,2023,Regular Season
ESPORTSTMNT02_3222220,2023_LoL_esports_match_data_from_OraclesElixir.csv,LCK,Summer,0,,2023,Regular Season
ESPORTSTMNT02_3220839,2023_LoL_esports_match_data_from_OraclesElixir.csv,LCK,Summer,0,,2023,Regular Season
ESPORTSTMNT02_3220856,2023_LoL_esports_match_data_from_OraclesElixir.csv,LCK,Summer,0,,2023,Regular Season
ESPORTSTMNT02_3221852,2023_LoL_esports_match_data_from_OraclesElixir.csv,LCK,Summer,0,,2023,Regular Season
ESPORTSTMNT02_3220910,2023_LoL_esports_match_data_from_OraclesElixir.csv,LCK,Summer,0,,2023,Regular Season
ESPORTSTMNT02_3221863,2023_LoL_esports_match_data_from_OraclesElixir.csv,LCK,Summer,0,,2023,Regular Season
ESPORTSTMNT02_3222295,2023_LoL_esports_match_data_from_OraclesElixir.csv,LCK,Summer,0,,2023,Regular Season
ESPORTSTMNT02_3222301,2023_LoL_esports_match_data_from_OraclesElixir.csv,LCK,Summer,0,,2023,Regular Season
ESPORTSTMNT02_3221896,2023_LoL_esports_match_data_from_OraclesElixir.csv,LCK,Summer,0,,2023,Regular Season
ESPORTSTMNT02_3220950,2023_LoL_esports_match_data_from_OraclesElixir.csv,LCK,Summer,0,,2023,Regular Season
ESPORTSTMNT02_3222337,2023_LoL_esports_match_data_from_OraclesElixir.csv,LCK,Summer,0,,2023,Regular Season
ESPORTSTMNT02_3220958,2023_LoL_esports_match_data_from_OraclesElixir.csv,LCK,Summer,0,,2023,Regular Season
ESPORTSTMNT02_3221926,2023_LoL_esports_match_data_from_OraclesElixir.csv,LCK,Summer,0,,2023,Regular Season
ESPORTSTMNT02_3220999,2023_LoL_esports_match_data_from_OraclesElixir.csv,LCK,Summer,0,,2023,Regular Season
ESPORTSTMNT02_3221956,2023_LoL_esports_match_data_from_OraclesElixir.csv,LCK,Summer,0,,2023,Regular Season
ESPORTSTMNT02_3221958,2023_LoL_esports_match_data_from_OraclesElixir.csv,LCK,Summer,0,,2023,Regular Season
ESPORTSTMNT02_3222394,2023_LoL_esports_match_data_from_OraclesElixir.csv,LCK,Summer,0,,2023,Regular Season
ESPORTSTMNT02_3221974,2023_LoL_esports_match_data_from_OraclesElixir.csv,LCK,Summer,0,,2023,Regular Season
ESPORTSTMNT02_3224004,2023_LoL_esports_match_data_from_OraclesElixir.csv,LCK,Summer,0,,2023,Regular Season
ESPORTSTMNT02_3223058,2023_LoL_esports_match_data_from_OraclesElixir.csv,LCK,Summer,0,,2023,Regular Season
ESPORTSTMNT02_3222438,2023_LoL_esports_match_data_from_OraclesElixir.csv,LCK,Summer,0,,2023,Regular Season
ESPORTSTMNT02_3223070,2023_LoL_esports_match_data_from_OraclesElixir.csv,LCK,Summer,0,,2023,Regular Season
ESPORTSTMNT02_3223073,2023_LoL_esports_match_data_from_OraclesElixir.csv,LCK,Summer,0,,2023,Regular Season
ESPORTSTMNT06_2823450,2023_LoL_esports_match_data_from_OraclesElixir.csv,LCK,Summer,0,,2023,Regular Season
ESPORTSTMNT06_2821430,2023_LoL_esports_match_data_from_OraclesElixir.csv,LCK,Summer,0,,2023,Regular Season
ESPORTSTMNT06_2823458,2023_LoL_esports_match_data_from_OraclesElixir.csv,LCK,Summer,0,,2023,Regular Season
ESPORTSTMNT06_2823467,2023_LoL_esports_match_data_from_OraclesElixir.csv,LCK,Summer,0,,2023,Regular Season
ESPORTSTMNT03_3197780,2023_LoL_esports_match_data_from_OraclesElixir.csv,LCK,Summer,0,,2023,Regular Season
ESPORTSTMNT03_3195856,2023_LoL_esports_match_data_from_OraclesElixir.csv,LCK,Summer,0,,2023,Regular Season
ESPORTSTMNT03_3196827,2023_LoL_esports_match_data_from_OraclesElixir.csv,LCK,Summer,0,,2023,Regular Season
ESPORTSTMNT03_3195868,2023_LoL_esports_match_data_from_OraclesElixir.csv,LCK,Summer,0,,2023,Regular Season
ESPORTSTMNT03_3197839,2023_LoL_esports_match_data_from_OraclesElixir.csv,LCK,Summer,0,,2023,Regular Season
ESPORTSTMNT03_3195975,2023_LoL_esports_match_data_from_OraclesElixir.csv,LCK,Summer,0,,2023,Regular Season
ESPORTSTMNT03_3196972,2023_LoL_esports_match_data_from_OraclesElixir.csv,LCK,Summer,0,,2023,Regular Season
ESPORTSTMNT03_3198004,2023_LoL_esports_match_data_from_OraclesElixir.csv,LCK,Summer,0,,2023,Regular Season
ESPORTSTMNT03_3196998,2023_LoL_esports_match_data_from_OraclesElixir.csv,LCK,Summer,0,,2023,Regular Season
ESPORTSTMNT03_3199067,2023_LoL_esports_match_data_from_OraclesElixir.csv,LCK,Summer,0,,2023,Regular Season
ESPORTSTMNT03_3199084,2023_LoL_esports_match_data_from_OraclesElixir.csv,LCK,Summer,0,,2023,Regular Season
ESPORTSTMNT03_3200068,2023_LoL_esports_match_data_from_OraclesElixir.csv,LCK,Summer,0,,2023,Regular Season
ESPORTSTMNT03_3199115,2023_LoL_esports_match_data_from_OraclesElixir.csv,LCK,Summer,0,,2023,Regular Season
ESPORTSTMNT03_3200187,2023_LoL_esports_match_data_from_OraclesElixir.csv,LCK,Summer,0,,2023,Regular Season
ESPORTSTMNT03_3199206,2023_LoL_esports_match_data_from_OraclesElixir.csv,LCK,Summer,0,,2023,Regular Season
ESPORTSTMNT03_3199211,2023_LoL_esports_match_data_from_OraclesElixir.csv,LCK,Summer,0,,2023,Regular Season
ESPORTSTMNT03_3198239,2023_LoL_esports_match_data_from_OraclesElixir.csv,LCK,Summer,0,,2023,Regular Season
ESPORTSTMNT03_3199251,2023_LoL_esports_match_data_from_OraclesElixir.csv,LCK,Summer,0,,2023,Regular Season
ESPORTSTMNT01_3404937,2023_LoL_esports_match_data_from_OraclesElixir.csv,LCK,Summer,0,,2023,Regular Season
ESPORTSTMNT01_3404962,2023_LoL_esports_match_data_from_OraclesElixir.csv,LCK,Summer,0,,2023,Regular Season
ESPORTSTMNT01_3405926,2023_LoL_esports_match_data_from_OraclesElixir.csv,LCK,Summer,0,,2023,Regular Season
ESPORTSTMNT01_3405949,2023_LoL_esports_match_data_from_OraclesElixir.csv,LCK,Summer,0,,2023,Regular Season
ESPORTSTMNT01_3408162,2023_LoL_esports_match_data_from_OraclesElixir.csv,LCK,Summer,0,,2023,Regular Season
ESPORTSTMNT01_3408177,2023_LoL_esports_match_data_from_OraclesElixir.csv,LCK,Summer,0,,2023,Regular Season
ESPORTSTMNT01_3407230,2023_LoL_esports_match_data_from_OraclesElixir.csv,LCK,Summer,0,,2023,Regular Season
ESPORTSTMNT01_3408206,2023_LoL_esports_match_data_from_OraclesElixir.csv,LCK,Summer,0,,2023,Regular Season
ESPORTSTMNT01_3407478,2023_LoL_esports_match_data_from_OraclesElixir.csv,LCK,Summer,0,,2023,Regular Season
ESPORTSTMNT01_3408461,2023_LoL_esports_match_data_from_OraclesElixir.csv,LCK,Summer,0,,2023,Regular Season
ESPORTSTMNT01_3407530,2023_LoL_esports_match_data_from_OraclesElixir.csv,LCK,Summer,0,,2023,Regular Season
ESPORTSTMNT01_3409439,2023_LoL_esports_match_data_from_OraclesElixir.csv,LCK,Summer,0,,2023,Regular Season
ESPORTSTMNT01_3408510,2023_LoL_esports_match_data_from_OraclesElixir.csv,LCK,Summer,0,,2023,Regular Season
ESPORTSTMNT01_3408529,2023_LoL_esports_match_data_from_OraclesElixir.csv,LCK,Summer,0,,2023,Regular Season
ESPORTSTMNT01_3409605,2023_LoL_esports_match_data_from_OraclesElixir.csv,LCK,Summer,0,,2023,Regular Season
ESPORTSTMNT01_3408676,2023_LoL_esports_match_data_from_OraclesElixir.csv,LCK,Summer,0,,2023,Regular Season
ESPORTSTMNT01_3409629,2023_LoL_esports_match_data_from_OraclesElixir.csv,LCK,Summer,0,,2023,Regular Season
ESPORTSTMNT01_3407785,2023_LoL_esports_match_data_from_OraclesElixir.csv,LCK,Summer,0,,2023,Regular Season
ESPORTSTMNT01_3409937,2023_LoL_esports_match_data_from_OraclesElixir.csv,LCK,Summer,0,,2023,Regular Season
ESPORTSTMNT01_3409963,2023_LoL_esports_match_data_from_OraclesElixir.csv,LCK,Summer,0,,2023,Regular Season
ESPORTSTMNT01_3411014,2023_LoL_esports_match_data_from_OraclesElixir.csv,LCK,Summer,0,,2023,Regular Season
ESPORTSTMNT01_3410111,2023_LoL_esports_match_data_from_OraclesElixir.csv,LCK,Summer,0,,2023,Regular Season
ESPORTSTMNT01_3410511,2023_LoL_esports_match_data_from_OraclesElixir.csv,LCK,Summer,1,,2023,Playoff
ESPORTSTMNT01_3411490,2023_LoL_esports_match_data_from_OraclesElixir.csv,LCK,Summer,1,,2023,Playoff
ESPORTSTMNT01_3412431,2023_LoL_esports_match_data_from_OraclesElixir.csv,LCK,Summer,1,,2023,Playoff
ESPORTSTMNT01_3410713,2023_LoL_esports_match_data_from_OraclesElixir.csv,LCK,Summer,1,,2023,Playoff
ESPORTSTMNT01_3410723,2023_LoL_esports_match_data_from_OraclesElixir.csv,LCK,Summer,1,,2023,Playoff
ESPORTSTMNT01_3410725,2023_LoL_esports_match_data_from_OraclesElixir.csv,LCK,Summer,1,,2023,Playoff
ESPORTSTMNT01_3411711,2023_LoL_esports_match_data_from_OraclesElixir.csv,LCK,Summer,1,,2023,Playoff
ESPORTSTMNT01_3412825,2023_LoL_esports_match_data_from_OraclesElixir.csv,LCK,Summer,1,,2023,Playoff
ESPORTSTMNT01_3412846,2023_LoL_esports_match_data_from_OraclesElixir.csv,LCK,Summer,1,,2023,Playoff
ESPORTSTMNT01_3412852,2023_LoL_esports_match_data_from_OraclesElixir.csv,LCK,Summer,1,,2023,Playoff
ESPORTSTMNT01_3410923,2023_LoL_esports_match_data_from_OraclesElixir.csv,LCK,Summer,1,,2023,Playoff
ESPORTSTMNT01_3410933,2023_LoL_esports_match_data_from_OraclesElixir.csv,LCK,Summer,1,,2023,Playoff
ESPORTSTMNT01_3412987,2023_LoL_esports_match_data_from_OraclesElixir.csv,LCK,Summer,1,,2023,Playoff
ESPORTSTMNT01_3415015,2023_LoL_esports_match_data_from_OraclesElixir.csv,LCK,Summer,1,,2023,Playoff
ESPORTSTMNT01_3415025,2023_LoL_esports_match_data_from_OraclesElixir.csv,LCK,Summer,1,,2023,Playoff
ESPORTSTMNT01_3415148,2023_LoL_esports_match_data_from_OraclesElixir.csv,LCK,Summer,1,,2023,Playoff
ESPORTSTMNT01_3415168,2023_LoL_esports_match_data_from_OraclesElixir.csv,LCK,Summer,1,,2023,Playoff
ESPORTSTMNT01_3413257,2023_LoL_esports_match_data_from_OraclesElixir.csv,LCK,Summer,1,,2023,Playoff
ESPORTSTMNT01_3413260,2023_LoL_esports_match_data_from_OraclesElixir.csv,LCK,Summer,1,,2023,Playoff
ESPORTSTMNT01_3415182,2023_LoL_esports_match_data_from_OraclesElixir.csv,LCK,Summer,1,,2023,Playoff
ESPORTSTMNT01_3415276,2023_LoL_esports_match_data_from_OraclesElixir.csv,LCK,Summer,1,,2023,Playoff
ESPORTSTMNT01_3413370,2023_LoL_esports_match_data_from_OraclesElixir.csv,LCK,Summer,1,,2023,Playoff
ESPORTSTMNT01_3415307,2023_LoL_esports_match_data_from_OraclesElixir.csv,LCK,Summer,1,,2023,Playoff
ESPORTSTMNT01_3416038,2023_LoL_esports_match_data_from_OraclesElixir.csv,LCK,Summer,1,,2023,Playoff
ESPORTSTMNT01_3416073,2023_LoL_esports_match_data_from_OraclesElixir.csv,LCK,Summer,1,,2023,Playoff
ESPORTSTMNT01_3416074,2023_LoL_esports_match_data_from_OraclesElixir.csv,LCK,Summer,1,,2023,Playoff
ESPORTSTMNT01_3416088,2023_LoL_esports_match_data_from_OraclesElixir.csv,LCK,Summer,1,,2023,Playoff
ESPORTSTMNT01_3415991,2023_LoL_esports_match_data_from_OraclesElixir.csv,LCK,Summer,1,,2023,Playoff
ESPORTSTMNT01_3418098,2023_LoL_esports_match_data_from_OraclesElixir.csv,LCK,Summer,1,,2023,Playoff
ESPORTSTMNT01_3417138,2023_LoL_esports_match_data_from_OraclesElixir.csv,LCK,Summer,1,,2023,Playoff
ESPORTSTMNT01_3417141,2023_LoL_esports_match_data_from_OraclesElixir.csv,LCK,Summer,1,,2023,Playoff
LOLTMNT02_22165,2024_LoL_esports_match_data_from_OraclesElixir.csv,LCK,Spring,0,,2024,Regular Season
LOLTMNT02_21206,2024_LoL_esports_match_data_from_OraclesElixir.csv,LCK,Spring,0,,2024,Regular Season
LOLTMNT02_22225,2024_LoL_esports_match_data_from_OraclesElixir.csv,LCK,Spring,0,,2024,Regular Season
LOLTMNT02_21273,2024_LoL_esports_match_data_from_OraclesElixir.csv,LCK,Spring,0,,2024,Regular Season
LOLTMNT02_21295,2024_LoL_esports_match_data_from_OraclesElixir.csv,LCK,Spring,0,,2024,Regular Season
LOLTMNT02_21688,2024_LoL_esports_match_data_from_OraclesElixir.csv,LCK,Spring,0,,2024,Regular Season
LOLTMNT02_21701,2024_LoL_esports_match_data_from_OraclesElixir.csv,LCK,Spring,0,,2024,Regular Season
LOLTMNT02_22739,2024_LoL_esports_match_data_from_OraclesElixir.csv,LCK,Spring,0,,2024,Regular Season
LOLTMNT02_22767,2024_LoL_esports_match_data_from_OraclesElixir.csv,LCK,Spring,0,,2024,Regular Season
LOLTMNT02_23175,2024_LoL_esports_match_data_from_OraclesElixir.csv,LCK,Spring,0,,2024,Regular Season
LOLTMNT02_23223,2024_LoL_esports_match_data_from_OraclesElixir.csv,LCK,Spring,0,,2024,Regular Season
LOLTMNT02_24236,2024_LoL_esports_match_data_from_OraclesElixir.csv,LCK,Spring,0,,2024,Regular Season
LOLTMNT02_24257,2024_LoL_esports_match_data_from_OraclesElixir.csv,LCK,Spring,0,,2024,Regular Season
LOLTMNT02_26035,2024_LoL_esports_match_data_from_OraclesElixir.csv,LCK,Spring,0,,2024,Regular Season
LOLTMNT02_26046,2024_LoL_esports_match_data_from_OraclesElixir.csv,LCK,Spring,0,,2024,Regular Season
LOLTMNT02_25093,2024_LoL_esports_match_data_from_OraclesElixir.csv,LCK,Spring,0,,2024,Regular Season
LOLTMNT02_25120,2024_LoL_esports_match_data_from_OraclesElixir.csv,LCK,Spring,0,,2024,Regular Season
LOLTMNT02_26436,2024_LoL_esports_match_data_from_OraclesElixir.csv,LCK,Spring,0,,2024,Regular Season
LOLTMNT02_25456,2024_LoL_esports_match_data_from_OraclesElixir.csv,LCK,Spring,0,,2024,Regular Season
LOLTMNT02_25488,2024_LoL_esports_match_data_from_OraclesElixir.csv,LCK,Spring,0,,2024,Regular Season
LOLTMNT02_26523,2024_LoL_esports_match_data_from_OraclesElixir.csv,LCK,Spring,0,,2024,Regular Season
LOLTMNT02_26537,2024_LoL_esports_match_data_from_OraclesElixir.csv,LCK,Spring,0,,2024,Regular Season
LOLTMNT02_29043,2024_LoL_esports_match_data_from_OraclesElixir.csv,LCK,Spring,0,,2024,Regular Season
LOLTMNT02_29074,2024_LoL_esports_match_data_from_OraclesElixir.csv,LCK,Spring,0,,2024,Regular Season
LOLTMNT02_29105,2024_LoL_esports_match_data_from_OraclesElixir.csv,LCK,Spring,0,,2024,Regular Season
LOLTMNT02_29136,2024_LoL_esports_match_data_from_OraclesElixir.csv,LCK,Spring,0,,2024,Regular Season
LOLTMNT02_29165,2024_LoL_esports_match_data_from_OraclesElixir.csv,LCK,Spring,0,,2024,Regular Season
LOLTMNT02_29737,2024_LoL_esports_match_data_from_OraclesElixir.csv,LCK,Spring,0,,2024,Regular Season
LOLTMNT02_29757,2024_LoL_esports_match_data_from_OraclesElixir.csv,LCK,Spring,0,,2024,Regular Season
LOLTMNT02_29804,2024_LoL_esports_match_data_from_OraclesElixir.csv,LCK,Spring,0,,2024,Regular Season
LOLTMNT02_30776,2024_LoL_esports_match_data_from_OraclesElixir.csv,LCK,Spring,0,,2024,Regular Season
LOLTMNT02_32346,2024_LoL_esports_match_data_from_OraclesElixir.csv,LCK,Spring,0,,2024,Regular Season
LOLTMNT02_31412,2024_LoL_esports_match_data_from_OraclesElixir.csv,LCK,Spring,0,,2024,Regular Season
LOLTMNT02_31433,2024_LoL_esports_match_data_from_OraclesElixir.csv,LCK,Spring,0,,2024,Regular Season
LOLTMNT02_32443,2024_LoL_esports_match_data_from_OraclesElixir.csv,LCK,Spring,0,,2024,Regular Season
LOLTMNT02_31496,2024_LoL_esports_match_data_from_OraclesElixir.csv,LCK,Spring,0,,2024,Regular Season
LOLTMNT02_32510,2024_LoL_esports_match_data_from_OraclesElixir.csv,LCK,Spring,0,,2024,Regular Season
LOLTMNT02_31940,2024_LoL_esports_match_data_from_OraclesElixir.csv,LCK,Spring,0,,2024,Regular Season
LOLTMNT02_32961,2024_LoL_esports_match_data_from_OraclesElixir.csv,LCK,Spring,0,,2024,Regular Season
LOLTMNT02_31982,2024_LoL_esports_match_data_from_OraclesElixir.csv,LCK,Spring,0,,2024,Regular Season
LOLTMNT02_33033,2024_LoL_esports_match_data_from_OraclesElixir.csv,LCK,Spring,0,,2024,Regular Season
LOLTMNT02_34050,2024_LoL_esports_match_data_from_OraclesElixir.csv,LCK,Spring,0,,2024,Regular Season
LOLTMNT02_33438,2024_LoL_esports_match_data_from_OraclesElixir.csv,LCK,Spring,0,,2024,Regular Season
LOLTMNT02_34441,2024_LoL_esports_match_data_from_OraclesElixir.csv,LCK,Spring,0,,2024,Regular Season
LOLTMNT02_34469,2024_LoL_esports_match_data_from_OraclesElixir.csv,LCK,Spring,0,,2024,Regular Season
LOLTMNT02_33526,2024_LoL_esports_match_data_from_OraclesElixir.csv,LCK,Spring,0,,2024,Regular Season
LOLTMNT02_34511,2024_LoL_esports_match_data_from_OraclesElixir.csv,LCK,Spring,0,,2024,Regular Season
LOLTMNT02_38424,2024_LoL_esports_match_data_from_OraclesElixir.csv,LCK,Spring,0,,2024,Regular Season
LOLTMNT02_38442,2024_LoL_esports_match_data_from_OraclesElixir.csv,LCK,Spring,0,,2024,Regular Season
LOLTMNT02_37474,2024_LoL_esports_match_data_from_OraclesElixir.csv,LCK,Spring,0,,2024,Regular Season
LOLTMNT02_37499,2024_LoL_esports_match_data_from_OraclesElixir.csv,LCK,Spring,0,,2024,Regular Season
LOLTMNT02_37839,2024_LoL_esports_match_data_from_OraclesElixir.csv,LCK,Spring,0,,2024,Regular Season
LOLTMNT02_37841,2024_LoL_esports_match_data_from_OraclesElixir.csv,LCK,Spring,0,,2024,Regular Season
LOLTMNT02_38830,2024_LoL_esports_match_data_from_OraclesElixir.csv,LCK,Spring,0,,2024,Regular Season
LOLTMNT02_38839,2024_LoL_esports_match_data_from_OraclesElixir.csv,LCK,Spring,0,,2024,Regular Season
LOLTMNT02_37886,2024_LoL_esports_match_data_from_OraclesElixir.csv,LCK,Spring,0,,2024,Regular Season
LOLTMNT02_41039,2024_LoL_esports_match_data_from_OraclesElixir.csv,LCK,Spring,0,,2024,Regular Season
LOLTMNT02_41040,2024_LoL_esports_match_data_from_OraclesElixir.csv,LCK,Spring,0,,2024,Regular Season
LOLTMNT02_42068,2024_LoL_esports_match_data_from_OraclesElixir.csv,LCK,Spring,0,,2024,Regular Season
LOLTMNT02_41061,2024_LoL_esports_match_data_from_OraclesElixir.csv,LCK,Spring,0,,2024,Regular Season
LOLTMNT02_41171,2024_LoL_esports_match_data_from_OraclesElixir.csv,LCK,Spring,0,,2024,Regular Season
LOLTMNT02_42189,2024_LoL_esports_match_data_from_OraclesElixir.csv,LCK,Spring,0,,2024,Regular Season
LOLTMNT02_41177,2024_LoL_esports_match_data_from_OraclesElixir.csv,LCK,Spring,0,,2024,Regular Season
LOLTMNT02_42207,2024_LoL_esports_match_data_from_OraclesElixir.csv,LCK,Spring,0,,2024,Regular Season
LOLTMNT02_42209,2024_LoL_esports_match_data_from_OraclesElixir.csv,LCK,Spring,0,,2024,Regular Season
LOLTMNT02_42257,2024_LoL_esports_match_data_from_OraclesElixir.csv,LCK,Spring,0,,2024,Regular Season
LOLTMNT02_41262,2024_LoL_esports_match_data_from_OraclesElixir.csv,LCK,Spring,0,,2024,Regular Season
LOLTMNT02_42258,2024_LoL_esports_match_data_from_OraclesElixir.csv,LCK,Spring,0,,2024,Regular Season
LOLTMNT02_41281,2024_LoL_esports_match_data_from_OraclesElixir.csv,LCK,Spring,0,,2024,Regular Season
LOLTMNT02_42276,2024_LoL_esports_match_data_from_OraclesElixir.csv,LCK,Spring,0,,2024,Regular Season
LOLTMNT01_55642,2024_LoL_esports_match_data_from_OraclesElixir.csv,LCK,Spring,0,,2024,Regular Season
LOLTMNT01_56440,2024_LoL_esports_match_data_from_OraclesElixir.csv,LCK,Spring,0,,2024,Regular Season
LOLTMNT01_55683,2024_LoL_esports_match_data_from_OraclesElixir.csv,LCK,Spring,0,,2024,Regular Season
LOLTMNT01_55709,2024_LoL_esports_match_data_from_OraclesElixir.csv,LCK,Spring,0,,2024,Regular Season
LOLTMNT01_57068,2024_LoL_esports_match_data_from_OraclesElixir.csv,LCK,Spring,0,,2024,Regular Season
LOLTMNT01_56898,2024_LoL_esports_match_data_from_OraclesElixir.csv,LCK,Spring,0,,2024,Regular Season
LOLTMNT01_57117,2024_LoL_esports_match_data_from_OraclesElixir.csv,LCK,Spring,0,,2024,Regular Season
LOLTMNT01_57141,2024_LoL_esports_match_data_from_OraclesElixir.csv,LCK,Spring,0,,2024,Regular Season
LOLTMNT01_58248,2024_LoL_esports_match_data_from_OraclesElixir.csv,LCK,Spring,0,,2024,Regular Season
LOLTMNT01_59105,2024_LoL_esports_match_data_from_OraclesElixir.csv,LCK,Spring,0,,2024,Regular Season
LOLTMNT01_59130,2024_LoL_esports_match_data_from_OraclesElixir.csv,LCK,Spring,0,,2024,Regular Season
LOLTMNT01_58334,2024_LoL_esports_match_data_from_OraclesElixir.csv,LCK,Spring,0,,2024,Regular Season
LOLTMNT01_59177,2024_LoL_esports_match_data_from_OraclesElixir.csv,LCK,Spring,0,,2024,Regular Season
LOLTMNT01_58454,2024_LoL_esports_match_data_from_OraclesElixir.csv,LCK,Spring,0,,2024,Regular Season
LOLTMNT01_58466,2024_LoL_esports_match_data_from_OraclesElixir.csv,LCK,Spring,0,,2024,Regular Season
LOLTMNT01_58502,2024_LoL_esports_match_data_from_OraclesElixir.csv,LCK,Spring,0,,2024,Regular Season
LOLTMNT01_59378,2024_LoL_esports_match_data_from_OraclesElixir.csv,LCK,Spring,0,,2024,Regular Season
LOLTMNT01_58693,2024_LoL_esports_match_data_from_OraclesElixir.csv,LCK,Spring,0,,2024,Regular Season
LOLTMNT01_59546,2024_LoL_esports_match_data_from_OraclesElixir.csv,LCK,Spring,0,,2024,Regular Season
LOLTMNT01_59570,2024_LoL_esports_match_data_from_OraclesElixir.csv,LCK,Spring,0,,2024,Regular Season
LOLTMNT01_58738,2024_LoL_esports_match_data_from_OraclesElixir.csv,LCK,Spring,0,,2024,Regular Season
LOLTMNT02_52081,2024_LoL_esports_match_data_from_OraclesElixir.csv,LCK,Spring,0,,2024,Regular Season
LOLTMNT02_52097,2024_LoL_esports_match_data_from_OraclesElixir.csv,LCK,Spring,0,,2024,Regular Season
LOLTMNT02_52104,2024_LoL_esports_match_data_from_OraclesElixir.csv,LCK,Spring,0,,2024,Regular Season
LOLTMNT02_52146,2024_LoL_esports_match_data_from_OraclesElixir.csv,LCK,Spring,0,,2024,Regular Season
LOLTMNT02_53024,2024_LoL_esports_match_data_from_OraclesElixir.csv,LCK,Spring,0,,2024,Regular Season
LOLTMNT02_53518,2024_LoL_esports_match_data_from_OraclesElixir.csv,LCK,Spring,0,,2024,Regular Season
LOLTMNT02_52683,2024_LoL_esports_match_data_from_OraclesElixir.csv,LCK,Spring,0,,2024,Regular Season
LOLTMNT02_53568,2024_LoL_esports_match_data_from_OraclesElixir.csv,LCK,Spring,0,,2024,Regular Season
LOLTMNT02_53589,2024_LoL_esports_match_data_from_OraclesElixir.csv,LCK,Spring,0,,2024,Regular Season
LOLTMNT02_55054,2024_LoL_esports_match_data_from_OraclesElixir.csv,LCK,Spring,0,,2024,Regular Season
LOLTMNT02_55082,2024_LoL_esports_match_data_from_OraclesElixir.csv,LCK,Spring,0,,2024,Regular Season
LOLTMNT02_54260,2024_LoL_esports_match_data_from_OraclesElixir.csv,LCK,Spring,0,,2024,Regular Season
LOLTMNT02_54309,2024_LoL_esports_match_data_from_OraclesElixir.csv,LCK,Spring,0,,2024,Regular Season
LOLTMNT02_54335,2024_LoL_esports_match_data_from_OraclesElixir.csv,LCK,Spring,0,,2024,Regular Season
LOLTMNT02_55559,2024_LoL_esports_match_data_from_OraclesElixir.csv,LCK,Spring,0,,2024,Regular Season
LOLTMNT02_55581,2024_LoL_esports_match_data_from_OraclesElixir.csv,LCK,Spring,0,,2024,Regular Season
LOLTMNT02_55608,2024_LoL_esports_match_data_from_OraclesElixir.csv,LCK,Spring,0,,2024,Regular Season
LOLTMNT02_55648,2024_LoL_esports_match_data_from_OraclesElixir.csv,LCK,Spring,0,,2024,Regular Season
LOLTMNT02_57040,2024_LoL_esports_match_data_from_OraclesElixir.csv,LCK,Spring,0,,2024,Regular Season
LOLTMNT05_23416,2024_LoL_esports_match_data_from_OraclesElixir.csv,LCK,Spring,0,,2024,Regular Season
LOLTMNT05_22318,2024_LoL_esports_match_data_from_OraclesElixir.csv,LCK,Spring,0,,2024,Regular Season
LOLTMNT02_56629,2024_LoL_esports_match_data_from_OraclesElixir.csv,LCK,Spring,0,,2024,Regular Season
LOLTMNT02_57594,2024_LoL_esports_match_data_from_OraclesElixir.csv,LCK,Spring,0,,2024,Regular Season
LOLTMNT02_56660,2024_LoL_esports_match_data_from_OraclesElixir.csv,LCK,Spring,0,,2024,Regular Season
LOLTMNT02_58682,2024_LoL_esports_match_data_from_OraclesElixir.csv,LCK,Spring,0,,2024,Regular Season
LOLTMNT02_59611,2024_LoL_esports_match_data_from_OraclesElixir.csv,LCK,Spring,0,,2024,Regular Season
LOLTMNT02_58729,2024_LoL_esports_match_data_from_OraclesElixir.csv,LCK,Spring,0,,2024,Regular Season
LOLTMNT02_59735,2024_LoL_esports_match_data_from_OraclesElixir.csv,LCK,Spring,0,,2024,Regular Season
LOLTMNT02_60097,2024_LoL_esports_match_data_from_OraclesElixir.csv,LCK,Spring,0,,2024,Regular Season
LOLTMNT02_60111,2024_LoL_esports_match_data_from_OraclesElixir.csv,LCK,Spring,0,,2024,Regular Season
LOLTMNT02_61137,2024_LoL_esports_match_data_from_OraclesElixir.csv,LCK,Spring,0,,2024,Regular Season
LOLTMNT02_60170,2024_LoL_esports_match_data_from_OraclesElixir.csv,LCK,Spring,0,,2024,Regular Season
LOLTMNT02_61171,2024_LoL_esports_match_data_from_OraclesElixir.csv,LCK,Spring,0,,2024,Regular Season
LOLTMNT02_61503,2024_LoL_esports_match_data_from_OraclesElixir.csv,LCK,Spring,0,,2024,Regular Season
LOLTMNT02_61525,2024_LoL_esports_match_data_from_OraclesElixir.csv,LCK,Spring,0,,2024,Regular Season
LOLTMNT02_61530,2024_LoL_esports_match_data_from_OraclesElixir.csv,LCK,Spring,0,,2024,Regular Season
LOLTMNT02_61569,2024_LoL_esports_match_data_from_OraclesElixir.csv,LCK,Spring,0,,2024,Regular Season
LOLTMNT02_61595,2024_LoL_esports_match_data_from_OraclesElixir.csv,LCK,Spring,0,,2024,Regular Season
LOLTMNT02_63137,2024_LoL_esports_match_data_from_OraclesElixir.csv,LCK,Spring,0,,2024,Regular Season
LOLTMNT02_62151,2024_LoL_esports_match_data_from_OraclesElixir.csv,LCK,Spring,0,,2024,Regular Season
LOLTMNT02_62157,2024_LoL_esports_match_data_from_OraclesElixir.csv,LCK,Spring,0,,2024,Regular Season
LOLTMNT02_63186,2024_LoL_esports_match_data_from_OraclesElixir.csv,LCK,Spring,0,,2024,Regular Season
LOLTMNT02_62190,2024_LoL_esports_match_data_from_OraclesElixir.csv,LCK,Spring,0,,2024,Regular Season
LOLTMNT02_63383,2024_LoL_esports_match_data_from_OraclesElixir.csv,LCK,Spring,0,,2024,Regular Season
LOLTMNT02_63386,2024_LoL_esports_match_data_from_OraclesElixir.csv,LCK,Spring,0,,2024,Regular Season
LOLTMNT02_62374,2024_LoL_esports_match_data_from_OraclesElixir.csv,LCK,Spring,0,,2024,Regular Season
LOLTMNT02_63419,2024_LoL_esports_match_data_from_OraclesElixir.csv,LCK,Spring,0,,2024,Regular Season
LOLTMNT02_63428,2024_LoL_esports_match_data_from_OraclesElixir.csv,LCK,Spring,0,,2024,Regular Season
LOLTMNT03_48260,2024_LoL_esports_match_data_from_OraclesElixir.csv,LCK,Spring,0,,2024,Regular Season
LOLTMNT03_48267,2024_LoL_esports_match_data_from_OraclesElixir.csv,LCK,Spring,0,,2024,Regular Season
LOLTMNT03_49237,2024_LoL_esports_match_data_from_OraclesElixir.csv,LCK,Spring,0,,2024,Regular Season
LOLTMNT03_48296,2024_LoL_esports_match_data_from_OraclesElixir.csv,LCK,Spring,0,,2024,Regular Season
LOLTMNT03_48298,2024_LoL_esports_match_data_from_OraclesElixir.csv,LCK,Spring,0,,2024,Regular Season
LOLTMNT03_49696,2024_LoL_esports_match_data_from_OraclesElixir.csv,LCK,Spring,0,,2024,Regular Season
LOLTMNT03_48739,2024_LoL_esports_match_data_from_OraclesElixir.csv,LCK,Spring,0,,2024,Regular Season
LOLTMNT03_49732,2024_LoL_esports_match_data_from_OraclesElixir.csv,LCK,Spring,0,,2024,Regular Season
LOLTMNT03_48767,2024_LoL_esports_match_data_from_OraclesElixir.csv,LCK,Spring,0,,2024,Regular Season
LOLTMNT03_50149,2024_LoL_esports_match_data_from_OraclesElixir.csv,LCK,Spring,0,,2024,Regular Season
LOLTMNT03_50154,2024_LoL_esports_match_data_from_OraclesElixir.csv,LCK,Spring,0,,2024,Regular Season
LOLTMNT03_50179,2024_LoL_esports_match_data_from_OraclesElixir.csv,LCK,Spring,0,,2024,Regular Season
LOLTMNT03_50183,2024_LoL_esports_match_data_from_OraclesElixir.csv,LCK,Spring,0,,2024,Regular Season
LOLTMNT03_50419,2024_LoL_esports_match_data_from_OraclesElixir.csv,LCK,Spring,0,,2024,Regular Season
LOLTMNT03_51351,2024_LoL_esports_match_data_from_OraclesElixir.csv,LCK,Spring,0,,2024,Regular Season
LOLTMNT03_51376,2024_LoL_esports_match_data_from_OraclesElixir.csv,LCK,Spring,0,,2024,Regular Season
LOLTMNT03_50454,2024_LoL_esports_match_data_from_OraclesElixir.csv,LCK,Spring,0,,2024,Regular Season
LOLTMNT03_51631,2024_LoL_esports_match_data_from_OraclesElixir.csv,LCK,Spring,0,,2024,Regular Season
LOLTMNT03_51637,2024_LoL_esports_match_data_from_OraclesElixir.csv,LCK,Spring,0,,2024,Regular Season
LOLTMNT03_50744,2024_LoL_esports_match_data_from_OraclesElixir.csv,LCK,Spring,0,,2024,Regular Season
LOLTMNT03_51663,2024_LoL_esports_match_data_from_OraclesElixir.csv,LCK,Spring,0,,2024,Regular Season
LOLTMNT03_50768,2024_LoL_esports_match_data_from_OraclesElixir.csv,LCK,Spring,0,,2024,Regular Season
LOLTMNT03_50770,2024_LoL_esports_match_data_from_OraclesElixir.csv,LCK,Spring,0,,2024,Regular Season
LOLTMNT03_52759,2024_LoL_esports_match_data_from_OraclesElixir.csv,LCK,Spring,0,,2024,Regular Season
LOLTMNT03_52764,2024_LoL_esports_match_data_from_OraclesElixir.csv,LCK,Spring,0,,2024,Regular Season
LOLTMNT03_52770,2024_LoL_esports_match_data_from_OraclesElixir.csv,LCK,Spring,0,,2024,Regular Season
LOLTMNT03_52805,2024_LoL_esports_match_data_from_OraclesElixir.csv,LCK,Spring,0,,2024,Regular Season
LOLTMNT03_52814,2024_LoL_esports_match_data_from_OraclesElixir.csv,LCK,Spring,0,,2024,Regular Season
LOLTMNT03_54407,2024_LoL_esports_match_data_from_OraclesElixir.csv,LCK,Spring,0,,2024,Regular Season
LOLTMNT03_55029,2024_LoL_esports_match_data_from_OraclesElixir.csv,LCK,Spring,0,,2024,Regular Season
LOLTMNT03_55045,2024_LoL_esports_match_data_from_OraclesElixir.csv,LCK,Spring,0,,2024,Regular Season
LOLTMNT03_55054,2024_LoL_esports_match_data_from_OraclesElixir.csv,LCK,Spring,0,,2024,Regular Season
LOLTMNT03_55288,2024_LoL_esports_match_data_from_OraclesElixir.csv,LCK,Spring,0,,2024,Regular Season
LOLTMNT03_55290,2024_LoL_esports_match_data_from_OraclesElixir.csv,LCK,Spring,0,,2024,Regular Season
LOLTMNT03_55307,2024_LoL_esports_match_data_from_OraclesElixir.csv,LCK,Spring,0,,2024,Regular Season
LOLTMNT03_55310,2024_LoL_esports_match_data_from_OraclesElixir.csv,LCK,Spring,0,,2024,Regular Season
LOLTMNT03_55313,2024_LoL_esports_match_data_from_OraclesElixir.csv,LCK,Spring,0,,2024,Regular Season
LOLTMNT03_54813,2024_LoL_esports_match_data_from_OraclesElixir.csv,LCK,Spring,0,,2024,Regular Season
LOLTMNT03_54815,2024_LoL_esports_match_data_from_OraclesElixir.csv,LCK,Spring,0,,2024,Regular Season
LOLTMNT03_54816,2024_LoL_esports_match_data_from_OraclesElixir.csv,LCK,Spring,0,,2024,Regular Season
LOLTMNT03_55456,2024_LoL_esports_match_data_from_OraclesElixir.csv,LCK,Spring,0,,2024,Regular Season
LOLTMNT03_55468,2024_LoL_esports_match_data_from_OraclesElixir.csv,LCK,Spring,0,,2024,Regular Season
LOLTMNT03_54852,2024_LoL_esports_match_data_from_OraclesElixir.csv,LCK,Spring,0,,2024,Regular Season
LOLTMNT03_54926,2024_LoL_esports_match_data_from_OraclesElixir.csv,LCK,Spring,0,,2024,Regular Season
LOLTMNT03_55561,2024_LoL_esports_match_data_from_OraclesElixir.csv,LCK,Spring,0,,2024,Regular Season
LOLTMNT03_54927,2024_LoL_esports_match_data_from_OraclesElixir.csv,LCK,Spring,0,,2024,Regular Season
LOLTMNT03_54940,2024_LoL_esports_match_data_from_OraclesElixir.csv,LCK,Spring,0,,2024,Regular Season
LOLTMNT03_55575,2024_LoL_esports_match_data_from_OraclesElixir.csv,LCK,Spring,0,,2024,Regular Season
LOLTMNT03_55576,2024_LoL_esports_match_data_from_OraclesElixir.csv,LCK,Spring,0,,2024,Regular Season
LOLTMNT01_71870,2024_LoL_esports_match_data_from_OraclesElixir.csv,LCK,Spring,0,,2024,Regular Season
LOLTMNT01_71886,2024_LoL_esports_match_data_from_OraclesElixir.csv,LCK,Spring,0,,2024,Regular Season
LOLTMNT01_72528,2024_LoL_esports_match_data_from_OraclesElixir.csv,LCK,Spring,0,,2024,Regular Season
LOLTMNT01_71936,2024_LoL_esports_match_data_from_OraclesElixir.csv,LCK,Spring,0,,2024,Regular Season
LOLTMNT01_73507,2024_LoL_esports_match_data_from_OraclesElixir.csv,LCK,Spring,0,,2024,Regular Season
LOLTMNT01_73526,2024_LoL_esports_match_data_from_OraclesElixir.csv,LCK,Spring,0,,2024,Regular Season
LOLTMNT01_74146,2024_LoL_esports_match_data_from_OraclesElixir.csv,LCK,Spring,0,,2024,Regular Season
LOLTMNT01_73567,2024_LoL_esports_match_data_from_OraclesElixir.csv,LCK,Spring,0,,2024,Regular Season
LOLTMNT01_74214,2024_LoL_esports_match_data_from_OraclesElixir.csv,LCK,Spring,0,,2024,Regular Season
LOLTMNT01_74596,2024_LoL_esports_match_data_from_OraclesElixir.csv,LCK,Spring,0,,2024,Regular Season
LOLTMNT01_73984,2024_LoL_esports_match_data_from_OraclesElixir.csv,LCK,Spring,0,,2024,Regular Season
LOLTMNT01_75019,2024_LoL_esports_match_data_from_OraclesElixir.csv,LCK,Spring,0,,2024,Regular Season
LOLTMNT01_74666,2024_LoL_esports_match_data_from_OraclesElixir.csv,LCK,Spring,0,,2024,Regular Season
LOLTMNT01_75058,2024_LoL_esports_match_data_from_OraclesElixir.csv,LCK,Spring,0,,2024,Regular Season
LOLTMNT01_74964,2024_LoL_esports_match_data_from_OraclesElixir.csv,LCK,Spring,0,,2024,Regular Season
LOLTMNT01_74980,2024_LoL_esports_match_data_from_OraclesElixir.csv,LCK,Spring,0,,2024,Regular Season
LOLTMNT01_76009,2024_LoL_esports_match_data_from_OraclesElixir.csv,LCK,Spring,0,,2024,Regular Season
LOLTMNT01_75436,2024_LoL_esports_match_data_from_OraclesElixir.csv,LCK,Spring,0,,2024,Regular Season
LOLTMNT01_75730,2024_LoL_esports_match_data_from_OraclesElixir.csv,LCK,Spring,0,,2024,Regular Season
LOLTMNT01_76378,2024_LoL_esports_match_data_from_OraclesElixir.csv,LCK,Spring,0,,2024,Regular Season
LOLTMNT01_76402,2024_LoL_esports_match_data_from_OraclesElixir.csv,LCK,Spring,0,,2024,Regular Season
LOLTMNT01_76429,2024_LoL_esports_match_data_from_OraclesElixir.csv,LCK,Spring,0,,2024,Regular Season
LOLTMNT02_66852,2024_LoL_esports_match_data_from_OraclesElixir.csv,LCK,Spring,1,,2024,Playoff
LOLTMNT02_67822,2024_LoL_esports_match_data_from_OraclesElixir.csv,LCK,Spring,1,,2024,Playoff
LOLTMNT02_67823,2024_LoL_esports_match_data_from_OraclesElixir.csv,LCK,Spring,1,,2024,Playoff
LOLTMNT02_67954,2024_LoL_esports_match_data_from_OraclesElixir.csv,LCK,Spring,1,,2024,Playoff
LOLTMNT02_66981,2024_LoL_esports_match_data_from_OraclesElixir.csv,LCK,Spring,1,,2024,Playoff
LOLTMNT02_66984,2024_LoL_esports_match_data_from_OraclesElixir.csv,LCK,Spring,1,,2024,Playoff
LOLTMNT02_67961,2024_LoL_esports_match_data_from_OraclesElixir.csv,LCK,Spring,1,,2024,Playoff
LOLTMNT02_66986,2024_LoL_esports_match_data_from_OraclesElixir.csv,LCK,Spring,1,,2024,Playoff
LOLTMNT02_69557,2024_LoL_esports_match_data_from_OraclesElixir.csv,LCK,Spring,1,,2024,Playoff
LOLTMNT02_68560,2024_LoL_esports_match_data_from_OraclesElixir.csv,LCK,Spring,1,,2024,Playoff
LOLTMNT02_69562,2024_LoL_esports_match_data_from_OraclesElixir.csv,LCK,Spring,1,,2024,Playoff
LOLTMNT02_69563,2024_LoL_esports_match_data_from_OraclesElixir.csv,LCK,Spring,1,,2024,Playoff
LOLTMNT02_69570,2024_LoL_esports_match_data_from_OraclesElixir.csv,LCK,Spring,1,,2024,Playoff
LOLTMNT02_68790,2024_LoL_esports_match_data_from_OraclesElixir.csv,LCK,Spring,1,,2024,Playoff
LOLTMNT02_69796,2024_LoL_esports_match_data_from_OraclesElixir.csv,LCK,Spring,1,,2024,Playoff
LOLTMNT02_69799,2024_LoL_esports_match_data_from_OraclesElixir.csv,LCK,Spring,1,,2024,Playoff
LOLTMNT02_70202,2024_LoL_esports_match_data_from_OraclesElixir.csv,LCK,Spring,1,,2024,Playoff
LOLTMNT02_71173,2024_LoL_esports_match_data_from_OraclesElixir.csv,LCK,Spring,1,,2024,Playoff
LOLTMNT02_71199,2024_LoL_esports_match_data_from_OraclesElixir.csv,LCK,Spring,1,,2024,Playoff
LOLTMNT02_71247,2024_LoL_esports_match_data_from_OraclesElixir.csv,LCK,Spring,1,,2024,Playoff
LOLTMNT02_71448,2024_LoL_esports_match_data_from_OraclesElixir.csv,LCK,Spring,1,,2024,Playoff
LOLTMNT02_71450,2024_LoL_esports_match_data_from_OraclesElixir.csv,LCK,Spring,1,,2024,Playoff
LOLTMNT02_71456,2024_LoL_esports_match_data_from_OraclesElixir.csv,LCK,Spring,1,,2024,Playoff
LOLTMNT02_75115,2024_LoL_esports_match_data_from_OraclesElixir.csv,LCK,Spring,1,,2024,Playoff
LOLTMNT02_76094,2024_LoL_esports_match_data_from_OraclesElixir.csv,LCK,Spring,1,,2024,Playoff
LOLTMNT02_75116,2024_LoL_esports_match_data_from_OraclesElixir.csv,LCK,Spring,1,,2024,Playoff
LOLTMNT02_76095,2024_LoL_esports_match_data_from_OraclesElixir.csv,LCK,Spring,1,,2024,Playoff
LOLTMNT02_76144,2024_LoL_esports_match_data_from_OraclesElixir.csv,LCK,Spring,1,,2024,Playoff
LOLTMNT02_76145,2024_LoL_esports_match_data_from_OraclesElixir.csv,LCK,Spring,1,,2024,Playoff
LOLTMNT02_76146,2024_LoL_esports_match_data_from_OraclesElixir.csv,LCK,Spring,1,,2024,Playoff
LOLTMNT02_76147,2024_LoL_esports_match_data_from_OraclesElixir.csv,LCK,Spring,1,,2024,Playoff
LOLTMNT02_76148,2024_LoL_esports_match_data_from_OraclesElixir.csv,LCK,Spring,1,,2024,Playoff
LOLTMNT01_120250,2024_LoL_esports_match_data_from_OraclesElixir.csv,LCK,Summer,0,,2024,Regular Season
LOLTMNT01_119339,2024_LoL_esports_match_data_from_OraclesElixir.csv,LCK,Summer,0,,2024,Regular Season
LOLTMNT01_119358,2024_LoL_esports_match_data_from_OraclesElixir.csv,LCK,Summer,0,,2024,Regular Season
LOLTMNT01_119446,2024_LoL_esports_match_data_from_OraclesElixir.csv,LCK,Summer,0,,2024,Regular Season
LOLTMNT01_119481,2024_LoL_esports_match_data_from_OraclesElixir.csv,LCK,Summer,0,,2024,Regular Season
LOLTMNT01_120436,2024_LoL_esports_match_data_from_OraclesElixir.csv,LCK,Summer,0,,2024,Regular Season
LOLTMNT01_122073,2024_LoL_esports_match_data_from_OraclesElixir.csv,LCK,Summer,0,,2024,Regular Season
LOLTMNT01_121156,2024_LoL_esports_match_data_from_OraclesElixir.csv,LCK,Summer,0,,2024,Regular Season
LOLTMNT01_121204,2024_LoL_esports_match_data_from_OraclesElixir.csv,LCK,Summer,0,,2024,Regular Season
LOLTMNT01_121238,2024_LoL_esports_match_data_from_OraclesElixir.csv,LCK,Summer,0,,2024,Regular Season
LOLTMNT01_122184,2024_LoL_esports_match_data_from_OraclesElixir.csv,LCK,Summer,0,,2024,Regular Season
LOLTMNT01_123488,2024_LoL_esports_match_data_from_OraclesElixir.csv,LCK,Summer,0,,2024,Regular Season
LOLTMNT01_125494,2024_LoL_esports_match_data_from_OraclesElixir.csv,LCK,Summer,0,,2024,Regular Season
LOLTMNT01_123547,2024_LoL_esports_match_data_from_OraclesElixir.csv,LCK,Summer,0,,2024,Regular Season
LOLTMNT01_125566,2024_LoL_esports_match_data_from_OraclesElixir.csv,LCK,Summer,0,,2024,Regular Season
LOLTMNT01_126054,2024_LoL_esports_match_data_from_OraclesElixir.csv,LCK,Summer,0,,2024,Regular Season
LOLTMNT01_127037,2024_LoL_esports_match_data_from_OraclesElixir.csv,LCK,Summer,0,,2024,Regular Season
LOLTMNT01_126081,2024_LoL_esports_match_data_from_OraclesElixir.csv,LCK,Summer,0,,2024,Regular Season
LOLTMNT01_127114,2024_LoL_esports_match_data_from_OraclesElixir.csv,LCK,Summer,0,,2024,Regular Season
LOLTMNT01_127122,2024_LoL_esports_match_data_from_OraclesElixir.csv,LCK,Summer,0,,2024,Regular Season
LOLTMNT01_126176,2024_LoL_esports_match_data_from_OraclesElixir.csv,LCK,Summer,0,,2024,Regular Season
LOLTMNT01_127469,2024_LoL_esports_match_data_from_OraclesElixir.csv,LCK,Summer,0,,2024,Regular Season
LOLTMNT01_127475,2024_LoL_esports_match_data_from_OraclesElixir.csv,LCK,Summer,0,,2024,Regular Season
LOLTMNT01_126521,2024_LoL_esports_match_data_from_OraclesElixir.csv,LCK,Summer,0,,2024,Regular Season
LOLTMNT01_126562,2024_LoL_esports_match_data_from_OraclesElixir.csv,LCK,Summer,0,,2024,Regular Season
LOLTMNT01_126571,2024_LoL_esports_match_data_from_OraclesElixir.csv,LCK,Summer,0,,2024,Regular Season
LOLTMNT02_108451,2024_LoL_esports_match_data_from_OraclesElixir.csv,LCK,Summer,0,,2024,Regular Season
LOLTMNT02_109469,2024_LoL_esports_match_data_from_OraclesElixir.csv,LCK,Summer,0,,2024,Regular Season
LOLTMNT02_108532,2024_LoL_esports_match_data_from_OraclesElixir.csv,LCK,Summer,0,,2024,Regular Season
LOLTMNT02_108563,2024_LoL_esports_match_data_from_OraclesElixir.csv,LCK,Summer,0,,2024,Regular Season
LOLTMNT02_110020,2024_LoL_esports_match_data_from_OraclesElixir.csv,LCK,Summer,0,,2024,Regular Season
LOLTMNT02_110032,2024_LoL_esports_match_data_from_OraclesElixir.csv,LCK,Summer,0,,2024,Regular Season
LOLTMNT02_111045,2024_LoL_esports_match_data_from_OraclesElixir.csv,LCK,Summer,0,,2024,Regular Season
LOLTMNT02_110137,2024_LoL_esports_match_data_from_OraclesElixir.csv,LCK,Summer,0,,2024,Regular Season
LOLTMNT02_110673,2024_LoL_esports_match_data_from_OraclesElixir.csv,LCK,Summer,0,,2024,Regular Season
LOLTMNT02_111598,2024_LoL_esports_match_data_from_OraclesElixir.csv,LCK,Summer,0,,2024,Regular Season
LOLTMNT02_110747,2024_LoL_esports_match_data_from_OraclesElixir.csv,LCK,Summer,0,,2024,Regular Season
LOLTMNT02_111684,2024_LoL_esports_match_data_from_OraclesElixir.csv,LCK,Summer,0,,2024,Regular Season
LOLTMNT02_110815,2024_LoL_esports_match_data_from_OraclesElixir.csv,LCK,Summer,0,,2024,Regular Season
LOLTMNT02_112272,2024_LoL_esports_match_data_from_OraclesElixir.csv,LCK,Summer,0,,2024,Regular Season
LOLTMNT02_113368,2024_LoL_esports_match_data_from_OraclesElixir.csv,LCK,Summer,0,,2024,Regular Season
LOLTMNT02_112296,2024_LoL_esports_match_data_from_OraclesElixir.csv,LCK,Summer,0,,2024,Regular Season
LOLTMNT02_113473,2024_LoL_esports_match_data_from_OraclesElixir.csv,LCK,Summer,0,,2024,Regular Season
LOLTMNT02_112437,2024_LoL_esports_match_data_from_OraclesElixir.csv,LCK,Summer,0,,2024,Regular Season
LOLTMNT02_115076,2024_LoL_esports_match_data_from_OraclesElixir.csv,LCK,Summer,0,,2024,Regular Season
LOLTMNT02_114102,2024_LoL_esports_match_data_from_OraclesElixir.csv,LCK,Summer,0,,2024,Regular Season
LOLTMNT02_115135,2024_LoL_esports_match_data_from_OraclesElixir.csv,LCK,Summer,0,,2024,Regular Season
LOLTMNT02_115161,2024_LoL_esports_match_data_from_OraclesElixir.csv,LCK,Summer,0,,2024,Regular Season
LOLTMNT02_122032,2024_LoL_esports_match_data_from_OraclesElixir.csv,LCK,Summer,0,,2024,Regular Season
LOLTMNT02_122043,2024_LoL_esports_match_data_from_OraclesElixir.csv,LCK,Summer,0,,2024,Regular Season
LOLTMNT02_121098,2024_LoL_esports_match_data_from_OraclesElixir.csv,LCK,Summer,0,,2024,Regular Season
LOLTMNT02_121147,2024_LoL_esports_match_data_from_OraclesElixir.csv,LCK,Summer,0,,2024,Regular Season
LOLTMNT02_121685,2024_LoL_esports_match_data_from_OraclesElixir.csv,LCK,Summer,0,,2024,Regular Season
LOLTMNT02_122697,2024_LoL_esports_match_data_from_OraclesElixir.csv,LCK,Summer,0,,2024,Regular Season
LOLTMNT02_122734,2024_LoL_esports_match_data_from_OraclesElixir.csv,LCK,Summer,0,,2024,Regular Season
LOLTMNT02_121766,2024_LoL_esports_match_data_from_OraclesElixir.csv,LCK,Summer,0,,2024,Regular Season
LOLTMNT02_121789,2024_LoL_esports_match_data_from_OraclesElixir.csv,LCK,Summer,0,,2024,Regular Season
LOLTMNT02_123240,2024_LoL_esports_match_data_from_OraclesElixir.csv,LCK,Summer,0,,2024,Regular Season
LOLTMNT02_124259,2024_LoL_esports_match_data_from_OraclesElixir.csv,LCK,Summer,0,,2024,Regular Season
LOLTMNT02_124329,2024_LoL_esports_match_data_from_OraclesElixir.csv,LCK,Summer,0,,2024,Regular Season
LOLTMNT02_124348,2024_LoL_esports_match_data_from_OraclesElixir.csv,LCK,Summer,0,,2024,Regular Season
LOLTMNT02_127393,2024_LoL_esports_match_data_from_OraclesElixir.csv,LCK,Summer,0,,2024,Regular Season
LOLTMNT02_127404,2024_LoL_esports_match_data_from_OraclesElixir.csv,LCK,Summer,0,,2024,Regular Season
LOLTMNT02_129445,2024_LoL_esports_match_data_from_OraclesElixir.csv,LCK,Summer,0,,2024,Regular Season
LOLTMNT02_127490,2024_LoL_esports_match_data_from_OraclesElixir.csv,LCK,Summer,0,,2024,Regular Season
LOLTMNT02_127527,2024_LoL_esports_match_data_from_OraclesElixir.csv,LCK,Summer,0,,2024,Regular Season
LOLTMNT02_127882,2024_LoL_esports_match_data_from_OraclesElixir.csv,LCK,Summer,0,,2024,Regular Season
LOLTMNT02_127890,2024_LoL_esports_match_data_from_OraclesElixir.csv,LCK,Summer,0,,2024,Regular Season
LOLTMNT02_127929,2024_LoL_esports_match_data_from_OraclesElixir.csv,LCK,Summer,0,,2024,Regular Season
LOLTMNT02_129922,2024_LoL_esports_match_data_from_OraclesElixir.csv,LCK,Summer,0,,2024,Regular Season
LOLTMNT02_129943,2024_LoL_esports_match_data_from_OraclesElixir.csv,LCK,Summer,0,,2024,Regular Season
LOLTMNT03_115479,2024_LoL_esports_match_data_from_OraclesElixir.csv,LCK,Summer,0,,2024,Regular Season
LOLTMNT03_116496,2024_LoL_esports_match_data_from_OraclesElixir.csv,LCK,Summer,0,,2024,Regular Season
LOLTMNT03_116507,2024_LoL_esports_match_data_from_OraclesElixir.csv,LCK,Summer,0,,2024,Regular Season
LOLTMNT03_115546,2024_LoL_esports_match_data_from_OraclesElixir.csv,LCK,Summer,0,,2024,Regular Season
LOLTMNT03_116572,2024_LoL_esports_match_data_from_OraclesElixir.csv,LCK,Summer,0,,2024,Regular Season
LOLTMNT03_117142,2024_LoL_esports_match_data_from_OraclesElixir.csv,LCK,Summer,0,,2024,Regular Season
LOLTMNT03_118135,2024_LoL_esports_match_data_from_OraclesElixir.csv,LCK,Summer,0,,2024,Regular Season
LOLTMNT03_118169,2024_LoL_esports_match_data_from_OraclesElixir.csv,LCK,Summer,0,,2024,Regular Season
LOLTMNT03_118187,2024_LoL_esports_match_data_from_OraclesElixir.csv,LCK,Summer,0,,2024,Regular Season
LOLTMNT03_118687,2024_LoL_esports_match_data_from_OraclesElixir.csv,LCK,Summer,0,,2024,Regular Season
LOLTMNT03_118716,2024_LoL_esports_match_data_from_OraclesElixir.csv,LCK,Summer,0,,2024,Regular Season
LOLTMNT03_118804,2024_LoL_esports_match_data_from_OraclesElixir.csv,LCK,Summer,0,,2024,Regular Season
LOLTMNT03_118842,2024_LoL_esports_match_data_from_OraclesElixir.csv,LCK,Summer,0,,2024,Regular Season
LOLTMNT03_118880,2024_LoL_esports_match_data_from_OraclesElixir.csv,LCK,Summer,0,,2024,Regular Season
LOLTMNT03_122217,2024_LoL_esports_match_data_from_OraclesElixir.csv,LCK,Summer,0,,2024,Regular Season
LOLTMNT03_121254,2024_LoL_esports_match_data_from_OraclesElixir.csv,LCK,Summer,0,,2024,Regular Season
LOLTMNT03_122290,2024_LoL_esports_match_data_from_OraclesElixir.csv,LCK,Summer,0,,2024,Regular Season
LOLTMNT03_122329,2024_LoL_esports_match_data_from_OraclesElixir.csv,LCK,Summer,0,,2024,Regular Season
LOLTMNT03_122799,2024_LoL_esports_match_data_from_OraclesElixir.csv,LCK,Summer,0,,2024,Regular Season
LOLTMNT03_122818,2024_LoL_esports_match_data_from_OraclesElixir.csv,LCK,Summer,0,,2024,Regular Season
LOLTMNT03_122848,2024_LoL_esports_match_data_from_OraclesElixir.csv,LCK,Summer,0,,2024,Regular Season
LOLTMNT03_121896,2024_LoL_esports_match_data_from_OraclesElixir.csv,LCK,Summer,0,,2024,Regular Season
LOLTMNT03_126299,2024_LoL_esports_match_data_from_OraclesElixir.csv,LCK,Summer,0,,2024,Regular Season
LOLTMNT03_126306,2024_LoL_esports_match_data_from_OraclesElixir.csv,LCK,Summer,0,,2024,Regular Season
LOLTMNT03_126335,2024_LoL_esports_match_data_from_OraclesElixir.csv,LCK,Summer,0,,2024,Regular Season
LOLTMNT03_125372,2024_LoL_esports_match_data_from_OraclesElixir.csv,LCK,Summer,0,,2024,Regular Season
LOLTMNT03_127225,2024_LoL_esports_match_data_from_OraclesElixir.csv,LCK,Summer,0,,2024,Regular Season
LOLTMNT03_128221,2024_LoL_esports_match_data_from_OraclesElixir.csv,LCK,Summer,0,,2024,Regular Season
LOLTMNT03_127246,2024_LoL_esports_match_data_from_OraclesElixir.csv,LCK,Summer,0,,2024,Regular Season
LOLTMNT03_128313,2024_LoL_esports_match_data_from_OraclesElixir.csv,LCK,Summer,0,,2024,Regular Season
LOLTMNT03_127338,2024_LoL_esports_match_data_from_OraclesElixir.csv,LCK,Summer,0,,2024,Regular Season
LOLTMNT03_127679,2024_LoL_esports_match_data_from_OraclesElixir.csv,LCK,Summer,0,,2024,Regular Season
LOLTMNT03_127699,2024_LoL_esports_match_data_from_OraclesElixir.csv,LCK,Summer,0,,2024,Regular Season
LOLTMNT03_128764,2024_LoL_esports_match_data_from_OraclesElixir.csv,LCK,Summer,0,,2024,Regular Season
LOLTMNT03_128790,2024_LoL_esports_match_data_from_OraclesElixir.csv,LCK,Summer,0,,2024,Regular Season
LOLTMNT03_127805,2024_LoL_esports_match_data_from_OraclesElixir.csv,LCK,Summer,0,,2024,Regular Season
LOLTMNT03_129062,2024_LoL_esports_match_data_from_OraclesElixir.csv,LCK,Summer,0,,2024,Regular Season
LOLTMNT03_129067,2024_LoL_esports_match_data_from_OraclesElixir.csv,LCK,Summer,0,,2024,Regular Season
LOLTMNT03_130077,2024_LoL_esports_match_data_from_OraclesElixir.csv,LCK,Summer,0,,2024,Regular Season
LOLTMNT03_130102,2024_LoL_esports_match_data_from_OraclesElixir.csv,LCK,Summer,0,,2024,Regular Season
LOLTMNT03_129140,2024_LoL_esports_match_data_from_OraclesElixir.csv,LCK,Summer,0,,2024,Regular Season
LOLTMNT03_129380,2024_LoL_esports_match_data_from_OraclesElixir.csv,LCK,Summer,0,,2024,Regular Season
LOLTMNT03_129383,2024_LoL_esports_match_data_from_OraclesElixir.csv,LCK,Summer,0,,2024,Regular Season
LOLTMNT03_130370,2024_LoL_esports_match_data_from_OraclesElixir.csv,LCK,Summer,0,,2024,Regular Season
LOLTMNT03_130460,2024_LoL_esports_match_data_from_OraclesElixir.csv,LCK,Summer,0,,2024,Regular Season
LOLTMNT03_130471,2024_LoL_esports_match_data_from_OraclesElixir.csv,LCK,Summer,0,,2024,Regular Season
LOLTMNT01_150466,2024_LoL_esports_match_data_from_OraclesElixir.csv,LCK,Summer,0,,2024,Regular Season
LOLTMNT01_149503,2024_LoL_esports_match_data_from_OraclesElixir.csv,LCK,Summer,0,,2024,Regular Season
LOLTMNT01_149527,2024_LoL_esports_match_data_from_OraclesElixir.csv,LCK,Summer,0,,2024,Regular Season
LOLTMNT01_149544,2024_LoL_esports_match_data_from_OraclesElixir.csv,LCK,Summer,0,,2024,Regular Season
LOLTMNT01_149897,2024_LoL_esports_match_data_from_OraclesElixir.csv,LCK,Summer,0,,2024,Regular Season
LOLTMNT01_149909,2024_LoL_esports_match_data_from_OraclesElixir.csv,LCK,Summer,0,,2024,Regular Season
LOLTMNT01_149936,2024_LoL_esports_match_data_from_OraclesElixir.csv,LCK,Summer,0,,2024,Regular Season
LOLTMNT01_150875,2024_LoL_esports_match_data_from_OraclesElixir.csv,LCK,Summer,0,,2024,Regular Season
LOLTMNT01_151223,2024_LoL_esports_match_data_from_OraclesElixir.csv,LCK,Summer,0,,2024,Regular Season
LOLTMNT01_152131,2024_LoL_esports_match_data_from_OraclesElixir.csv,LCK,Summer,0,,2024,Regular Season
LOLTMNT01_152156,2024_LoL_esports_match_data_from_OraclesElixir.csv,LCK,Summer,0,,2024,Regular Season
LOLTMNT01_152162,2024_LoL_esports_match_data_from_OraclesElixir.csv,LCK,Summer,0,,2024,Regular Season
LOLTMNT01_152170,2024_LoL_esports_match_data_from_OraclesElixir.csv,LCK,Summer,0,,2024,Regular Season
LOLTMNT01_152468,2024_LoL_esports_match_data_from_OraclesElixir.csv,LCK,Summer,0,,2024,Regular Season
LOLTMNT01_152477,2024_LoL_esports_match_data_from_OraclesElixir.csv,LCK,Summer,0,,2024,Regular Season
LOLTMNT01_152480,2024_LoL_esports_match_data_from_OraclesElixir.csv,LCK,Summer,0,,2024,Regular Season
LOLTMNT01_151627,2024_LoL_esports_match_data_from_OraclesElixir.csv,LCK,Summer,0,,2024,Regular Season
LOLTMNT01_152545,2024_LoL_esports_match_data_from_OraclesElixir.csv,LCK,Summer,0,,2024,Regular Season
LOLTMNT01_151950,2024_LoL_esports_match_data_from_OraclesElixir.csv,LCK,Summer,0,,2024,Regular Season
LOLTMNT01_151960,2024_LoL_esports_match_data_from_OraclesElixir.csv,LCK,Summer,0,,2024,Regular Season
LOLTMNT01_153007,2024_LoL_esports_match_data_from_OraclesElixir.csv,LCK,Summer,0,,2024,Regular Season
LOLTMNT01_152880,2024_LoL_esports_match_data_from_OraclesElixir.csv,LCK,Summer,0,,2024,Regular Season
LOLTMNT01_153026,2024_LoL_esports_match_data_from_OraclesElixir.csv,LCK,Summer,0,,2024,Regular Season
LOLTMNT01_153827,2024_LoL_esports_match_data_from_OraclesElixir.csv,LCK,Summer,0,,2024,Regular Season
LOLTMNT01_154710,2024_LoL_esports_match_data_from_OraclesElixir.csv,LCK,Summer,0,,2024,Regular Season
LOLTMNT01_154728,2024_LoL_esports_match_data_from_OraclesElixir.csv,LCK,Summer,0,,2024,Regular Season
LOLTMNT01_154783,2024_LoL_esports_match_data_from_OraclesElixir.csv,LCK,Summer,0,,2024,Regular Season
LOLTMNT01_153913,2024_LoL_esports_match_data_from_OraclesElixir.csv,LCK,Summer,0,,2024,Regular Season
LOLTMNT01_153935,2024_LoL_esports_match_data_from_OraclesElixir.csv,LCK,Summer,0,,2024,Regular Season
LOLTMNT01_156045,2024_LoL_esports_match_data_from_OraclesElixir.csv,LCK,Summer,0,,2024,Regular Season
LOLTMNT01_156049,2024_LoL_esports_match_data_from_OraclesElixir.csv,LCK,Summer,0,,2024,Regular Season
LOLTMNT01_155209,2024_LoL_esports_match_data_from_OraclesElixir.csv,LCK,Summer,0,,2024,Regular Season
LOLTMNT01_156084,2024_LoL_esports_match_data_from_OraclesElixir.csv,LCK,Summer,0,,2024,Regular Season
LOLTMNT01_155358,2024_LoL_esports_match_data_from_OraclesElixir.csv,LCK,Summer,0,,2024,Regular Season
LOLTMNT01_156239,2024_LoL_esports_match_data_from_OraclesElixir.csv,LCK,Summer,0,,2024,Regular Season
LOLTMNT01_156255,2024_LoL_esports_match_data_from_OraclesElixir.csv,LCK,Summer,0,,2024,Regular Season
LOLTMNT01_155392,2024_LoL_esports_match_data_from_OraclesElixir.csv,LCK,Summer,0,,2024,Regular Season
LOLTMNT01_155400,2024_LoL_esports_match_data_from_OraclesElixir.csv,LCK,Summer,0,,2024,Regular Season
LOLTMNT01_155488,2024_LoL_esports_match_data_from_OraclesElixir.csv,LCK,Summer,0,,2024,Regular Season
LOLTMNT01_155499,2024_LoL_esports_match_data_from_OraclesElixir.csv,LCK,Summer,0,,2024,Regular Season
LOLTMNT01_156416,2024_LoL_esports_match_data_from_OraclesElixir.csv,LCK,Summer,0,,2024,Regular Season
LOLTMNT01_156427,2024_LoL_esports_match_data_from_OraclesElixir.csv,LCK,Summer,0,,2024,Regular Season
LOLTMNT01_156500,2024_LoL_esports_match_data_from_OraclesElixir.csv,LCK,Summer,0,,2024,Regular Season
LOLTMNT01_155636,2024_LoL_esports_match_data_from_OraclesElixir.csv,LCK,Summer,0,,2024,Regular Season
LOLTMNT01_155673,2024_LoL_esports_match_data_from_OraclesElixir.csv,LCK,Summer,0,,2024,Regular Season
LOLTMNT01_156545,2024_LoL_esports_match_data_from_OraclesElixir.csv,LCK,Summer,0,,2024,Regular Season
LOLTMNT02_150406,2024_LoL_esports_match_data_from_OraclesElixir.csv,LCK,Summer,0,,2024,Regular Season
LOLTMNT02_149440,2024_LoL_esports_match_data_from_OraclesElixir.csv,LCK,Summer,0,,2024,Regular Season
LOLTMNT02_149504,2024_LoL_esports_match_data_from_OraclesElixir.csv,LCK,Summer,0,,2024,Regular Season
LOLTMNT02_150520,2024_LoL_esports_match_data_from_OraclesElixir.csv,LCK,Summer,0,,2024,Regular Season
LOLTMNT02_149962,2024_LoL_esports_match_data_from_OraclesElixir.csv,LCK,Summer,0,,2024,Regular Season
LOLTMNT02_150943,2024_LoL_esports_match_data_from_OraclesElixir.csv,LCK,Summer,0,,2024,Regular Season
LOLTMNT02_150971,2024_LoL_esports_match_data_from_OraclesElixir.csv,LCK,Summer,0,,2024,Regular Season
LOLTMNT02_152013,2024_LoL_esports_match_data_from_OraclesElixir.csv,LCK,Summer,0,,2024,Regular Season
LOLTMNT02_151065,2024_LoL_esports_match_data_from_OraclesElixir.csv,LCK,Summer,0,,2024,Regular Season
LOLTMNT02_151332,2024_LoL_esports_match_data_from_OraclesElixir.csv,LCK,Summer,0,,2024,Regular Season
LOLTMNT02_152438,2024_LoL_esports_match_data_from_OraclesElixir.csv,LCK,Summer,0,,2024,Regular Season
LOLTMNT02_152455,2024_LoL_esports_match_data_from_OraclesElixir.csv,LCK,Summer,0,,2024,Regular Season
LOLTMNT02_151414,2024_LoL_esports_match_data_from_OraclesElixir.csv,LCK,Summer,0,,2024,Regular Season
LOLTMNT02_151430,2024_LoL_esports_match_data_from_OraclesElixir.csv,LCK,Summer,0,,2024,Regular Season
LOLTMNT02_153183,2024_LoL_esports_match_data_from_OraclesElixir.csv,LCK,Summer,0,,2024,Regular Season
LOLTMNT02_151742,2024_LoL_esports_match_data_from_OraclesElixir.csv,LCK,Summer,0,,2024,Regular Season
LOLTMNT02_151764,2024_LoL_esports_match_data_from_OraclesElixir.csv,LCK,Summer,0,,2024,Regular Season
LOLTMNT02_151812,2024_LoL_esports_match_data_from_OraclesElixir.csv,LCK,Summer,0,,2024,Regular Season
LOLTMNT02_153281,2024_LoL_esports_match_data_from_OraclesElixir.csv,LCK,Summer,0,,2024,Regular Season
LOLTMNT02_154211,2024_LoL_esports_match_data_from_OraclesElixir.csv,LCK,Summer,0,,2024,Regular Season
LOLTMNT02_153745,2024_LoL_esports_match_data_from_OraclesElixir.csv,LCK,Summer,0,,2024,Regular Season
LOLTMNT02_154246,2024_LoL_esports_match_data_from_OraclesElixir.csv,LCK,Summer,0,,2024,Regular Season
LOLTMNT02_153808,2024_LoL_esports_match_data_from_OraclesElixir.csv,LCK,Summer,0,,2024,Regular Season
LOLTMNT02_154335,2024_LoL_esports_match_data_from_OraclesElixir.csv,LCK,Summer,0,,2024,Regular Season
LOLTMNT02_155833,2024_LoL_esports_match_data_from_OraclesElixir.csv,LCK,Summer,0,,2024,Regular Season
LOLTMNT02_155850,2024_LoL_esports_match_data_from_OraclesElixir.csv,LCK,Summer,0,,2024,Regular Season
LOLTMNT02_155898,2024_LoL_esports_match_data_from_OraclesElixir.csv,LCK,Summer,0,,2024,Regular Season
LOLTMNT02_156515,2024_LoL_esports_match_data_from_OraclesElixir.csv,LCK,Summer,0,,2024,Regular Season
LOLTMNT02_155935,2024_LoL_esports_match_data_from_OraclesElixir.csv,LCK,Summer,0,,2024,Regular Season
LOLTMNT02_156799,2024_LoL_esports_match_data_from_OraclesElixir.csv,LCK,Summer,0,,2024,Regular Season
LOLTMNT02_156819,2024_LoL_esports_match_data_from_OraclesElixir.csv,LCK,Summer,0,,2024,Regular Season
LOLTMNT02_157244,2024_LoL_esports_match_data_from_OraclesElixir.csv,LCK,Summer,0,,2024,Regular Season
LOLTMNT02_157268,2024_LoL_esports_match_data_from_OraclesElixir.csv,LCK,Summer,0,,2024,Regular Season
LOLTMNT02_157475,2024_LoL_esports_match_data_from_OraclesElixir.csv,LCK,Summer,0,,2024,Regular Season
LOLTMNT02_158144,2024_LoL_esports_match_data_from_OraclesElixir.csv,LCK,Summer,0,,2024,Regular Season
LOLTMNT02_158160,2024_LoL_esports_match_data_from_OraclesElixir.csv,LCK,Summer,0,,2024,Regular Season
LOLTMNT02_157551,2024_LoL_esports_match_data_from_OraclesElixir.csv,LCK,Summer,0,,2024,Regular Season
LOLTMNT02_157559,2024_LoL_esports_match_data_from_OraclesElixir.csv,LCK,Summer,0,,2024,Regular Season
LOLTMNT02_157747,2024_LoL_esports_match_data_from_OraclesElixir.csv,LCK,Summer,0,,2024,Regular Season
LOLTMNT02_157771,2024_LoL_esports_match_data_from_OraclesElixir.csv,LCK,Summer,0,,2024,Regular Season
LOLTMNT02_158466,2024_LoL_esports_match_data_from_OraclesElixir.csv,LCK,Summer,0,,2024,Regular Season
LOLTMNT02_157857,2024_LoL_esports_match_data_from_OraclesElixir.csv,LCK,Summer,0,,2024,Regular Season
LOLTMNT02_158613,2024_LoL_esports_match_data_from_OraclesElixir.csv,LCK,Summer,0,,2024,Regular Season
LOLTMNT02_159034,2024_LoL_esports_match_data_from_OraclesElixir.csv,LCK,Summer,0,,2024,Regular Season
LOLTMNT02_159074,2024_LoL_esports_match_data_from_OraclesElixir.csv,LCK,Summer,0,,2024,Regular Season
LOLTMNT02_159097,2024_LoL_esports_match_data_from_OraclesElixir.csv,LCK,Summer,0,,2024,Regular Season
LOLTMNT03_138505,2024_LoL_esports_match_data_from_OraclesElixir.csv,LCK,Summer,1,,2024,Playoff
LOLTMNT03_137726,2024_LoL_esports_match_data_from_OraclesElixir.csv,LCK,Summer,1,,2024,Playoff
LOLTMNT03_138521,2024_LoL_esports_match_data_from_OraclesElixir.csv,LCK,Summer,1,,2024,Playoff
LOLTMNT03_137737,2024_LoL_esports_match_data_from_OraclesElixir.csv,LCK,Summer,1,,2024,Playoff
LOLTMNT03_138902,2024_LoL_esports_match_data_from_OraclesElixir.csv,LCK,Summer,1,,2024,Playoff
LOLTMNT03_139091,2024_LoL_esports_match_data_from_OraclesElixir.csv,LCK,Summer,1,,2024,Playoff
LOLTMNT03_138906,2024_LoL_esports_match_data_from_OraclesElixir.csv,LCK,Summer,1,,2024,Playoff
LOLTMNT03_139097,2024_LoL_esports_match_data_from_OraclesElixir.csv,LCK,Summer,1,,2024,Playoff
LOLTMNT03_143238,2024_LoL_esports_match_data_from_OraclesElixir.csv,LCK,Summer,1,,2024,Playoff
LOLTMNT03_143239,2024_LoL_esports_match_data_from_OraclesElixir.csv,LCK,Summer,1,,2024,Playoff
LOLTMNT03_143242,2024_LoL_esports_match_data_from_OraclesElixir.csv,LCK,Summer,1,,2024,Playoff
LOLTMNT03_143512,2024_LoL_esports_match_data_from_OraclesElixir.csv,LCK,Summer,1,,2024,Playoff
LOLTMNT03_142511,2024_LoL_esports_match_data_from_OraclesElixir.csv,LCK,Summer,1,,2024,Playoff
LOLTMNT03_142514,2024_LoL_esports_match_data_from_OraclesElixir.csv,LCK,Summer,1,,2024,Playoff
LOLTMNT03_143986,2024_LoL_esports_match_data_from_OraclesElixir.csv,LCK,Summer,1,,2024,Playoff
LOLTMNT03_143993,2024_LoL_esports_match_data_from_OraclesElixir.csv,LCK,Summer,1,,2024,Playoff
LOLTMNT03_144116,2024_LoL_esports_match_data_from_OraclesElixir.csv,LCK,Summer,1,,2024,Playoff
LOLTMNT03_145002,2024_LoL_esports_match_data_from_OraclesElixir.csv,LCK,Summer,1,,2024,Playoff
LOLTMNT03_145467,2024_LoL_esports_match_data_from_OraclesElixir.csv,LCK,Summer,1,,2024,Playoff
LOLTMNT03_145472,2024_LoL_esports_match_data_from_OraclesElixir.csv,LCK,Summer,1,,2024,Playoff
LOLTMNT03_144583,2024_LoL_esports_match_data_from_OraclesElixir.csv,LCK,Summer,1,,2024,Playoff
LOLTMNT03_145485,2024_LoL_esports_match_data_from_OraclesElixir.csv,LCK,Summer,1,,2024,Playoff
LOLTMNT03_147323,2024_LoL_esports_match_data_from_OraclesElixir.csv,LCK,Summer,1,,2024,Playoff
LOLTMNT03_146452,2024_LoL_esports_match_data_from_OraclesElixir.csv,LCK,Summer,1,,2024,Playoff
LOLTMNT03_146454,2024_LoL_esports_match_data_from_OraclesElixir.csv,LCK,Summer,1,,2024,Playoff
LOLTMNT03_146456,2024_LoL_esports_match_data_from_OraclesElixir.csv,LCK,Summer,1,,2024,Playoff
LOLTMNT03_146529,2024_LoL_esports_match_data_from_OraclesElixir.csv,LCK,Summer,1,,2024,Playoff
LOLTMNT03_147402,2024_LoL_esports_match_data_from_OraclesElixir.csv,LCK,Summer,1,,2024,Playoff
LOLTMNT03_147403,2024_LoL_esports_match_data_from_OraclesElixir.csv,LCK,Summer,1,,2024,Playoff
LOLTMNT03_147404,2024_LoL_esports_match_data_from_OraclesElixir.csv,LCK,Summer,1,,2024,Playoff
LOLTMNT03_147405,2024_LoL_esports_match_data_from_OraclesElixir.csv,LCK,Summer,1,,2024,Playoff
LOLTMNT03_183532,2025_LoL_esports_match_data_from_OraclesElixir.csv,LCK,Cup,0,,2025,Cup
LOLTMNT03_183538,2025_LoL_esports_match_data_from_OraclesElixir.csv,LCK,Cup,0,,2025,Cup
LOLTMNT03_183544,2025_LoL_esports_match_data_from_OraclesElixir.csv,LCK,Cup,0,,2025,Cup
LOLTMNT03_183585,2025_LoL_esports_match_data_from_OraclesElixir.csv,LCK,Cup,0,,2025,Cup
LOLTMNT03_182705,2025_LoL_esports_match_data_from_OraclesElixir.csv,LCK,Cup,0,,2025,Cup
LOLTMNT03_182729,2025_LoL_esports_match_data_from_OraclesElixir.csv,LCK,Cup,0,,2025,Cup
LOLTMNT03_184086,2025_LoL_esports_match_data_from_OraclesElixir.csv,LCK,Cup,0,,2025,Cup
LOLTMNT03_183991,2025_LoL_esports_match_data_from_OraclesElixir.csv,LCK,Cup,0,,2025,Cup
LOLTMNT03_184105,2025_LoL_esports_match_data_from_OraclesElixir.csv,LCK,Cup,0,,2025,Cup
LOLTMNT03_185025,2025_LoL_esports_match_data_from_OraclesElixir.csv,LCK,Cup,0,,2025,Cup
LOLTMNT03_185042,2025_LoL_esports_match_data_from_OraclesElixir.csv,LCK,Cup,0,,2025,Cup
LOLTMNT03_185067,2025_LoL_esports_match_data_from_OraclesElixir.csv,LCK,Cup,0,,2025,Cup
LOLTMNT03_185467,2025_LoL_esports_match_data_from_OraclesElixir.csv,LCK,Cup,0,,2025,Cup
LOLTMNT03_184583,2025_LoL_esports_match_data_from_OraclesElixir.csv,LCK,Cup,0,,2025,Cup
LOLTMNT03_184622,2025_LoL_esports_match_data_from_OraclesElixir.csv,LCK,Cup,0,,2025,Cup
LOLTMNT03_184660,2025_LoL_esports_match_data_from_OraclesElixir.csv,LCK,Cup,0,,2025,Cup
LOLTMNT03_186192,2025_LoL_esports_match_data_from_OraclesElixir.csv,LCK,Cup,0,,2025,Cup
LOLTMNT03_187100,2025_LoL_esports_match_data_from_OraclesElixir.csv,LCK,Cup,0,,2025,Cup
LOLTMNT03_186260,2025_LoL_esports_match_data_from_OraclesElixir.csv,LCK,Cup,0,,2025,Cup
LOLTMNT03_187132,2025_LoL_esports_match_data_from_OraclesElixir.csv,LCK,Cup,0,,2025,Cup
LOLTMNT03_187435,2025_LoL_esports_match_data_from_OraclesElixir.csv,LCK,Cup,0,,2025,Cup
LOLTMNT03_187440,2025_LoL_esports_match_data_from_OraclesElixir.csv,LCK,Cup,0,,2025,Cup
LOLTMNT03_187470,2025_LoL_esports_match_data_from_OraclesElixir.csv,LCK,Cup,0,,2025,Cup
LOLTMNT03_187471,2025_LoL_esports_match_data_from_OraclesElixir.csv,LCK,Cup,0,,2025,Cup
LOLTMNT03_188641,2025_LoL_esports_match_data_from_OraclesElixir.csv,LCK,Cup,0,,2025,Cup
LOLTMNT03_188645,2025_LoL_esports_match_data_from_OraclesElixir.csv,LCK,Cup,0,,2025,Cup
LOLTMNT03_188655,2025_LoL_esports_match_data_from_OraclesElixir.csv,LCK,Cup,0,,2025,Cup
LOLTMNT03_188679,2025_LoL_esports_match_data_from_OraclesElixir.csv,LCK,Cup,0,,2025,Cup
LOLTMNT03_189517,2025_LoL_esports_match_data_from_OraclesElixir.csv,LCK,Cup,0,,2025,Cup
LOLTMNT03_188722,2025_LoL_esports_match_data_from_OraclesElixir.csv,LCK,Cup,0,,2025,Cup
LOLTMNT03_189773,2025_LoL_esports_match_data_from_OraclesElixir.csv,LCK,Cup,0,,2025,Cup
LOLTMNT03_189783,2025_LoL_esports_match_data_from_OraclesElixir.csv,LCK,Cup,0,,2025,Cup
LOLTMNT03_190012,2025_LoL_esports_match_data_from_OraclesElixir.csv,LCK,Cup,0,,2025,Cup
LOLTMNT03_190023,2025_LoL_esports_match_data_from_OraclesElixir.csv,LCK,Cup,0,,2025,Cup
LOLTMNT03_191023,2025_LoL_esports_match_data_from_OraclesElixir.csv,LCK,Cup,0,,2025,Cup
LOLTMNT03_191028,2025_LoL_esports_match_data_from_OraclesElixir.csv,LCK,Cup,0,,2025,Cup
LOLTMNT03_191030,2025_LoL_esports_match_data_from_OraclesElixir.csv,LCK,Cup,0,,2025,Cup
LOLTMNT03_190264,2025_LoL_esports_match_data_from_OraclesElixir.csv,LCK,Cup,0,,2025,Cup
LOLTMNT03_191065,2025_LoL_esports_match_data_from_OraclesElixir.csv,LCK,Cup,0,,2025,Cup
LOLTMNT03_191077,2025_LoL_esports_match_data_from_OraclesElixir.csv,LCK,Cup,0,,2025,Cup
LOLTMNT03_191178,2025_LoL_esports_match_data_from_OraclesElixir.csv,LCK,Cup,0,,2025,Cup
LOLTMNT03_191179,2025_LoL_esports_match_data_from_OraclesElixir.csv,LCK,Cup,0,,2025,Cup
LOLTMNT03_190416,2025_LoL_esports_match_data_from_OraclesElixir.csv,LCK,Cup,0,,2025,Cup
LOLTMNT03_190434,2025_LoL_esports_match_data_from_OraclesElixir.csv,LCK,Cup,0,,2025,Cup
LOLTMNT03_190436,2025_LoL_esports_match_data_from_OraclesElixir.csv,LCK,Cup,0,,2025,Cup
LOLTMNT03_191289,2025_LoL_esports_match_data_from_OraclesElixir.csv,LCK,Cup,0,,2025,Cup
LOLTMNT03_191291,2025_LoL_esports_match_data_from_OraclesElixir.csv,LCK,Cup,0,,2025,Cup
LOLTMNT03_191298,2025_LoL_esports_match_data_from_OraclesElixir.csv,LCK,Cup,0,,2025,Cup
LOLTMNT03_190508,2025_LoL_esports_match_data_from_OraclesElixir.csv,LCK,Cup,0,,2025,Cup
LOLTMNT01_196721,2025_LoL_esports_match_data_from_OraclesElixir.csv,LCK,Cup,0,,2025,Cup
LOLTMNT01_195821,2025_LoL_esports_match_data_from_OraclesElixir.csv,LCK,Cup,0,,2025,Cup
LOLTMNT01_196743,2025_LoL_esports_match_data_from_OraclesElixir.csv,LCK,Cup,0,,2025,Cup
LOLTMNT01_195885,2025_LoL_esports_match_data_from_OraclesElixir.csv,LCK,Cup,0,,2025,Cup
LOLTMNT01_195897,2025_LoL_esports_match_data_from_OraclesElixir.csv,LCK,Cup,0,,2025,Cup
LOLTMNT01_198268,2025_LoL_esports_match_data_from_OraclesElixir.csv,LCK,Cup,0,,2025,Cup
LOLTMNT01_198283,2025_LoL_esports_match_data_from_OraclesElixir.csv,LCK,Cup,0,,2025,Cup
LOLTMNT01_198303,2025_LoL_esports_match_data_from_OraclesElixir.csv,LCK,Cup,0,,2025,Cup
LOLTMNT01_197638,2025_LoL_esports_match_data_from_OraclesElixir.csv,LCK,Cup,0,,2025,Cup
LOLTMNT01_197663,2025_LoL_esports_match_data_from_OraclesElixir.csv,LCK,Cup,0,,2025,Cup
LOLTMNT01_197690,2025_LoL_esports_match_data_from_OraclesElixir.csv,LCK,Cup,0,,2025,Cup
LOLTMNT01_198801,2025_LoL_esports_match_data_from_OraclesElixir.csv,LCK,Cup,0,,2025,Cup
LOLTMNT01_198810,2025_LoL_esports_match_data_from_OraclesElixir.csv,LCK,Cup,0,,2025,Cup
LOLTMNT01_202875,2025_LoL_esports_match_data_from_OraclesElixir.csv,LCK,Cup,0,,2025,Cup
LOLTMNT01_202877,2025_LoL_esports_match_data_from_OraclesElixir.csv,LCK,Cup,0,,2025,Cup
LOLTMNT01_203863,2025_LoL_esports_match_data_from_OraclesElixir.csv,LCK,Cup,0,,2025,Cup
LOLTMNT01_203871,2025_LoL_esports_match_data_from_OraclesElixir.csv,LCK,Cup,0,,2025,Cup
LOLTMNT01_204096,2025_LoL_esports_match_data_from_OraclesElixir.csv,LCK,Cup,0,,2025,Cup
LOLTMNT01_205030,2025_LoL_esports_match_data_from_OraclesElixir.csv,LCK,Cup,0,,2025,Cup
LOLTMNT01_204112,2025_LoL_esports_match_data_from_OraclesElixir.csv,LCK,Cup,0,,2025,Cup
LOLTMNT01_204114,2025_LoL_esports_match_data_from_OraclesElixir.csv,LCK,Cup,0,,2025,Cup
LOLTMNT01_204273,2025_LoL_esports_match_data_from_OraclesElixir.csv,LCK,Cup,0,,2025,Cup
LOLTMNT01_205157,2025_LoL_esports_match_data_from_OraclesElixir.csv,LCK,Cup,0,,2025,Cup
LOLTMNT01_204280,2025_LoL_esports_match_data_from_OraclesElixir.csv,LCK,Cup,0,,2025,Cup
LOLTMNT01_204281,2025_LoL_esports_match_data_from_OraclesElixir.csv,LCK,Cup,0,,2025,Cup
LOLTMNT02_212651,2025_LoL_esports_match_data_from_OraclesElixir.csv,LCK,Cup,0,,2025,Cup
LOLTMNT02_212665,2025_LoL_esports_match_data_from_OraclesElixir.csv,LCK,Cup,0,,2025,Cup
LOLTMNT02_213066,2025_LoL_esports_match_data_from_OraclesElixir.csv,LCK,Cup,0,,2025,Cup
LOLTMNT02_214006,2025_LoL_esports_match_data_from_OraclesElixir.csv,LCK,Cup,0,,2025,Cup
LOLTMNT02_214014,2025_LoL_esports_match_data_from_OraclesElixir.csv,LCK,Cup,0,,2025,Cup
LOLTMNT02_214018,2025_LoL_esports_match_data_from_OraclesElixir.csv,LCK,Cup,0,,2025,Cup
LOLTMNT02_213440,2025_LoL_esports_match_data_from_OraclesElixir.csv,LCK,Cup,0,,2025,Cup
LOLTMNT02_214059,2025_LoL_esports_match_data_from_OraclesElixir.csv,LCK,Cup,0,,2025,Cup
LOLTMNT02_215947,2025_LoL_esports_match_data_from_OraclesElixir.csv,LCK,Cup,0,,2025,Cup
LOLTMNT02_215958,2025_LoL_esports_match_data_from_OraclesElixir.csv,LCK,Cup,0,,2025,Cup
LOLTMNT02_216864,2025_LoL_esports_match_data_from_OraclesElixir.csv,LCK,Cup,0,,2025,Cup
LOLTMNT02_216888,2025_LoL_esports_match_data_from_OraclesElixir.csv,LCK,Cup,0,,2025,Cup
LOLTMNT02_217358,2025_LoL_esports_match_data_from_OraclesElixir.csv,LCK,Cup,0,,2025,Cup
LOLTMNT02_217366,2025_LoL_esports_match_data_from_OraclesElixir.csv,LCK,Cup,0,,2025,Cup
LOLTMNT02_217372,2025_LoL_esports_match_data_from_OraclesElixir.csv,LCK,Cup,0,,2025,Cup
LOLTMNT02_217385,2025_LoL_esports_match_data_from_OraclesElixir.csv,LCK,Cup,0,,2025,Cup
LOLTMNT02_218314,2025_LoL_esports_match_data_from_OraclesElixir.csv,LCK,Cup,0,,2025,Cup
LOLTMNT02_222055,2025_LoL_esports_match_data_from_OraclesElixir.csv,LCK,Cup,0,,2025,Cup
LOLTMNT02_222064,2025_LoL_esports_match_data_from_OraclesElixir.csv,LCK,Cup,0,,2025,Cup
LOLTMNT02_222074,2025_LoL_esports_match_data_from_OraclesElixir.csv,LCK,Cup,0,,2025,Cup
LOLTMNT02_221094,2025_LoL_esports_match_data_from_OraclesElixir.csv,LCK,Cup,0,,2025,Cup
LOLTMNT02_221101,2025_LoL_esports_match_data_from_OraclesElixir.csv,LCK,Cup,0,,2025,Cup
LOLTMNT02_222394,2025_LoL_esports_match_data_from_OraclesElixir.csv,LCK,Cup,0,,2025,Cup
LOLTMNT02_222398,2025_LoL_esports_match_data_from_OraclesElixir.csv,LCK,Cup,0,,2025,Cup
LOLTMNT02_222411,2025_LoL_esports_match_data_from_OraclesElixir.csv,LCK,Cup,0,,2025,Cup
LOLTMNT02_222421,2025_LoL_esports_match_data_from_OraclesElixir.csv,LCK,Cup,0,,2025,Cup
LOLTMNT02_222433,2025_LoL_esports_match_data_from_OraclesElixir.csv,LCK,Cup,0,,2025,Cup
LOLTMNT02_222826,2025_LoL_esports_match_data_from_OraclesElixir.csv,LCK,Cup,0,,2025,Cup
LOLTMNT02_222827,2025_LoL_esports_match_data_from_OraclesElixir.csv,LCK,Cup,0,,2025,Cup
LOLTMNT02_222830,2025_LoL_esports_match_data_from_OraclesElixir.csv,LCK,Cup,0,,2025,Cup
LOLTMNT02_223033,2025_LoL_esports_match_data_from_OraclesElixir.csv,LCK,Cup,0,,2025,Cup
LOLTMNT02_223039,2025_LoL_esports_match_data_from_OraclesElixir.csv,LCK,Cup,0,,2025,Cup
LOLTMNT02_223046,2025_LoL_esports_match_data_from_OraclesElixir.csv,LCK,Cup,0,,2025,Cup
LOLTMNT02_223059,2025_LoL_esports_match_data_from_OraclesElixir.csv,LCK,Cup,0,,2025,Cup
LOLTMNT02_223070,2025_LoL_esports_match_data_from_OraclesElixir.csv,LCK,Cup,0,,2025,Cup
LOLTMNT02_242547,2025_LoL_esports_match_data_from_OraclesElixir.csv,LCK,Rounds 1-2,0,,2025,Regular Season
LOLTMNT02_241560,2025_LoL_esports_match_data_from_OraclesElixir.csv,LCK,Rounds 1-2,0,,2025,Regular Season
LOLTMNT02_242586,2025_LoL_esports_match_data_from_OraclesElixir.csv,LCK,Rounds 1-2,0,,2025,Regular Season
LOLTMNT02_241605,2025_LoL_esports_match_data_from_OraclesElixir.csv,LCK,Rounds 1-2,0,,2025,Regular Season
LOLTMNT02_241948,2025_LoL_esports_match_data_from_OraclesElixir.csv,LCK,Rounds 1-2,0,,2025,Regular Season
LOLTMNT02_241955,2025_LoL_esports_match_data_from_OraclesElixir.csv,LCK,Rounds 1-2,0,,2025,Regular Season
LOLTMNT02_241987,2025_LoL_esports_match_data_from_OraclesElixir.csv,LCK,Rounds 1-2,0,,2025,Regular Season
LOLTMNT02_243004,2025_LoL_esports_match_data_from_OraclesElixir.csv,LCK,Rounds 1-2,0,,2025,Regular Season
LOLTMNT02_242946,2025_LoL_esports_match_data_from_OraclesElixir.csv,LCK,Rounds 1-2,0,,2025,Regular Season
LOLTMNT02_243218,2025_LoL_esports_match_data_from_OraclesElixir.csv,LCK,Rounds 1-2,0,,2025,Regular Season
LOLTMNT02_243219,2025_LoL_esports_match_data_from_OraclesElixir.csv,LCK,Rounds 1-2,0,,2025,Regular Season
LOLTMNT02_244146,2025_LoL_esports_match_data_from_OraclesElixir.csv,LCK,Rounds 1-2,0,,2025,Regular Season
LOLTMNT02_244166,2025_LoL_esports_match_data_from_OraclesElixir.csv,LCK,Rounds 1-2,0,,2025,Regular Season
LOLTMNT02_243267,2025_LoL_esports_match_data_from_OraclesElixir.csv,LCK,Rounds 1-2,0,,2025,Regular Season
LOLTMNT02_244356,2025_LoL_esports_match_data_from_OraclesElixir.csv,LCK,Rounds 1-2,0,,2025,Regular Season
LOLTMNT02_243459,2025_LoL_esports_match_data_from_OraclesElixir.csv,LCK,Rounds 1-2,0,,2025,Regular Season
LOLTMNT02_244383,2025_LoL_esports_match_data_from_OraclesElixir.csv,LCK,Rounds 1-2,0,,2025,Regular Season
LOLTMNT02_243506,2025_LoL_esports_match_data_from_OraclesElixir.csv,LCK,Rounds 1-2,0,,2025,Regular Season
LOLTMNT02_244407,2025_LoL_esports_match_data_from_OraclesElixir.csv,LCK,Rounds 1-2,0,,2025,Regular Season
LOLTMNT02_244630,2025_LoL_esports_match_data_from_OraclesElixir.csv,LCK,Rounds 1-2,0,,2025,Regular Season
LOLTMNT02_243751,2025_LoL_esports_match_data_from_OraclesElixir.csv,LCK,Rounds 1-2,0,,2025,Regular Season
LOLTMNT02_243783,2025_LoL_esports_match_data_from_OraclesElixir.csv,LCK,Rounds 1-2,0,,2025,Regular Season
LOLTMNT02_244684,2025_LoL_esports_match_data_from_OraclesElixir.csv,LCK,Rounds 1-2,0,,2025,Regular Season
LOLTMNT02_243791,2025_LoL_esports_match_data_from_OraclesElixir.csv,LCK,Rounds 1-2,0,,2025,Regular Season
LOLTMNT03_218043,2025_LoL_esports_match_data_from_OraclesElixir.csv,LCK,Rounds 1-2,0,,2025,Regular Season
LOLTMNT03_218051,2025_LoL_esports_match_data_from_OraclesElixir.csv,LCK,Rounds 1-2,0,,2025,Regular Season
LOLTMNT03_217087,2025_LoL_esports_match_data_from_OraclesElixir.csv,LCK,Rounds 1-2,0,,2025,Regular Season
LOLTMNT03_218101,2025_LoL_esports_match_data_from_OraclesElixir.csv,LCK,Rounds 1-2,0,,2025,Regular Season
LOLTMNT03_218134,2025_LoL_esports_match_data_from_OraclesElixir.csv,LCK,Rounds 1-2,0,,2025,Regular Season
LOLTMNT03_218624,2025_LoL_esports_match_data_from_OraclesElixir.csv,LCK,Rounds 1-2,0,,2025,Regular Season
LOLTMNT03_218633,2025_LoL_esports_match_data_from_OraclesElixir.csv,LCK,Rounds 1-2,0,,2025,Regular Season
LOLTMNT03_219187,2025_LoL_esports_match_data_from_OraclesElixir.csv,LCK,Rounds 1-2,0,,2025,Regular Season
LOLTMNT03_218683,2025_LoL_esports_match_data_from_OraclesElixir.csv,LCK,Rounds 1-2,0,,2025,Regular Season
LOLTMNT03_220261,2025_LoL_esports_match_data_from_OraclesElixir.csv,LCK,Rounds 1-2,0,,2025,Regular Season
LOLTMNT03_219798,2025_LoL_esports_match_data_from_OraclesElixir.csv,LCK,Rounds 1-2,0,,2025,Regular Season
LOLTMNT03_220286,2025_LoL_esports_match_data_from_OraclesElixir.csv,LCK,Rounds 1-2,0,,2025,Regular Season
LOLTMNT03_219847,2025_LoL_esports_match_data_from_OraclesElixir.csv,LCK,Rounds 1-2,0,,2025,Regular Season
LOLTMNT03_220342,2025_LoL_esports_match_data_from_OraclesElixir.csv,LCK,Rounds 1-2,0,,2025,Regular Season
LOLTMNT03_221513,2025_LoL_esports_match_data_from_OraclesElixir.csv,LCK,Rounds 1-2,0,,2025,Regular Season
LOLTMNT03_221558,2025_LoL_esports_match_data_from_OraclesElixir.csv,LCK,Rounds 1-2,0,,2025,Regular Season
LOLTMNT03_222019,2025_LoL_esports_match_data_from_OraclesElixir.csv,LCK,Rounds 1-2,0,,2025,Regular Season
LOLTMNT03_221610,2025_LoL_esports_match_data_from_OraclesElixir.csv,LCK,Rounds 1-2,0,,2025,Regular Season
LOLTMNT03_221634,2025_LoL_esports_match_data_from_OraclesElixir.csv,LCK,Rounds 1-2,0,,2025,Regular Season
LOLTMNT03_222610,2025_LoL_esports_match_data_from_OraclesElixir.csv,LCK,Rounds 1-2,0,,2025,Regular Season
LOLTMNT03_222628,2025_LoL_esports_match_data_from_OraclesElixir.csv,LCK,Rounds 1-2,0,,2025,Regular Season
LOLTMNT03_222659,2025_LoL_esports_match_data_from_OraclesElixir.csv,LCK,Rounds 1-2,0,,2025,Regular Season
LOLTMNT03_223223,2025_LoL_esports_match_data_from_OraclesElixir.csv,LCK,Rounds 1-2,0,,2025,Regular Season
LOLTMNT03_222719,2025_LoL_esports_match_data_from_OraclesElixir.csv,LCK,Rounds 1-2,0,,2025,Regular Season
LOLTMNT03_223254,2025_LoL_esports_match_data_from_OraclesElixir.csv,LCK,Rounds 1-2,0,,2025,Regular Season
LOLTMNT03_230058,2025_LoL_esports_match_data_from_OraclesElixir.csv,LCK,Rounds 1-2,0,,2025,Regular Season
LOLTMNT03_229082,2025_LoL_esports_match_data_from_OraclesElixir.csv,LCK,Rounds 1-2,0,,2025,Regular Season
LOLTMNT03_229092,2025_LoL_esports_match_data_from_OraclesElixir.csv,LCK,Rounds 1-2,0,,2025,Regular Season
LOLTMNT03_229121,2025_LoL_esports_match_data_from_OraclesElixir.csv,LCK,Rounds 1-2,0,,2025,Regular Season
LOLTMNT03_229164,2025_LoL_esports_match_data_from_OraclesElixir.csv,LCK,Rounds 1-2,0,,2025,Regular Season
LOLTMNT03_229200,2025_LoL_esports_match_data_from_OraclesElixir.csv,LCK,Rounds 1-2,0,,2025,Regular Season
LOLTMNT03_230485,2025_LoL_esports_match_data_from_OraclesElixir.csv,LCK,Rounds 1-2,0,,2025,Regular Season
LOLTMNT03_229500,2025_LoL_esports_match_data_from_OraclesElixir.csv,LCK,Rounds 1-2,0,,2025,Regular Season
LOLTMNT03_230518,2025_LoL_esports_match_data_from_OraclesElixir.csv,LCK,Rounds 1-2,0,,2025,Regular Season
LOLTMNT03_229541,2025_LoL_esports_match_data_from_OraclesElixir.csv,LCK,Rounds 1-2,0,,2025,Regular Season
LOLTMNT03_230548,2025_LoL_esports_match_data_from_OraclesElixir.csv,LCK,Rounds 1-2,0,,2025,Regular Season
LOLTMNT03_229809,2025_LoL_esports_match_data_from_OraclesElixir.csv,LCK,Rounds 1-2,0,,2025,Regular Season
LOLTMNT03_229822,2025_LoL_esports_match_data_from_OraclesElixir.csv,LCK,Rounds 1-2,0,,2025,Regular Season
LOLTMNT03_230810,2025_LoL_esports_match_data_from_OraclesElixir.csv,LCK,Rounds 1-2,0,,2025,Regular Season
LOLTMNT03_230842,2025_LoL_esports_match_data_from_OraclesElixir.csv,LCK,Rounds 1-2,0,,2025,Regular Season
LOLTMNT03_230854,2025_LoL_esports_match_data_from_OraclesElixir.csv,LCK,Rounds 1-2,0,,2025,Regular Season
LOLTMNT03_231043,2025_LoL_esports_match_data_from_OraclesElixir.csv,LCK,Rounds 1-2,0,,2025,Regular Season
LOLTMNT03_232041,2025_LoL_esports_match_data_from_OraclesElixir.csv,LCK,Rounds 1-2,0,,2025,Regular Season
LOLTMNT03_231086,2025_LoL_esports_match_data_from_OraclesElixir.csv,LCK,Rounds 1-2,0,,2025,Regular Season
LOLTMNT03_232068,2025_LoL_esports_match_data_from_OraclesElixir.csv,LCK,Rounds 1-2,0,,2025,Regular Season
LOLTMNT03_231270,2025_LoL_esports_match_data_from_OraclesElixir.csv,LCK,Rounds 1-2,0,,2025,Regular Season
LOLTMNT03_232248,2025_LoL_esports_match_data_from_OraclesElixir.csv,LCK,Rounds 1-2,0,,2025,Regular Season
LOLTMNT03_232256,2025_LoL_esports_match_data_from_OraclesElixir.csv,LCK,Rounds 1-2,0,,2025,Regular Season
LOLTMNT03_231299,2025_LoL_esports_match_data_from_OraclesElixir.csv,LCK,Rounds 1-2,0,,2025,Regular Season
LOLTMNT03_231301,2025_LoL_esports_match_data_from_OraclesElixir.csv,LCK,Rounds 1-2,0,,2025,Regular Season
LOLTMNT01_228752,2025_LoL_esports_match_data_from_OraclesElixir.csv,LCK,Rounds 1-2,0,,2025,Regular Season
LOLTMNT01_229352,2025_LoL_esports_match_data_from_OraclesElixir.csv,LCK,Rounds 1-2,0,,2025,Regular Season
LOLTMNT01_228803,2025_LoL_esports_match_data_from_OraclesElixir.csv,LCK,Rounds 1-2,0,,2025,Regular Season
LOLTMNT01_228821,2025_LoL_esports_match_data_from_OraclesElixir.csv,LCK,Rounds 1-2,0,,2025,Regular Season
LOLTMNT01_230375,2025_LoL_esports_match_data_from_OraclesElixir.csv,LCK,Rounds 1-2,0,,2025,Regular Season
LOLTMNT01_229915,2025_LoL_esports_match_data_from_OraclesElixir.csv,LCK,Rounds 1-2,0,,2025,Regular Season
LOLTMNT01_229932,2025_LoL_esports_match_data_from_OraclesElixir.csv,LCK,Rounds 1-2,0,,2025,Regular Season
LOLTMNT01_230468,2025_LoL_esports_match_data_from_OraclesElixir.csv,LCK,Rounds 1-2,0,,2025,Regular Season
LOLTMNT01_231505,2025_LoL_esports_match_data_from_OraclesElixir.csv,LCK,Rounds 1-2,0,,2025,Regular Season
LOLTMNT01_232089,2025_LoL_esports_match_data_from_OraclesElixir.csv,LCK,Rounds 1-2,0,,2025,Regular Season
LOLTMNT01_232113,2025_LoL_esports_match_data_from_OraclesElixir.csv,LCK,Rounds 1-2,0,,2025,Regular Season
LOLTMNT01_231666,2025_LoL_esports_match_data_from_OraclesElixir.csv,LCK,Rounds 1-2,0,,2025,Regular Season
LOLTMNT01_231710,2025_LoL_esports_match_data_from_OraclesElixir.csv,LCK,Rounds 1-2,0,,2025,Regular Season
LOLTMNT01_232663,2025_LoL_esports_match_data_from_OraclesElixir.csv,LCK,Rounds 1-2,0,,2025,Regular Season
LOLTMNT01_233515,2025_LoL_esports_match_data_from_OraclesElixir.csv,LCK,Rounds 1-2,0,,2025,Regular Season
LOLTMNT01_233535,2025_LoL_esports_match_data_from_OraclesElixir.csv,LCK,Rounds 1-2,0,,2025,Regular Season
LOLTMNT01_233579,2025_LoL_esports_match_data_from_OraclesElixir.csv,LCK,Rounds 1-2,0,,2025,Regular Season
LOLTMNT01_232817,2025_LoL_esports_match_data_from_OraclesElixir.csv,LCK,Rounds 1-2,0,,2025,Regular Season
LOLTMNT01_234523,2025_LoL_esports_match_data_from_OraclesElixir.csv,LCK,Rounds 1-2,0,,2025,Regular Season
LOLTMNT01_234559,2025_LoL_esports_match_data_from_OraclesElixir.csv,LCK,Rounds 1-2,0,,2025,Regular Season
LOLTMNT01_234587,2025_LoL_esports_match_data_from_OraclesElixir.csv,LCK,Rounds 1-2,0,,2025,Regular Season
LOLTMNT01_235231,2025_LoL_esports_match_data_from_OraclesElixir.csv,LCK,Rounds 1-2,0,,2025,Regular Season
LOLTMNT01_235270,2025_LoL_esports_match_data_from_OraclesElixir.csv,LCK,Rounds 1-2,0,,2025,Regular Season
LOLTMNT01_235289,2025_LoL_esports_match_data_from_OraclesElixir.csv,LCK,Rounds 1-2,0,,2025,Regular Season
LOLTMNT01_237491,2025_LoL_esports_match_data_from_OraclesElixir.csv,LCK,Rounds 1-2,0,,2025,Regular Season
LOLTMNT01_237499,2025_LoL_esports_match_data_from_OraclesElixir.csv,LCK,Rounds 1-2,0,,2025,Regular Season
LOLTMNT01_238025,2025_LoL_esports_match_data_from_OraclesElixir.csv,LCK,Rounds 1-2,0,,2025,Regular Season
LOLTMNT01_237541,2025_LoL_esports_match_data_from_OraclesElixir.csv,LCK,Rounds 1-2,0,,2025,Regular Season
LOLTMNT01_238088,2025_LoL_esports_match_data_from_OraclesElixir.csv,LCK,Rounds 1-2,0,,2025,Regular Season
LOLTMNT01_238405,2025_LoL_esports_match_data_from_OraclesElixir.csv,LCK,Rounds 1-2,0,,2025,Regular Season
LOLTMNT01_237861,2025_LoL_esports_match_data_from_OraclesElixir.csv,LCK,Rounds 1-2,0,,2025,Regular Season
LOLTMNT01_238430,2025_LoL_esports_match_data_from_OraclesElixir.csv,LCK,Rounds 1-2,0,,2025,Regular Season
LOLTMNT01_237894,2025_LoL_esports_match_data_from_OraclesElixir.csv,LCK,Rounds 1-2,0,,2025,Regular Season
LOLTMNT01_237909,2025_LoL_esports_match_data_from_OraclesElixir.csv,LCK,Rounds 1-2,0,,2025,Regular Season
LOLTMNT01_238751,2025_LoL_esports_match_data_from_OraclesElixir.csv,LCK,Rounds 1-2,0,,2025,Regular Season
LOLTMNT01_238758,2025_LoL_esports_match_data_from_OraclesElixir.csv,LCK,Rounds 1-2,0,,2025,Regular Season
LOLTMNT01_239267,2025_LoL_esports_match_data_from_OraclesElixir.csv,LCK,Rounds 1-2,0,,2025,Regular Season
LOLTMNT01_239278,2025_LoL_esports_match_data_from_OraclesElixir.csv,LCK,Rounds 1-2,0,,2025,Regular Season
LOLTMNT01_239481,2025_LoL_esports_match_data_from_OraclesElixir.csv,LCK,Rounds 1-2,0,,2025,Regular Season
LOLTMNT01_239496,2025_LoL_esports_match_data_from_OraclesElixir.csv,LCK,Rounds 1-2,0,,2025,Regular Season
LOLTMNT01_239535,2025_LoL_esports_match_data_from_OraclesElixir.csv,LCK,Rounds 1-2,0,,2025,Regular Season
LOLTMNT01_240045,2025_LoL_esports_match_data_from_OraclesElixir.csv,LCK,Rounds 1-2,0,,2025,Regular Season
LOLTMNT01_240296,2025_LoL_esports_match_data_from_OraclesElixir.csv,LCK,Rounds 1-2,0,,2025,Regular Season
LOLTMNT01_240300,2025_LoL_esports_match_data_from_OraclesElixir.csv,LCK,Rounds 1-2,0,,2025,Regular Season
LOLTMNT01_239787,2025_LoL_esports_match_data_from_OraclesElixir.csv,LCK,Rounds 1-2,0,,2025,Regular Season
LOLTMNT01_240332,2025_LoL_esports_match_data_from_OraclesElixir.csv,LCK,Rounds 1-2,0,,2025,Regular Season
LOLTMNT01_240336,2025_LoL_esports_match_data_from_OraclesElixir.csv,LCK,Rounds 1-2,0,,2025,Regular Season
LOLTMNT02_257604,2025_LoL_esports_match_data_from_OraclesElixir.csv,LCK,Rounds 1-2,0,,2025,Regular Season
LOLTMNT02_258642,2025_LoL_esports_match_data_from_OraclesElixir.csv,LCK,Rounds 1-2,0,,2025,Regular Season
LOLTMNT02_258663,2025_LoL_esports_match_data_from_OraclesElixir.csv,LCK,Rounds 1-2,0,,2025,Regular Season
LOLTMNT02_258702,2025_LoL_esports_match_data_from_OraclesElixir.csv,LCK,Rounds 1-2,0,,2025,Regular Season
LOLTMNT02_258765,2025_LoL_esports_match_data_from_OraclesElixir.csv,LCK,Rounds 1-2,0,,2025,Regular Season
LOLTMNT02_260233,2025_LoL_esports_match_data_from_OraclesElixir.csv,LCK,Rounds 1-2,0,,2025,Regular Season
LOLTMNT02_259265,2025_LoL_esports_match_data_from_OraclesElixir.csv,LCK,Rounds 1-2,0,,2025,Regular Season
LOLTMNT02_260299,2025_LoL_esports_match_data_from_OraclesElixir.csv,LCK,Rounds 1-2,0,,2025,Regular Season
LOLTMNT02_259331,2025_LoL_esports_match_data_from_OraclesElixir.csv,LCK,Rounds 1-2,0,,2025,Regular Season
LOLTMNT02_259995,2025_LoL_esports_match_data_from_OraclesElixir.csv,LCK,Rounds 1-2,0,,2025,Regular Season
LOLTMNT02_261033,2025_LoL_esports_match_data_from_OraclesElixir.csv,LCK,Rounds 1-2,0,,2025,Regular Season
LOLTMNT02_260974,2025_LoL_esports_match_data_from_OraclesElixir.csv,LCK,Rounds 1-2,0,,2025,Regular Season
LOLTMNT02_260988,2025_LoL_esports_match_data_from_OraclesElixir.csv,LCK,Rounds 1-2,0,,2025,Regular Season
LOLTMNT02_262700,2025_LoL_esports_match_data_from_OraclesElixir.csv,LCK,Rounds 1-2,0,,2025,Regular Season
LOLTMNT02_261703,2025_LoL_esports_match_data_from_OraclesElixir.csv,LCK,Rounds 1-2,0,,2025,Regular Season
LOLTMNT02_262780,2025_LoL_esports_match_data_from_OraclesElixir.csv,LCK,Rounds 1-2,0,,2025,Regular Season
LOLTMNT02_262815,2025_LoL_esports_match_data_from_OraclesElixir.csv,LCK,Rounds 1-2,0,,2025,Regular Season
LOLTMNT02_263347,2025_LoL_esports_match_data_from_OraclesElixir.csv,LCK,Rounds 1-2,0,,2025,Regular Season
LOLTMNT02_263369,2025_LoL_esports_match_data_from_OraclesElixir.csv,LCK,Rounds 1-2,0,,2025,Regular Season
LOLTMNT02_263396,2025_LoL_esports_match_data_from_OraclesElixir.csv,LCK,Rounds 1-2,0,,2025,Regular Season
LOLTMNT02_264288,2025_LoL_esports_match_data_from_OraclesElixir.csv,LCK,Rounds 1-2,0,,2025,Regular Season
LOLTMNT02_263459,2025_LoL_esports_match_data_from_OraclesElixir.csv,LCK,Rounds 1-2,0,,2025,Regular Season
LOLTMNT02_265983,2025_LoL_esports_match_data_from_OraclesElixir.csv,LCK,Rounds 1-2,0,,2025,Regular Season
LOLTMNT02_265989,2025_LoL_esports_match_data_from_OraclesElixir.csv,LCK,Rounds 1-2,0,,2025,Regular Season
LOLTMNT02_265995,2025_LoL_esports_match_data_from_OraclesElixir.csv,LCK,Rounds 1-2,0,,2025,Regular Season
LOLTMNT02_266810,2025_LoL_esports_match_data_from_OraclesElixir.csv,LCK,Rounds 1-2,0,,2025,Regular Season
LOLTMNT02_267069,2025_LoL_esports_match_data_from_OraclesElixir.csv,LCK,Rounds 1-2,0,,2025,Regular Season
LOLTMNT02_267104,2025_LoL_esports_match_data_from_OraclesElixir.csv,LCK,Rounds 1-2,0,,2025,Regular Season
LOLTMNT02_268237,2025_LoL_esports_match_data_from_OraclesElixir.csv,LCK,Rounds 1-2,0,,2025,Regular Season
LOLTMNT02_268242,2025_LoL_esports_match_data_from_OraclesElixir.csv,LCK,Rounds 1-2,0,,2025,Regular Season
LOLTMNT02_268252,2025_LoL_esports_match_data_from_OraclesElixir.csv,LCK,Rounds 1-2,0,,2025,Regular Season
LOLTMNT02_268294,2025_LoL_esports_match_data_from_OraclesElixir.csv,LCK,Rounds 1-2,0,,2025,Regular Season
LOLTMNT02_268312,2025_LoL_esports_match_data_from_OraclesElixir.csv,LCK,Rounds 1-2,0,,2025,Regular Season
LOLTMNT02_268334,2025_LoL_esports_match_data_from_OraclesElixir.csv,LCK,Rounds 1-2,0,,2025,Regular Season
LOLTMNT02_268539,2025_LoL_esports_match_data_from_OraclesElixir.csv,LCK,Rounds 1-2,0,,2025,Regular Season
LOLTMNT02_267792,2025_LoL_esports_match_data_from_OraclesElixir.csv,LCK,Rounds 1-2,0,,2025,Regular Season
LOLTMNT02_267812,2025_LoL_esports_match_data_from_OraclesElixir.csv,LCK,Rounds 1-2,0,,2025,Regular Season
LOLTMNT02_267818,2025_LoL_esports_match_data_from_OraclesElixir.csv,LCK,Rounds 1-2,0,,2025,Regular Season
LOLTMNT02_267967,2025_LoL_esports_match_data_from_OraclesElixir.csv,LCK,Rounds 1-2,0,,2025,Regular Season
LOLTMNT02_267969,2025_LoL_esports_match_data_from_OraclesElixir.csv,LCK,Rounds 1-2,0,,2025,Regular Season
LOLTMNT02_268713,2025_LoL_esports_match_data_from_OraclesElixir.csv,LCK,Rounds 1-2,0,,2025,Regular Season
LOLTMNT02_268769,2025_LoL_esports_match_data_from_OraclesElixir.csv,LCK,Rounds 1-2,0,,2025,Regular Season
LOLTMNT02_268811,2025_LoL_esports_match_data_from_OraclesElixir.csv,LCK,Rounds 1-2,0,,2025,Regular Season
LOLTMNT02_269084,2025_LoL_esports_match_data_from_OraclesElixir.csv,LCK,Rounds 1-2,0,,2025,Regular Season
LOLTMNT02_269294,2025_LoL_esports_match_data_from_OraclesElixir.csv,LCK,Rounds 1-2,0,,2025,Regular Season
LOLTMNT02_270047,2025_LoL_esports_match_data_from_OraclesElixir.csv,LCK,Rounds 1-2,0,,2025,Regular Season
LOLTMNT02_269313,2025_LoL_esports_match_data_from_OraclesElixir.csv,LCK,Rounds 1-2,0,,2025,Regular Season
LOLTMNT02_270074,2025_LoL_esports_match_data_from_OraclesElixir.csv,LCK,Rounds 1-2,0,,2025,Regular Season
LOLTMNT03_241129,2025_LoL_esports_match_data_from_OraclesElixir.csv,LCK,Rounds 1-2,0,,2025,Regular Season
LOLTMNT03_241144,2025_LoL_esports_match_data_from_OraclesElixir.csv,LCK,Rounds 1-2,0,,2025,Regular Season
LOLTMNT03_241162,2025_LoL_esports_match_data_from_OraclesElixir.csv,LCK,Rounds 1-2,0,,2025,Regular Season
LOLTMNT03_241226,2025_LoL_esports_match_data_from_OraclesElixir.csv,LCK,Rounds 1-2,0,,2025,Regular Season
LOLTMNT03_240814,2025_LoL_esports_match_data_from_OraclesElixir.csv,LCK,Rounds 1-2,0,,2025,Regular Season
LOLTMNT03_242206,2025_LoL_esports_match_data_from_OraclesElixir.csv,LCK,Rounds 1-2,0,,2025,Regular Season
LOLTMNT03_242218,2025_LoL_esports_match_data_from_OraclesElixir.csv,LCK,Rounds 1-2,0,,2025,Regular Season
LOLTMNT03_241674,2025_LoL_esports_match_data_from_OraclesElixir.csv,LCK,Rounds 1-2,0,,2025,Regular Season
LOLTMNT03_242254,2025_LoL_esports_match_data_from_OraclesElixir.csv,LCK,Rounds 1-2,0,,2025,Regular Season
LOLTMNT03_243096,2025_LoL_esports_match_data_from_OraclesElixir.csv,LCK,Rounds 1-2,0,,2025,Regular Season
LOLTMNT03_242638,2025_LoL_esports_match_data_from_OraclesElixir.csv,LCK,Rounds 1-2,0,,2025,Regular Season
LOLTMNT03_243145,2025_LoL_esports_match_data_from_OraclesElixir.csv,LCK,Rounds 1-2,0,,2025,Regular Season
LOLTMNT03_243166,2025_LoL_esports_match_data_from_OraclesElixir.csv,LCK,Rounds 1-2,0,,2025,Regular Season
LOLTMNT03_242726,2025_LoL_esports_match_data_from_OraclesElixir.csv,LCK,Rounds 1-2,0,,2025,Regular Season
LOLTMNT03_244183,2025_LoL_esports_match_data_from_OraclesElixir.csv,LCK,Rounds 1-2,0,,2025,Regular Season
LOLTMNT03_243654,2025_LoL_esports_match_data_from_OraclesElixir.csv,LCK,Rounds 1-2,0,,2025,Regular Season
LOLTMNT03_243679,2025_LoL_esports_match_data_from_OraclesElixir.csv,LCK,Rounds 1-2,0,,2025,Regular Season
LOLTMNT03_244289,2025_LoL_esports_match_data_from_OraclesElixir.csv,LCK,Rounds 1-2,0,,2025,Regular Season
LOLTMNT03_243757,2025_LoL_esports_match_data_from_OraclesElixir.csv,LCK,Rounds 1-2,0,,2025,Regular Season
LOLTMNT03_245295,2025_LoL_esports_match_data_from_OraclesElixir.csv,LCK,Rounds 1-2,0,,2025,Regular Season
LOLTMNT03_244865,2025_LoL_esports_match_data_from_OraclesElixir.csv,LCK,Rounds 1-2,0,,2025,Regular Season
LOLTMNT03_245333,2025_LoL_esports_match_data_from_OraclesElixir.csv,LCK,Rounds 1-2,0,,2025,Regular Season
LOLTMNT03_244928,2025_LoL_esports_match_data_from_OraclesElixir.csv,LCK,Rounds 1-2,0,,2025,Regular Season
LOLTMNT03_244951,2025_LoL_esports_match_data_from_OraclesElixir.csv,LCK,Rounds 1-2,0,,2025,Regular Season
LOLTMNT03_244968,2025_LoL_esports_match_data_from_OraclesElixir.csv,LCK,Rounds 1-2,0,,2025,Regular Season
LOLTMNT03_248140,2025_LoL_esports_match_data_from_OraclesElixir.csv,LCK,Rounds 1-2,0,,2025,Regular Season
LOLTMNT03_248153,2025_LoL_esports_match_data_from_OraclesElixir.csv,LCK,Rounds 1-2,0,,2025,Regular Season
LOLTMNT03_247772,2025_LoL_esports_match_data_from_OraclesElixir.csv,LCK,Rounds 1-2,0,,2025,Regular Season
LOLTMNT03_248249,2025_LoL_esports_match_data_from_OraclesElixir.csv,LCK,Rounds 1-2,0,,2025,Regular Season
LOLTMNT03_250029,2025_LoL_esports_match_data_from_OraclesElixir.csv,LCK,Rounds 1-2,0,,2025,Regular Season
LOLTMNT03_250487,2025_LoL_esports_match_data_from_OraclesElixir.csv,LCK,Rounds 1-2,0,,2025,Regular Season
LOLTMNT03_251392,2025_LoL_esports_match_data_from_OraclesElixir.csv,LCK,Rounds 1-2,0,,2025,Regular Season
LOLTMNT03_250553,2025_LoL_esports_match_data_from_OraclesElixir.csv,LCK,Rounds 1-2,0,,2025,Regular Season
LOLTMNT03_251520,2025_LoL_esports_match_data_from_OraclesElixir.csv,LCK,Rounds 1-2,0,,2025,Regular Season
LOLTMNT03_251552,2025_LoL_esports_match_data_from_OraclesElixir.csv,LCK,Rounds 1-2,0,,2025,Regular Season
LOLTMNT03_250721,2025_LoL_esports_match_data_from_OraclesElixir.csv,LCK,Rounds 1-2,0,,2025,Regular Season
LOLTMNT03_251983,2025_LoL_esports_match_data_from_OraclesElixir.csv,LCK,Rounds 1-2,0,,2025,Regular Season
LOLTMNT03_251998,2025_LoL_esports_match_data_from_OraclesElixir.csv,LCK,Rounds 1-2,0,,2025,Regular Season
LOLTMNT03_253051,2025_LoL_esports_match_data_from_OraclesElixir.csv,LCK,Rounds 1-2,0,,2025,Regular Season
LOLTMNT03_252111,2025_LoL_esports_match_data_from_OraclesElixir.csv,LCK,Rounds 1-2,0,,2025,Regular Season
LOLTMNT03_252143,2025_LoL_esports_match_data_from_OraclesElixir.csv,LCK,Rounds 1-2,0,,2025,Regular Season
LOLTMNT03_253463,2025_LoL_esports_match_data_from_OraclesElixir.csv,LCK,Rounds 1-2,0,,2025,Regular Season
LOLTMNT03_252517,2025_LoL_esports_match_data_from_OraclesElixir.csv,LCK,Rounds 1-2,0,,2025,Regular Season
LOLTMNT03_252540,2025_LoL_esports_match_data_from_OraclesElixir.csv,LCK,Rounds 1-2,0,,2025,Regular Season
LOLTMNT03_253497,2025_LoL_esports_match_data_from_OraclesElixir.csv,LCK,Rounds 1-2,0,,2025,Regular Season
LOLTMNT03_253707,2025_LoL_esports_match_data_from_OraclesElixir.csv,LCK,Rounds 1-2,0,,2025,Regular Season
LOLTMNT03_253709,2025_LoL_esports_match_data_from_OraclesElixir.csv,LCK,Rounds 1-2,0,,2025,Regular Season
LOLTMNT03_252905,2025_LoL_esports_match_data_from_OraclesElixir.csv,LCK,Rounds 1-2,0,,2025,Regular Season
LOLTMNT03_253750,2025_LoL_esports_match_data_from_OraclesElixir.csv,LCK,Rounds 1-2,0,,2025,Regular Season
LOLTMNT03_252965,2025_LoL_esports_match_data_from_OraclesElixir.csv,LCK,Rounds 1-2,0,,2025,Regular Season
LOLTMNT03_255081,2025_LoL_esports_match_data_from_OraclesElixir.csv,LCK,Rounds 1-2,0,,2025,Regular Season
LOLTMNT03_255086,2025_LoL_esports_match_data_from_OraclesElixir.csv,LCK,Rounds 1-2,0,,2025,Regular Season
LOLTMNT03_254398,2025_LoL_esports_match_data_from_OraclesElixir.csv,LCK,Rounds 1-2,0,,2025,Regular Season
LOLTMNT01_250089,2025_LoL_esports_match_data_from_OraclesElixir.csv,LCK,Rounds 1-2,1,,2025,Road to MSI
LOLTMNT01_249121,2025_LoL_esports_match_data_from_OraclesElixir.csv,LCK,Rounds 1-2,1,,2025,Road to MSI
LOLTMNT01_249126,2025_LoL_esports_match_data_from_OraclesElixir.csv,LCK,Rounds 1-2,1,,2025,Road to MSI
LOLTMNT01_249476,2025_LoL_esports_match_data_from_OraclesElixir.csv,LCK,Rounds 1-2,1,,2025,Road to MSI
LOLTMNT01_250305,2025_LoL_esports_match_data_from_OraclesElixir.csv,LCK,Rounds 1-2,1,,2025,Road to MSI
LOLTMNT01_250311,2025_LoL_esports_match_data_from_OraclesElixir.csv,LCK,Rounds 1-2,1,,2025,Road to MSI
LOLTMNT01_251602,2025_LoL_esports_match_data_from_OraclesElixir.csv,LCK,Rounds 1-2,1,,2025,Road to MSI
LOLTMNT01_252424,2025_LoL_esports_match_data_from_OraclesElixir.csv,LCK,Rounds 1-2,1,,2025,Road to MSI
LOLTMNT01_252430,2025_LoL_esports_match_data_from_OraclesElixir.csv,LCK,Rounds 1-2,1,,2025,Road to MSI
LOLTMNT01_252434,2025_LoL_esports_match_data_from_OraclesElixir.csv,LCK,Rounds 1-2,1,,2025,Road to MSI
LOLTMNT01_252445,2025_LoL_esports_match_data_from_OraclesElixir.csv,LCK,Rounds 1-2,1,,2025,Road to MSI
LOLTMNT01_252598,2025_LoL_esports_match_data_from_OraclesElixir.csv,LCK,Rounds 1-2,1,,2025,Road to MSI
LOLTMNT01_252614,2025_LoL_esports_match_data_from_OraclesElixir.csv,LCK,Rounds 1-2,1,,2025,Road to MSI
LOLTMNT01_252626,2025_LoL_esports_match_data_from_OraclesElixir.csv,LCK,Rounds 1-2,1,,2025,Road to MSI
LOLTMNT01_251863,2025_LoL_esports_match_data_from_OraclesElixir.csv,LCK,Rounds 1-2,1,,2025,Road to MSI
LOLTMNT01_252766,2025_LoL_esports_match_data_from_OraclesElixir.csv,LCK,Rounds 1-2,1,,2025,Road to MSI
LOLTMNT01_253007,2025_LoL_esports_match_data_from_OraclesElixir.csv,LCK,Rounds 1-2,1,,2025,Road to MSI
LOLTMNT01_252771,2025_LoL_esports_match_data_from_OraclesElixir.csv,LCK,Rounds 1-2,1,,2025,Road to MSI
LOLTMNT01_265680,2025_LoL_esports_match_data_from_OraclesElixir.csv,LCK,Rounds 3-5,0,,2025,Regular Season
LOLTMNT01_265707,2025_LoL_esports_match_data_from_OraclesElixir.csv,LCK,Rounds 3-5,0,,2025,Regular Season
LOLTMNT01_264713,2025_LoL_esports_match_data_from_OraclesElixir.csv,LCK,Rounds 3-5,0,,2025,Regular Season
LOLTMNT01_264750,2025_LoL_esports_match_data_from_OraclesElixir.csv,LCK,Rounds 3-5,0,,2025,Regular Season
LOLTMNT01_264776,2025_LoL_esports_match_data_from_OraclesElixir.csv,LCK,Rounds 3-5,0,,2025,Regular Season
LOLTMNT01_266226,2025_LoL_esports_match_data_from_OraclesElixir.csv,LCK,Rounds 3-5,0,,2025,Regular Season
LOLTMNT01_266234,2025_LoL_esports_match_data_from_OraclesElixir.csv,LCK,Rounds 3-5,0,,2025,Regular Season
LOLTMNT01_266276,2025_LoL_esports_match_data_from_OraclesElixir.csv,LCK,Rounds 3-5,0,,2025,Regular Season
LOLTMNT01_266288,2025_LoL_esports_match_data_from_OraclesElixir.csv,LCK,Rounds 3-5,0,,2025,Regular Season
LOLTMNT01_266736,2025_LoL_esports_match_data_from_OraclesElixir.csv,LCK,Rounds 3-5,0,,2025,Regular Season
LOLTMNT01_266753,2025_LoL_esports_match_data_from_OraclesElixir.csv,LCK,Rounds 3-5,0,,2025,Regular Season
LOLTMNT01_266767,2025_LoL_esports_match_data_from_OraclesElixir.csv,LCK,Rounds 3-5,0,,2025,Regular Season
LOLTMNT01_266798,2025_LoL_esports_match_data_from_OraclesElixir.csv,LCK,Rounds 3-5,0,,2025,Regular Season
LOLTMNT01_266815,2025_LoL_esports_match_data_from_OraclesElixir.csv,LCK,Rounds 3-5,0,,2025,Regular Season
LOLTMNT01_266848,2025_LoL_esports_match_data_from_OraclesElixir.csv,LCK,Rounds 3-5,0,,2025,Regular Season
LOLTMNT01_268648,2025_LoL_esports_match_data_from_OraclesElixir.csv,LCK,Rounds 3-5,0,,2025,Regular Season
LOLTMNT01_268653,2025_LoL_esports_match_data_from_OraclesElixir.csv,LCK,Rounds 3-5,0,,2025,Regular Season
LOLTMNT01_269192,2025_LoL_esports_match_data_from_OraclesElixir.csv,LCK,Rounds 3-5,0,,2025,Regular Season
LOLTMNT01_269211,2025_LoL_esports_match_data_from_OraclesElixir.csv,LCK,Rounds 3-5,0,,2025,Regular Season
LOLTMNT01_268996,2025_LoL_esports_match_data_from_OraclesElixir.csv,LCK,Rounds 3-5,0,,2025,Regular Season
LOLTMNT01_270006,2025_LoL_esports_match_data_from_OraclesElixir.csv,LCK,Rounds 3-5,0,,2025,Regular Season
LOLTMNT01_269548,2025_LoL_esports_match_data_from_OraclesElixir.csv,LCK,Rounds 3-5,0,,2025,Regular Season
LOLTMNT01_270043,2025_LoL_esports_match_data_from_OraclesElixir.csv,LCK,Rounds 3-5,0,,2025,Regular Season
LOLTMNT01_270056,2025_LoL_esports_match_data_from_OraclesElixir.csv,LCK,Rounds 3-5,0,,2025,Regular Season
LOLTMNT01_271620,2025_LoL_esports_match_data_from_OraclesElixir.csv,LCK,Rounds 3-5,0,,2025,Regular Season
LOLTMNT01_272131,2025_LoL_esports_match_data_from_OraclesElixir.csv,LCK,Rounds 3-5,0,,2025,Regular Season
LOLTMNT01_272144,2025_LoL_esports_match_data_from_OraclesElixir.csv,LCK,Rounds 3-5,0,,2025,Regular Season
LOLTMNT01_271687,2025_LoL_esports_match_data_from_OraclesElixir.csv,LCK,Rounds 3-5,0,,2025,Regular Season
LOLTMNT01_271704,2025_LoL_esports_match_data_from_OraclesElixir.csv,LCK,Rounds 3-5,0,,2025,Regular Season
LOLTMNT01_272461,2025_LoL_esports_match_data_from_OraclesElixir.csv,LCK,Rounds 3-5,0,,2025,Regular Season
LOLTMNT01_272463,2025_LoL_esports_match_data_from_OraclesElixir.csv,LCK,Rounds 3-5,0,,2025,Regular Season
LOLTMNT01_273014,2025_LoL_esports_match_data_from_OraclesElixir.csv,LCK,Rounds 3-5,0,,2025,Regular Season
LOLTMNT01_273023,2025_LoL_esports_match_data_from_OraclesElixir.csv,LCK,Rounds 3-5,0,,2025,Regular Season
LOLTMNT01_272688,2025_LoL_esports_match_data_from_OraclesElixir.csv,LCK,Rounds 3-5,0,,2025,Regular Season
LOLTMNT01_272695,2025_LoL_esports_match_data_from_OraclesElixir.csv,LCK,Rounds 3-5,0,,2025,Regular Season
LOLTMNT01_273235,2025_LoL_esports_match_data_from_OraclesElixir.csv,LCK,Rounds 3-5,0,,2025,Regular Season
LOLTMNT01_272717,2025_LoL_esports_match_data_from_OraclesElixir.csv,LCK,Rounds 3-5,0,,2025,Regular Season
LOLTMNT01_273344,2025_LoL_esports_match_data_from_OraclesElixir.csv,LCK,Rounds 3-5,0,,2025,Regular Season
LOLTMNT01_272834,2025_LoL_esports_match_data_from_OraclesElixir.csv,LCK,Rounds 3-5,0,,2025,Regular Season
LOLTMNT01_273361,2025_LoL_esports_match_data_from_OraclesElixir.csv,LCK,Rounds 3-5,0,,2025,Regular Season
LOLTMNT01_273365,2025_LoL_esports_match_data_from_OraclesElixir.csv,LCK,Rounds 3-5,0,,2025,Regular Season
LOLTMNT01_273370,2025_LoL_esports_match_data_from_OraclesElixir.csv,LCK,Rounds 3-5,0,,2025,Regular Season
LOLTMNT01_273420,2025_LoL_esports_match_data_from_OraclesElixir.csv,LCK,Rounds 3-5,0,,2025,Regular Season
LOLTMNT01_272915,2025_LoL_esports_match_data_from_OraclesElixir.csv,LCK,Rounds 3-5,0,,2025,Regular Season
LOLTMNT01_273430,2025_LoL_esports_match_data_from_OraclesElixir.csv,LCK,Rounds 3-5,0,,2025,Regular Season
LOLTMNT01_272927,2025_LoL_esports_match_data_from_OraclesElixir.csv,LCK,Rounds 3-5,0,,2025,Regular Season
LOLTMNT02_294403,2025_LoL_esports_match_data_from_OraclesElixir.csv,LCK,Rounds 3-5,0,,2025,Regular Season
LOLTMNT02_295361,2025_LoL_esports_match_data_from_OraclesElixir.csv,LCK,Rounds 3-5,0,,2025,Regular Season
LOLTMNT02_295398,2025_LoL_esports_match_data_from_OraclesElixir.csv,LCK,Rounds 3-5,0,,2025,Regular Season
LOLTMNT02_294485,2025_LoL_esports_match_data_from_OraclesElixir.csv,LCK,Rounds 3-5,0,,2025,Regular Season
LOLTMNT02_294883,2025_LoL_esports_match_data_from_OraclesElixir.csv,LCK,Rounds 3-5,0,,2025,Regular Season
LOLTMNT02_294895,2025_LoL_esports_match_data_from_OraclesElixir.csv,LCK,Rounds 3-5,0,,2025,Regular Season
LOLTMNT02_294910,2025_LoL_esports_match_data_from_OraclesElixir.csv,LCK,Rounds 3-5,0,,2025,Regular Season
LOLTMNT02_295940,2025_LoL_esports_match_data_from_OraclesElixir.csv,LCK,Rounds 3-5,0,,2025,Regular Season
LOLTMNT02_295962,2025_LoL_esports_match_data_from_OraclesElixir.csv,LCK,Rounds 3-5,0,,2025,Regular Season
LOLTMNT02_295986,2025_LoL_esports_match_data_from_OraclesElixir.csv,LCK,Rounds 3-5,0,,2025,Regular Season
LOLTMNT02_296408,2025_LoL_esports_match_data_from_OraclesElixir.csv,LCK,Rounds 3-5,0,,2025,Regular Season
LOLTMNT02_296421,2025_LoL_esports_match_data_from_OraclesElixir.csv,LCK,Rounds 3-5,0,,2025,Regular Season
LOLTMNT02_296450,2025_LoL_esports_match_data_from_OraclesElixir.csv,LCK,Rounds 3-5,0,,2025,Regular Season
LOLTMNT02_296483,2025_LoL_esports_match_data_from_OraclesElixir.csv,LCK,Rounds 3-5,0,,2025,Regular Season
LOLTMNT02_296815,2025_LoL_esports_match_data_from_OraclesElixir.csv,LCK,Rounds 3-5,0,,2025,Regular Season
LOLTMNT02_296825,2025_LoL_esports_match_data_from_OraclesElixir.csv,LCK,Rounds 3-5,0,,2025,Regular Season
LOLTMNT02_296837,2025_LoL_esports_match_data_from_OraclesElixir.csv,LCK,Rounds 3-5,0,,2025,Regular Season
LOLTMNT02_297840,2025_LoL_esports_match_data_from_OraclesElixir.csv,LCK,Rounds 3-5,0,,2025,Regular Season
LOLTMNT02_297863,2025_LoL_esports_match_data_from_OraclesElixir.csv,LCK,Rounds 3-5,0,,2025,Regular Season
LOLTMNT02_298258,2025_LoL_esports_match_data_from_OraclesElixir.csv,LCK,Rounds 3-5,0,,2025,Regular Season
LOLTMNT02_299237,2025_LoL_esports_match_data_from_OraclesElixir.csv,LCK,Rounds 3-5,0,,2025,Regular Season
LOLTMNT02_299274,2025_LoL_esports_match_data_from_OraclesElixir.csv,LCK,Rounds 3-5,0,,2025,Regular Season
LOLTMNT02_298318,2025_LoL_esports_match_data_from_OraclesElixir.csv,LCK,Rounds 3-5,0,,2025,Regular Season
LOLTMNT02_301617,2025_LoL_esports_match_data_from_OraclesElixir.csv,LCK,Rounds 3-5,0,,2025,Regular Season
LOLTMNT02_301624,2025_LoL_esports_match_data_from_OraclesElixir.csv,LCK,Rounds 3-5,0,,2025,Regular Season
LOLTMNT02_301649,2025_LoL_esports_match_data_from_OraclesElixir.csv,LCK,Rounds 3-5,0,,2025,Regular Season
LOLTMNT02_301669,2025_LoL_esports_match_data_from_OraclesElixir.csv,LCK,Rounds 3-5,0,,2025,Regular Season
LOLTMNT02_301689,2025_LoL_esports_match_data_from_OraclesElixir.csv,LCK,Rounds 3-5,0,,2025,Regular Season
LOLTMNT02_301984,2025_LoL_esports_match_data_from_OraclesElixir.csv,LCK,Rounds 3-5,0,,2025,Regular Season
LOLTMNT02_301999,2025_LoL_esports_match_data_from_OraclesElixir.csv,LCK,Rounds 3-5,0,,2025,Regular Season
LOLTMNT02_300855,2025_LoL_esports_match_data_from_OraclesElixir.csv,LCK,Rounds 3-5,0,,2025,Regular Season
LOLTMNT02_300868,2025_LoL_esports_match_data_from_OraclesElixir.csv,LCK,Rounds 3-5,0,,2025,Regular Season
LOLTMNT02_302238,2025_LoL_esports_match_data_from_OraclesElixir.csv,LCK,Rounds 3-5,0,,2025,Regular Season
LOLTMNT02_302252,2025_LoL_esports_match_data_from_OraclesElixir.csv,LCK,Rounds 3-5,0,,2025,Regular Season
LOLTMNT02_302264,2025_LoL_esports_match_data_from_OraclesElixir.csv,LCK,Rounds 3-5,0,,2025,Regular Season
LOLTMNT02_303069,2025_LoL_esports_match_data_from_OraclesElixir.csv,LCK,Rounds 3-5,0,,2025,Regular Season
LOLTMNT02_302301,2025_LoL_esports_match_data_from_OraclesElixir.csv,LCK,Rounds 3-5,0,,2025,Regular Season
LOLTMNT02_303137,2025_LoL_esports_match_data_from_OraclesElixir.csv,LCK,Rounds 3-5,0,,2025,Regular Season
LOLTMNT02_303138,2025_LoL_esports_match_data_from_OraclesElixir.csv,LCK,Rounds 3-5,0,,2025,Regular Season
LOLTMNT02_303139,2025_LoL_esports_match_data_from_OraclesElixir.csv,LCK,Rounds 3-5,0,,2025,Regular Season
LOLTMNT02_303157,2025_LoL_esports_match_data_from_OraclesElixir.csv,LCK,Rounds 3-5,0,,2025,Regular Season
LOLTMNT02_303158,2025_LoL_esports_match_data_from_OraclesElixir.csv,LCK,Rounds 3-5,0,,2025,Regular Season
LOLTMNT02_302398,2025_LoL_esports_match_data_from_OraclesElixir.csv,LCK,Rounds 3-5,0,,2025,Regular Season
LOLTMNT02_302438,2025_LoL_esports_match_data_from_OraclesElixir.csv,LCK,Rounds 3-5,0,,2025,Regular Season
LOLTMNT02_303218,2025_LoL_esports_match_data_from_OraclesElixir.csv,LCK,Rounds 3-5,0,,2025,Regular Season
LOLTMNT02_303220,2025_LoL_esports_match_data_from_OraclesElixir.csv,LCK,Rounds 3-5,0,,2025,Regular Season
LOLTMNT02_302449,2025_LoL_esports_match_data_from_OraclesElixir.csv,LCK,Rounds 3-5,0,,2025,Regular Season
LOLTMNT02_302450,2025_LoL_esports_match_data_from_OraclesElixir.csv,LCK,Rounds 3-5,0,,2025,Regular Season
LOLTMNT03_284103,2025_LoL_esports_match_data_from_OraclesElixir.csv,LCK,Rounds 3-5,0,,2025,Regular Season
LOLTMNT03_284115,2025_LoL_esports_match_data_from_OraclesElixir.csv,LCK,Rounds 3-5,0,,2025,Regular Season
LOLTMNT03_284142,2025_LoL_esports_match_data_from_OraclesElixir.csv,LCK,Rounds 3-5,0,,2025,Regular Season
LOLTMNT03_284170,2025_LoL_esports_match_data_from_OraclesElixir.csv,LCK,Rounds 3-5,0,,2025,Regular Season
LOLTMNT03_284605,2025_LoL_esports_match_data_from_OraclesElixir.csv,LCK,Rounds 3-5,0,,2025,Regular Season
LOLTMNT03_285537,2025_LoL_esports_match_data_from_OraclesElixir.csv,LCK,Rounds 3-5,0,,2025,Regular Season
LOLTMNT03_285549,2025_LoL_esports_match_data_from_OraclesElixir.csv,LCK,Rounds 3-5,0,,2025,Regular Season
LOLTMNT03_284666,2025_LoL_esports_match_data_from_OraclesElixir.csv,LCK,Rounds 3-5,0,,2025,Regular Season
LOLTMNT03_284695,2025_LoL_esports_match_data_from_OraclesElixir.csv,LCK,Rounds 3-5,0,,2025,Regular Season
LOLTMNT03_284713,2025_LoL_esports_match_data_from_OraclesElixir.csv,LCK,Rounds 3-5,0,,2025,Regular Season
LOLTMNT03_287069,2025_LoL_esports_match_data_from_OraclesElixir.csv,LCK,Rounds 3-5,0,,2025,Regular Season
LOLTMNT03_287081,2025_LoL_esports_match_data_from_OraclesElixir.csv,LCK,Rounds 3-5,0,,2025,Regular Season
LOLTMNT03_287101,2025_LoL_esports_match_data_from_OraclesElixir.csv,LCK,Rounds 3-5,0,,2025,Regular Season
LOLTMNT03_286183,2025_LoL_esports_match_data_from_OraclesElixir.csv,LCK,Rounds 3-5,0,,2025,Regular Season
LOLTMNT03_286208,2025_LoL_esports_match_data_from_OraclesElixir.csv,LCK,Rounds 3-5,0,,2025,Regular Season
LOLTMNT03_286241,2025_LoL_esports_match_data_from_OraclesElixir.csv,LCK,Rounds 3-5,0,,2025,Regular Season
LOLTMNT03_286946,2025_LoL_esports_match_data_from_OraclesElixir.csv,LCK,Rounds 3-5,0,,2025,Regular Season
LOLTMNT03_286952,2025_LoL_esports_match_data_from_OraclesElixir.csv,LCK,Rounds 3-5,0,,2025,Regular Season
LOLTMNT03_287529,2025_LoL_esports_match_data_from_OraclesElixir.csv,LCK,Rounds 3-5,0,,2025,Regular Season
LOLTMNT03_286994,2025_LoL_esports_match_data_from_OraclesElixir.csv,LCK,Rounds 3-5,0,,2025,Regular Season
LOLTMNT03_287593,2025_LoL_esports_match_data_from_OraclesElixir.csv,LCK,Rounds 3-5,0,,2025,Regular Season
LOLTMNT03_287634,2025_LoL_esports_match_data_from_OraclesElixir.csv,LCK,Rounds 3-5,0,,2025,Regular Season
LOLTMNT03_288407,2025_LoL_esports_match_data_from_OraclesElixir.csv,LCK,Rounds 3-5,0,,2025,Regular Season
LOLTMNT03_288421,2025_LoL_esports_match_data_from_OraclesElixir.csv,LCK,Rounds 3-5,0,,2025,Regular Season
LOLTMNT03_288450,2025_LoL_esports_match_data_from_OraclesElixir.csv,LCK,Rounds 3-5,0,,2025,Regular Season
LOLTMNT03_288467,2025_LoL_esports_match_data_from_OraclesElixir.csv,LCK,Rounds 3-5,0,,2025,Regular Season
LOLTMNT03_292093,2025_LoL_esports_match_data_from_OraclesElixir.csv,LCK,Rounds 3-5,0,,2025,Regular Season
LOLTMNT03_292099,2025_LoL_esports_match_data_from_OraclesElixir.csv,LCK,Rounds 3-5,0,,2025,Regular Season
LOLTMNT03_291552,2025_LoL_esports_match_data_from_OraclesElixir.csv,LCK,Rounds 3-5,0,,2025,Regular Season
LOLTMNT03_291596,2025_LoL_esports_match_data_from_OraclesElixir.csv,LCK,Rounds 3-5,0,,2025,Regular Season
LOLTMNT03_291623,2025_LoL_esports_match_data_from_OraclesElixir.csv,LCK,Rounds 3-5,0,,2025,Regular Season
LOLTMNT03_293104,2025_LoL_esports_match_data_from_OraclesElixir.csv,LCK,Rounds 3-5,0,,2025,Regular Season
LOLTMNT03_294111,2025_LoL_esports_match_data_from_OraclesElixir.csv,LCK,Rounds 3-5,0,,2025,Regular Season
LOLTMNT03_293145,2025_LoL_esports_match_data_from_OraclesElixir.csv,LCK,Rounds 3-5,0,,2025,Regular Season
LOLTMNT03_293167,2025_LoL_esports_match_data_from_OraclesElixir.csv,LCK,Rounds 3-5,0,,2025,Regular Season
LOLTMNT03_293371,2025_LoL_esports_match_data_from_OraclesElixir.csv,LCK,Rounds 3-5,0,,2025,Regular Season
LOLTMNT03_293376,2025_LoL_esports_match_data_from_OraclesElixir.csv,LCK,Rounds 3-5,0,,2025,Regular Season
LOLTMNT03_294392,2025_LoL_esports_match_data_from_OraclesElixir.csv,LCK,Rounds 3-5,0,,2025,Regular Season
LOLTMNT03_293418,2025_LoL_esports_match_data_from_OraclesElixir.csv,LCK,Rounds 3-5,0,,2025,Regular Season
LOLTMNT03_294428,2025_LoL_esports_match_data_from_OraclesElixir.csv,LCK,Rounds 3-5,0,,2025,Regular Season
LOLTMNT03_293580,2025_LoL_esports_match_data_from_OraclesElixir.csv,LCK,Rounds 3-5,0,,2025,Regular Season
LOLTMNT03_293583,2025_LoL_esports_match_data_from_OraclesElixir.csv,LCK,Rounds 3-5,0,,2025,Regular Season
LOLTMNT03_294600,2025_LoL_esports_match_data_from_OraclesElixir.csv,LCK,Rounds 3-5,0,,2025,Regular Season
LOLTMNT03_294648,2025_LoL_esports_match_data_from_OraclesElixir.csv,LCK,Rounds 3-5,0,,2025,Regular Season
LOLTMNT03_294664,2025_LoL_esports_match_data_from_OraclesElixir.csv,LCK,Rounds 3-5,0,,2025,Regular Season
LOLTMNT03_293648,2025_LoL_esports_match_data_from_OraclesElixir.csv,LCK,Rounds 3-5,0,,2025,Regular Season
LOLTMNT03_294914,2025_LoL_esports_match_data_from_OraclesElixir.csv,LCK,Rounds 3-5,0,,2025,Regular Season
LOLTMNT03_294918,2025_LoL_esports_match_data_from_OraclesElixir.csv,LCK,Rounds 3-5,0,,2025,Regular Season
LOLTMNT03_294949,2025_LoL_esports_match_data_from_OraclesElixir.csv,LCK,Rounds 3-5,0,,2025,Regular Season
LOLTMNT03_294951,2025_LoL_esports_match_data_from_OraclesElixir.csv,LCK,Rounds 3-5,0,,2025,Regular Season
LOLTMNT03_293923,2025_LoL_esports_match_data_from_OraclesElixir.csv,LCK,Rounds 3-5,0,,2025,Regular Season
LOLTMNT01_281294,2025_LoL_esports_match_data_from_OraclesElixir.csv,LCK,Rounds 3-5,1,,2025,Play-In
LOLTMNT01_280651,2025_LoL_esports_match_data_from_OraclesElixir.csv,LCK,Rounds 3-5,1,,2025,Play-In
LOLTMNT01_280659,2025_LoL_esports_match_data_from_OraclesElixir.csv,LCK,Rounds 3-5,1,,2025,Play-In
LOLTMNT01_281315,2025_LoL_esports_match_data_from_OraclesElixir.csv,LCK,Rounds 3-5,1,,2025,Play-In
LOLTMNT01_280682,2025_LoL_esports_match_data_from_OraclesElixir.csv,LCK,Rounds 3-5,1,,2025,Play-In
LOLTMNT01_281588,2025_LoL_esports_match_data_from_OraclesElixir.csv,LCK,Rounds 3-5,1,,2025,Play-In
LOLTMNT01_280941,2025_LoL_esports_match_data_from_OraclesElixir.csv,LCK,Rounds 3-5,1,,2025,Play-In
LOLTMNT01_281603,2025_LoL_esports_match_data_from_OraclesElixir.csv,LCK,Rounds 3-5,1,,2025,Play-In
LOLTMNT01_280961,2025_LoL_esports_match_data_from_OraclesElixir.csv,LCK,Rounds 3-5,1,,2025,Play-In
LOLTMNT01_281636,2025_LoL_esports_match_data_from_OraclesElixir.csv,LCK,Rounds 3-5,1,,2025,Play-In
LOLTMNT01_281893,2025_LoL_esports_match_data_from_OraclesElixir.csv,LCK,Rounds 3-5,1,,2025,Play-In
LOLTMNT01_281906,2025_LoL_esports_match_data_from_OraclesElixir.csv,LCK,Rounds 3-5,1,,2025,Play-In
LOLTMNT01_282298,2025_LoL_esports_match_data_from_OraclesElixir.csv,LCK,Rounds 3-5,1,,2025,Play-In
LOLTMNT01_281961,2025_LoL_esports_match_data_from_OraclesElixir.csv,LCK,Rounds 3-5,1,,2025,Play-In
LOLTMNT01_282847,2025_LoL_esports_match_data_from_OraclesElixir.csv,LCK,Rounds 3-5,1,,2025,Play-In
LOLTMNT01_282855,2025_LoL_esports_match_data_from_OraclesElixir.csv,LCK,Rounds 3-5,1,,2025,Play-In
LOLTMNT01_283478,2025_LoL_esports_match_data_from_OraclesElixir.csv,LCK,Rounds 3-5,1,,2025,Play-In
LOLTMNT01_282880,2025_LoL_esports_match_data_from_OraclesElixir.csv,LCK,Rounds 3-5,1,,2025,Play-In
LOLTMNT01_285206,2025_LoL_esports_match_data_from_OraclesElixir.csv,LCK,Rounds 3-5,1,,2025,Play-In
LOLTMNT01_284752,2025_LoL_esports_match_data_from_OraclesElixir.csv,LCK,Rounds 3-5,1,,2025,Play-In
LOLTMNT01_285222,2025_LoL_esports_match_data_from_OraclesElixir.csv,LCK,Rounds 3-5,1,,2025,Play-In
LOLTMNT01_286625,2025_LoL_esports_match_data_from_OraclesElixir.csv,LCK,Rounds 3-5,1,,2025,Playoff
LOLTMNT01_286643,2025_LoL_esports_match_data_from_OraclesElixir.csv,LCK,Rounds 3-5,1,,2025,Playoff
LOLTMNT01_286647,2025_LoL_esports_match_data_from_OraclesElixir.csv,LCK,Rounds 3-5,1,,2025,Playoff
LOLTMNT01_287140,2025_LoL_esports_match_data_from_OraclesElixir.csv,LCK,Rounds 3-5,1,,2025,Playoff
LOLTMNT01_286664,2025_LoL_esports_match_data_from_OraclesElixir.csv,LCK,Rounds 3-5,1,,2025,Playoff
LOLTMNT01_287346,2025_LoL_esports_match_data_from_OraclesElixir.csv,LCK,Rounds 3-5,1,,2025,Playoff
LOLTMNT01_286890,2025_LoL_esports_match_data_from_OraclesElixir.csv,LCK,Rounds 3-5,1,,2025,Playoff
LOLTMNT01_286895,2025_LoL_esports_match_data_from_OraclesElixir.csv,LCK,Rounds 3-5,1,,2025,Playoff
LOLTMNT01_287373,2025_LoL_esports_match_data_from_OraclesElixir.csv,LCK,Rounds 3-5,1,,2025,Playoff
LOLTMNT01_287805,2025_LoL_esports_match_data_from_OraclesElixir.csv,LCK,Rounds 3-5,1,,2025,Playoff
LOLTMNT01_288374,2025_LoL_esports_match_data_from_OraclesElixir.csv,LCK,Rounds 3-5,1,,2025,Playoff
LOLTMNT01_288399,2025_LoL_esports_match_data_from_OraclesElixir.csv,LCK,Rounds 3-5,1,,2025,Playoff
LOLTMNT01_288435,2025_LoL_esports_match_data_from_OraclesElixir.csv,LCK,Rounds 3-5,1,,2025,Playoff
LOLTMNT01_288450,2025_LoL_esports_match_data_from_OraclesElixir.csv,LCK,Rounds 3-5,1,,2025,Playoff
LOLTMNT01_288565,2025_LoL_esports_match_data_from_OraclesElixir.csv,LCK,Rounds 3-5,1,,2025,Playoff
LOLTMNT01_288570,2025_LoL_esports_match_data_from_OraclesElixir.csv,LCK,Rounds 3-5,1,,2025,Playoff
LOLTMNT01_289038,2025_LoL_esports_match_data_from_OraclesElixir.csv,LCK,Rounds 3-5,1,,2025,Playoff
LOLTMNT01_290095,2025_LoL_esports_match_data_from_OraclesElixir.csv,LCK,Rounds 3-5,1,,2025,Playoff
LOLTMNT01_289566,2025_LoL_esports_match_data_from_OraclesElixir.csv,LCK,Rounds 3-5,1,,2025,Playoff
LOLTMNT01_290114,2025_LoL_esports_match_data_from_OraclesElixir.csv,LCK,Rounds 3-5,1,,2025,Playoff
LOLTMNT01_290125,2025_LoL_esports_match_data_from_OraclesElixir.csv,LCK,Rounds 3-5,1,,2025,Playoff
LOLTMNT01_289676,2025_LoL_esports_match_data_from_OraclesElixir.csv,LCK,Rounds 3-5,1,,2025,Playoff
LOLTMNT01_289688,2025_LoL_esports_match_data_from_OraclesElixir.csv,LCK,Rounds 3-5,1,,2025,Playoff
LOLTMNT01_289699,2025_LoL_esports_match_data_from_OraclesElixir.csv,LCK,Rounds 3-5,1,,2025,Playoff
LOLTMNT01_289712,2025_LoL_esports_match_data_from_OraclesElixir.csv,LCK,Rounds 3-5,1,,2025,Playoff
LOLTMNT01_290456,2025_LoL_esports_match_data_from_OraclesElixir.csv,LCK,Rounds 3-5,1,,2025,Playoff
LOLTMNT01_289914,2025_LoL_esports_match_data_from_OraclesElixir.csv,LCK,Rounds 3-5,1,,2025,Playoff
LOLTMNT01_289916,2025_LoL_esports_match_data_from_OraclesElixir.csv,LCK,Rounds 3-5,1,,2025,Playoff
LOLTMNT01_290576,2025_LoL_esports_match_data_from_OraclesElixir.csv,LCK,Rounds 3-5,1,,2025,Playoff
LOLTMNT01_290579,2025_LoL_esports_match_data_from_OraclesElixir.csv,LCK,Rounds 3-5,1,,2025,Playoff
LOLTMNT01_291045,2025_LoL_esports_match_data_from_OraclesElixir.csv,LCK,Rounds 3-5,1,,2025,Playoff
LOLTMNT01_291064,2025_LoL_esports_match_data_from_OraclesElixir.csv,LCK,Rounds 3-5,1,,2025,Playoff
LOLTMNT01_291071,2025_LoL_esports_match_data_from_OraclesElixir.csv,LCK,Rounds 3-5,1,,2025,Playoff
LOLTMNT01_290897,2025_LoL_esports_match_data_from_OraclesElixir.csv,LCK,Rounds 3-5,1,,2025,Playoff
LOLTMNT01_290898,2025_LoL_esports_match_data_from_OraclesElixir.csv,LCK,Rounds 3-5,1,,2025,Playoff
LOLTMNT01_291427,2025_LoL_esports_match_data_from_OraclesElixir.csv,LCK,Rounds 3-5,1,,2025,Playoff
LOLTMNT01_290949,2025_LoL_esports_match_data_from_OraclesElixir.csv,LCK,Rounds 3-5,1,,2025,Playoff
LOLTMNT01_290950,2025_LoL_esports_match_data_from_OraclesElixir.csv,LCK,Rounds 3-5,1,,2025,Playoff
LOLTMNT01_290952,2025_LoL_esports_match_data_from_OraclesElixir.csv,LCK,Rounds 3-5,1,,2025,Playoff
LOLTMNT01_290953,2025_LoL_esports_match_data_from_OraclesElixir.csv,LCK,Rounds 3-5,1,,2025,Playoff
LOLTMNT03_337058,2026_LoL_esports_match_data_from_OraclesElixir.csv,LCK,Cup,0,,2026,Cup
LOLTMNT03_337069,2026_LoL_esports_match_data_from_OraclesElixir.csv,LCK,Cup,0,,2026,Cup
LOLTMNT03_337081,2026_LoL_esports_match_data_from_OraclesElixir.csv,LCK,Cup,0,,2026,Cup
LOLTMNT03_337109,2026_LoL_esports_match_data_from_OraclesElixir.csv,LCK,Cup,0,,2026,Cup
LOLTMNT03_336084,2026_LoL_esports_match_data_from_OraclesElixir.csv,LCK,Cup,0,,2026,Cup
LOLTMNT03_336244,2026_LoL_esports_match_data_from_OraclesElixir.csv,LCK,Cup,0,,2026,Cup
LOLTMNT03_336246,2026_LoL_esports_match_data_from_OraclesElixir.csv,LCK,Cup,0,,2026,Cup
LOLTMNT03_337298,2026_LoL_esports_match_data_from_OraclesElixir.csv,LCK,Cup,0,,2026,Cup
LOLTMNT03_337304,2026_LoL_esports_match_data_from_OraclesElixir.csv,LCK,Cup,0,,2026,Cup
LOLTMNT03_336495,2026_LoL_esports_match_data_from_OraclesElixir.csv,LCK,Cup,0,,2026,Cup
LOLTMNT03_336502,2026_LoL_esports_match_data_from_OraclesElixir.csv,LCK,Cup,0,,2026,Cup
LOLTMNT03_337590,2026_LoL_esports_match_data_from_OraclesElixir.csv,LCK,Cup,0,,2026,Cup
LOLTMNT03_336511,2026_LoL_esports_match_data_from_OraclesElixir.csv,LCK,Cup,0,,2026,Cup
LOLTMNT03_337603,2026_LoL_esports_match_data_from_OraclesElixir.csv,LCK,Cup,0,,2026,Cup
LOLTMNT03_336667,2026_LoL_esports_match_data_from_OraclesElixir.csv,LCK,Cup,0,,2026,Cup
LOLTMNT03_337754,2026_LoL_esports_match_data_from_OraclesElixir.csv,LCK,Cup,0,,2026,Cup
LOLTMNT03_337756,2026_LoL_esports_match_data_from_OraclesElixir.csv,LCK,Cup,0,,2026,Cup
LOLTMNT03_336695,2026_LoL_esports_match_data_from_OraclesElixir.csv,LCK,Cup,0,,2026,Cup
LOLTMNT03_337782,2026_LoL_esports_match_data_from_OraclesElixir.csv,LCK,Cup,0,,2026,Cup
LOLTMNT03_336834,2026_LoL_esports_match_data_from_OraclesElixir.csv,LCK,Cup,0,,2026,Cup
LOLTMNT03_336842,2026_LoL_esports_match_data_from_OraclesElixir.csv,LCK,Cup,0,,2026,Cup
LOLTMNT03_337890,2026_LoL_esports_match_data_from_OraclesElixir.csv,LCK,Cup,0,,2026,Cup
LOLTMNT03_337894,2026_LoL_esports_match_data_from_OraclesElixir.csv,LCK,Cup,0,,2026,Cup
LOLTMNT03_336867,2026_LoL_esports_match_data_from_OraclesElixir.csv,LCK,Cup,0,,2026,Cup
LOLTMNT03_338494,2026_LoL_esports_match_data_from_OraclesElixir.csv,LCK,Cup,0,,2026,Cup
LOLTMNT03_339373,2026_LoL_esports_match_data_from_OraclesElixir.csv,LCK,Cup,0,,2026,Cup
LOLTMNT03_338498,2026_LoL_esports_match_data_from_OraclesElixir.csv,LCK,Cup,0,,2026,Cup
LOLTMNT03_338517,2026_LoL_esports_match_data_from_OraclesElixir.csv,LCK,Cup,0,,2026,Cup
LOLTMNT03_338532,2026_LoL_esports_match_data_from_OraclesElixir.csv,LCK,Cup,0,,2026,Cup
LOLTMNT03_338544,2026_LoL_esports_match_data_from_OraclesElixir.csv,LCK,Cup,0,,2026,Cup
LOLTMNT03_339583,2026_LoL_esports_match_data_from_OraclesElixir.csv,LCK,Cup,0,,2026,Cup
LOLTMNT03_339592,2026_LoL_esports_match_data_from_OraclesElixir.csv,LCK,Cup,0,,2026,Cup
LOLTMNT03_339605,2026_LoL_esports_match_data_from_OraclesElixir.csv,LCK,Cup,0,,2026,Cup
LOLTMNT03_339627,2026_LoL_esports_match_data_from_OraclesElixir.csv,LCK,Cup,0,,2026,Cup
LOLTMNT03_340003,2026_LoL_esports_match_data_from_OraclesElixir.csv,LCK,Cup,0,,2026,Cup
LOLTMNT03_341143,2026_LoL_esports_match_data_from_OraclesElixir.csv,LCK,Cup,0,,2026,Cup
LOLTMNT03_341150,2026_LoL_esports_match_data_from_OraclesElixir.csv,LCK,Cup,0,,2026,Cup
LOLTMNT03_340138,2026_LoL_esports_match_data_from_OraclesElixir.csv,LCK,Cup,0,,2026,Cup
LOLTMNT03_340145,2026_LoL_esports_match_data_from_OraclesElixir.csv,LCK,Cup,0,,2026,Cup
LOLTMNT03_341173,2026_LoL_esports_match_data_from_OraclesElixir.csv,LCK,Cup,0,,2026,Cup
LOLTMNT03_341253,2026_LoL_esports_match_data_from_OraclesElixir.csv,LCK,Cup,0,,2026,Cup
LOLTMNT03_340232,2026_LoL_esports_match_data_from_OraclesElixir.csv,LCK,Cup,0,,2026,Cup
LOLTMNT03_341276,2026_LoL_esports_match_data_from_OraclesElixir.csv,LCK,Cup,0,,2026,Cup
LOLTMNT03_341342,2026_LoL_esports_match_data_from_OraclesElixir.csv,LCK,Cup,0,,2026,Cup
LOLTMNT03_341348,2026_LoL_esports_match_data_from_OraclesElixir.csv,LCK,Cup,0,,2026,Cup
LOLTMNT03_341399,2026_LoL_esports_match_data_from_OraclesElixir.csv,LCK,Cup,0,,2026,Cup
LOLTMNT03_340339,2026_LoL_esports_match_data_from_OraclesElixir.csv,LCK,Cup,0,,2026,Cup
LOLTMNT03_340341,2026_LoL_esports_match_data_from_OraclesElixir.csv,LCK,Cup,0,,2026,Cup
LOLTMNT03_341439,2026_LoL_esports_match_data_from_OraclesElixir.csv,LCK,Cup,0,,2026,Cup
LOLTMNT03_341446,2026_LoL_esports_match_data_from_OraclesElixir.csv,LCK,Cup,0,,2026,Cup
LOLTMNT03_341450,2026_LoL_esports_match_data_from_OraclesElixir.csv,LCK,Cup,0,,2026,Cup
LOLTMNT01_326821,2026_LoL_esports_match_data_from_OraclesElixir.csv,LCK,Cup,0,,2026,Cup
LOLTMNT01_326837,2026_LoL_esports_match_data_from_OraclesElixir.csv,LCK,Cup,0,,2026,Cup
LOLTMNT01_327784,2026_LoL_esports_match_data_from_OraclesElixir.csv,LCK,Cup,0,,2026,Cup
LOLTMNT01_327799,2026_LoL_esports_match_data_from_OraclesElixir.csv,LCK,Cup,0,,2026,Cup
LOLTMNT01_326904,2026_LoL_esports_match_data_from_OraclesElixir.csv,LCK,Cup,0,,2026,Cup
LOLTMNT01_331103,2026_LoL_esports_match_data_from_OraclesElixir.csv,LCK,Cup,0,,2026,Cup
LOLTMNT01_332133,2026_LoL_esports_match_data_from_OraclesElixir.csv,LCK,Cup,0,,2026,Cup
LOLTMNT01_332152,2026_LoL_esports_match_data_from_OraclesElixir.csv,LCK,Cup,0,,2026,Cup
LOLTMNT01_332170,2026_LoL_esports_match_data_from_OraclesElixir.csv,LCK,Cup,0,,2026,Cup
LOLTMNT01_331607,2026_LoL_esports_match_data_from_OraclesElixir.csv,LCK,Cup,0,,2026,Cup
LOLTMNT01_332667,2026_LoL_esports_match_data_from_OraclesElixir.csv,LCK,Cup,0,,2026,Cup
LOLTMNT01_331640,2026_LoL_esports_match_data_from_OraclesElixir.csv,LCK,Cup,0,,2026,Cup
LOLTMNT01_331650,2026_LoL_esports_match_data_from_OraclesElixir.csv,LCK,Cup,0,,2026,Cup
LOLTMNT01_332727,2026_LoL_esports_match_data_from_OraclesElixir.csv,LCK,Cup,0,,2026,Cup
LOLTMNT01_334295,2026_LoL_esports_match_data_from_OraclesElixir.csv,LCK,Cup,0,,2026,Cup
LOLTMNT01_334313,2026_LoL_esports_match_data_from_OraclesElixir.csv,LCK,Cup,0,,2026,Cup
LOLTMNT01_333373,2026_LoL_esports_match_data_from_OraclesElixir.csv,LCK,Cup,0,,2026,Cup
LOLTMNT01_336016,2026_LoL_esports_match_data_from_OraclesElixir.csv,LCK,Cup,0,,2026,Cup
LOLTMNT01_336021,2026_LoL_esports_match_data_from_OraclesElixir.csv,LCK,Cup,0,,2026,Cup
LOLTMNT01_335069,2026_LoL_esports_match_data_from_OraclesElixir.csv,LCK,Cup,0,,2026,Cup
LOLTMNT01_338397,2026_LoL_esports_match_data_from_OraclesElixir.csv,LCK,Cup,0,,2026,Cup
LOLTMNT01_338416,2026_LoL_esports_match_data_from_OraclesElixir.csv,LCK,Cup,0,,2026,Cup
LOLTMNT01_338422,2026_LoL_esports_match_data_from_OraclesElixir.csv,LCK,Cup,0,,2026,Cup
LOLTMNT01_338447,2026_LoL_esports_match_data_from_OraclesElixir.csv,LCK,Cup,0,,2026,Cup
LOLTMNT01_338459,2026_LoL_esports_match_data_from_OraclesElixir.csv,LCK,Cup,0,,2026,Cup
LOLTMNT01_338589,2026_LoL_esports_match_data_from_OraclesElixir.csv,LCK,Cup,0,,2026,Cup
LOLTMNT01_338603,2026_LoL_esports_match_data_from_OraclesElixir.csv,LCK,Cup,0,,2026,Cup
LOLTMNT01_338625,2026_LoL_esports_match_data_from_OraclesElixir.csv,LCK,Cup,0,,2026,Cup
LOLTMNT01_337768,2026_LoL_esports_match_data_from_OraclesElixir.csv,LCK,Cup,0,,2026,Cup
LOLTMNT01_338644,2026_LoL_esports_match_data_from_OraclesElixir.csv,LCK,Cup,0,,2026,Cup
LOLTMNT01_338745,2026_LoL_esports_match_data_from_OraclesElixir.csv,LCK,Cup,0,,2026,Cup
LOLTMNT01_337856,2026_LoL_esports_match_data_from_OraclesElixir.csv,LCK,Cup,0,,2026,Cup
LOLTMNT01_337859,2026_LoL_esports_match_data_from_OraclesElixir.csv,LCK,Cup,0,,2026,Cup
LOLTMNT02_352362,2026_LoL_esports_match_data_from_OraclesElixir.csv,LCK,Cup,0,,2026,Cup
LOLTMNT02_351385,2026_LoL_esports_match_data_from_OraclesElixir.csv,LCK,Cup,0,,2026,Cup
LOLTMNT02_351402,2026_LoL_esports_match_data_from_OraclesElixir.csv,LCK,Cup,0,,2026,Cup
LOLTMNT02_352407,2026_LoL_esports_match_data_from_OraclesElixir.csv,LCK,Cup,0,,2026,Cup
LOLTMNT02_352429,2026_LoL_esports_match_data_from_OraclesElixir.csv,LCK,Cup,0,,2026,Cup
LOLTMNT02_352782,2026_LoL_esports_match_data_from_OraclesElixir.csv,LCK,Cup,0,,2026,Cup
LOLTMNT02_352790,2026_LoL_esports_match_data_from_OraclesElixir.csv,LCK,Cup,0,,2026,Cup
LOLTMNT02_351807,2026_LoL_esports_match_data_from_OraclesElixir.csv,LCK,Cup,0,,2026,Cup
LOLTMNT02_352851,2026_LoL_esports_match_data_from_OraclesElixir.csv,LCK,Cup,0,,2026,Cup
LOLTMNT02_351868,2026_LoL_esports_match_data_from_OraclesElixir.csv,LCK,Cup,0,,2026,Cup
LOLTMNT02_354256,2026_LoL_esports_match_data_from_OraclesElixir.csv,LCK,Cup,0,,2026,Cup
LOLTMNT02_354263,2026_LoL_esports_match_data_from_OraclesElixir.csv,LCK,Cup,0,,2026,Cup
LOLTMNT02_353283,2026_LoL_esports_match_data_from_OraclesElixir.csv,LCK,Cup,0,,2026,Cup
LOLTMNT02_353312,2026_LoL_esports_match_data_from_OraclesElixir.csv,LCK,Cup,0,,2026,Cup
LOLTMNT02_353559,2026_LoL_esports_match_data_from_OraclesElixir.csv,LCK,Cup,0,,2026,Cup
LOLTMNT02_353572,2026_LoL_esports_match_data_from_OraclesElixir.csv,LCK,Cup,0,,2026,Cup
LOLTMNT02_354619,2026_LoL_esports_match_data_from_OraclesElixir.csv,LCK,Cup,0,,2026,Cup
LOLTMNT02_354641,2026_LoL_esports_match_data_from_OraclesElixir.csv,LCK,Cup,0,,2026,Cup
LOLTMNT02_356392,2026_LoL_esports_match_data_from_OraclesElixir.csv,LCK,Cup,0,,2026,Cup
LOLTMNT02_356399,2026_LoL_esports_match_data_from_OraclesElixir.csv,LCK,Cup,0,,2026,Cup
LOLTMNT02_355443,2026_LoL_esports_match_data_from_OraclesElixir.csv,LCK,Cup,0,,2026,Cup
LOLTMNT02_355446,2026_LoL_esports_match_data_from_OraclesElixir.csv,LCK,Cup,0,,2026,Cup
LOLTMNT02_356582,2026_LoL_esports_match_data_from_OraclesElixir.csv,LCK,Cup,0,,2026,Cup
LOLTMNT02_355631,2026_LoL_esports_match_data_from_OraclesElixir.csv,LCK,Cup,0,,2026,Cup
LOLTMNT02_355637,2026_LoL_esports_match_data_from_OraclesElixir.csv,LCK,Cup,0,,2026,Cup
LOLTMNT02_356609,2026_LoL_esports_match_data_from_OraclesElixir.csv,LCK,Cup,0,,2026,Cup
LOLTMNT02_356695,2026_LoL_esports_match_data_from_OraclesElixir.csv,LCK,Cup,0,,2026,Cup
LOLTMNT02_355782,2026_LoL_esports_match_data_from_OraclesElixir.csv,LCK,Cup,0,,2026,Cup
LOLTMNT02_356711,2026_LoL_esports_match_data_from_OraclesElixir.csv,LCK,Cup,0,,2026,Cup
LOLTMNT02_355793,2026_LoL_esports_match_data_from_OraclesElixir.csv,LCK,Cup,0,,2026,Cup
LOLTMNT02_356869,2026_LoL_esports_match_data_from_OraclesElixir.csv,LCK,Cup,0,,2026,Cup
LOLTMNT02_356875,2026_LoL_esports_match_data_from_OraclesElixir.csv,LCK,Cup,0,,2026,Cup
LOLTMNT02_356881,2026_LoL_esports_match_data_from_OraclesElixir.csv,LCK,Cup,0,,2026,Cup
LOLTMNT02_355917,2026_LoL_esports_match_data_from_OraclesElixir.csv,LCK,Cup,0,,2026,Cup
LOLTMNT02_356890,2026_LoL_esports_match_data_from_OraclesElixir.csv,LCK,Cup,0,,2026,Cup
LOLTMNT02_360177,2026_LoL_esports_match_data_from_OraclesElixir.csv,LCK,Cup,0,,2026,Cup
LOLTMNT02_360180,2026_LoL_esports_match_data_from_OraclesElixir.csv,LCK,Cup,0,,2026,Cup
LOLTMNT02_360183,2026_LoL_esports_match_data_from_OraclesElixir.csv,LCK,Cup,0,,2026,Cup
LOLTMNT02_360283,2026_LoL_esports_match_data_from_OraclesElixir.csv,LCK,Cup,0,,2026,Cup
LOLTMNT02_360285,2026_LoL_esports_match_data_from_OraclesElixir.csv,LCK,Cup,0,,2026,Cup
LOLTMNT02_360286,2026_LoL_esports_match_data_from_OraclesElixir.csv,LCK,Cup,0,,2026,Cup
LOLTMNT02_375568,2026_LoL_esports_match_data_from_OraclesElixir.csv,LCK,Rounds 1-2,0,,2026,Regular Season
LOLTMNT02_375577,2026_LoL_esports_match_data_from_OraclesElixir.csv,LCK,Rounds 1-2,0,,2026,Regular Season
LOLTMNT02_374657,2026_LoL_esports_match_data_from_OraclesElixir.csv,LCK,Rounds 1-2,0,,2026,Regular Season
LOLTMNT02_374671,2026_LoL_esports_match_data_from_OraclesElixir.csv,LCK,Rounds 1-2,0,,2026,Regular Season
LOLTMNT02_374985,2026_LoL_esports_match_data_from_OraclesElixir.csv,LCK,Rounds 1-2,0,,2026,Regular Season
LOLTMNT02_374997,2026_LoL_esports_match_data_from_OraclesElixir.csv,LCK,Rounds 1-2,0,,2026,Regular Season
LOLTMNT02_376019,2026_LoL_esports_match_data_from_OraclesElixir.csv,LCK,Rounds 1-2,0,,2026,Regular Season
LOLTMNT02_376026,2026_LoL_esports_match_data_from_OraclesElixir.csv,LCK,Rounds 1-2,0,,2026,Regular Season
LOLTMNT02_377156,2026_LoL_esports_match_data_from_OraclesElixir.csv,LCK,Rounds 1-2,0,,2026,Regular Season
LOLTMNT02_376203,2026_LoL_esports_match_data_from_OraclesElixir.csv,LCK,Rounds 1-2,0,,2026,Regular Season
LOLTMNT02_376207,2026_LoL_esports_match_data_from_OraclesElixir.csv,LCK,Rounds 1-2,0,,2026,Regular Season
LOLTMNT02_376241,2026_LoL_esports_match_data_from_OraclesElixir.csv,LCK,Rounds 1-2,0,,2026,Regular Season
LOLTMNT02_377199,2026_LoL_esports_match_data_from_OraclesElixir.csv,LCK,Rounds 1-2,0,,2026,Regular Season
LOLTMNT02_376401,2026_LoL_esports_match_data_from_OraclesElixir.csv,LCK,Rounds 1-2,0,,2026,Regular Season
LOLTMNT02_376413,2026_LoL_esports_match_data_from_OraclesElixir.csv,LCK,Rounds 1-2,0,,2026,Regular Season
LOLTMNT02_377394,2026_LoL_esports_match_data_from_OraclesElixir.csv,LCK,Rounds 1-2,0,,2026,Regular Season
LOLTMNT02_376440,2026_LoL_esports_match_data_from_OraclesElixir.csv,LCK,Rounds 1-2,0,,2026,Regular Season
LOLTMNT02_377509,2026_LoL_esports_match_data_from_OraclesElixir.csv,LCK,Rounds 1-2,0,,2026,Regular Season
LOLTMNT02_377512,2026_LoL_esports_match_data_from_OraclesElixir.csv,LCK,Rounds 1-2,0,,2026,Regular Season
LOLTMNT02_376564,2026_LoL_esports_match_data_from_OraclesElixir.csv,LCK,Rounds 1-2,0,,2026,Regular Season
LOLTMNT02_376566,2026_LoL_esports_match_data_from_OraclesElixir.csv,LCK,Rounds 1-2,0,,2026,Regular Season
LOLTMNT01_360022,2026_LoL_esports_match_data_from_OraclesElixir.csv,LCK,Rounds 1-2,0,,2026,Regular Season
LOLTMNT01_360035,2026_LoL_esports_match_data_from_OraclesElixir.csv,LCK,Rounds 1-2,0,,2026,Regular Season
LOLTMNT01_360054,2026_LoL_esports_match_data_from_OraclesElixir.csv,LCK,Rounds 1-2,0,,2026,Regular Season
LOLTMNT01_360067,2026_LoL_esports_match_data_from_OraclesElixir.csv,LCK,Rounds 1-2,0,,2026,Regular Season
LOLTMNT01_359784,2026_LoL_esports_match_data_from_OraclesElixir.csv,LCK,Rounds 1-2,0,,2026,Regular Season
LOLTMNT01_359808,2026_LoL_esports_match_data_from_OraclesElixir.csv,LCK,Rounds 1-2,0,,2026,Regular Season
LOLTMNT01_359829,2026_LoL_esports_match_data_from_OraclesElixir.csv,LCK,Rounds 1-2,0,,2026,Regular Season
LOLTMNT01_359892,2026_LoL_esports_match_data_from_OraclesElixir.csv,LCK,Rounds 1-2,0,,2026,Regular Season
LOLTMNT01_359914,2026_LoL_esports_match_data_from_OraclesElixir.csv,LCK,Rounds 1-2,0,,2026,Regular Season
LOLTMNT01_362027,2026_LoL_esports_match_data_from_OraclesElixir.csv,LCK,Rounds 1-2,0,,2026,Regular Season
LOLTMNT01_361274,2026_LoL_esports_match_data_from_OraclesElixir.csv,LCK,Rounds 1-2,0,,2026,Regular Season
LOLTMNT01_362077,2026_LoL_esports_match_data_from_OraclesElixir.csv,LCK,Rounds 1-2,0,,2026,Regular Season
LOLTMNT01_361313,2026_LoL_esports_match_data_from_OraclesElixir.csv,LCK,Rounds 1-2,0,,2026,Regular Season
LOLTMNT01_361350,2026_LoL_esports_match_data_from_OraclesElixir.csv,LCK,Rounds 1-2,0,,2026,Regular Season
LOLTMNT01_362622,2026_LoL_esports_match_data_from_OraclesElixir.csv,LCK,Rounds 1-2,0,,2026,Regular Season
LOLTMNT01_362650,2026_LoL_esports_match_data_from_OraclesElixir.csv,LCK,Rounds 1-2,0,,2026,Regular Season
LOLTMNT01_361912,2026_LoL_esports_match_data_from_OraclesElixir.csv,LCK,Rounds 1-2,0,,2026,Regular Season
LOLTMNT01_361920,2026_LoL_esports_match_data_from_OraclesElixir.csv,LCK,Rounds 1-2,0,,2026,Regular Season
LOLTMNT01_364097,2026_LoL_esports_match_data_from_OraclesElixir.csv,LCK,Rounds 1-2,0,,2026,Regular Season
LOLTMNT01_363354,2026_LoL_esports_match_data_from_OraclesElixir.csv,LCK,Rounds 1-2,0,,2026,Regular Season
LOLTMNT01_364137,2026_LoL_esports_match_data_from_OraclesElixir.csv,LCK,Rounds 1-2,0,,2026,Regular Season
LOLTMNT01_364149,2026_LoL_esports_match_data_from_OraclesElixir.csv,LCK,Rounds 1-2,0,,2026,Regular Season
LOLTMNT01_365453,2026_LoL_esports_match_data_from_OraclesElixir.csv,LCK,Rounds 1-2,0,,2026,Regular Season
LOLTMNT01_365467,2026_LoL_esports_match_data_from_OraclesElixir.csv,LCK,Rounds 1-2,0,,2026,Regular Season
LOLTMNT01_366241,2026_LoL_esports_match_data_from_OraclesElixir.csv,LCK,Rounds 1-2,0,,2026,Regular Season
LOLTMNT01_366261,2026_LoL_esports_match_data_from_OraclesElixir.csv,LCK,Rounds 1-2,0,,2026,Regular Season
LOLTMNT01_366284,2026_LoL_esports_match_data_from_OraclesElixir.csv,LCK,Rounds 1-2,0,,2026,Regular Season
LOLTMNT01_366570,2026_LoL_esports_match_data_from_OraclesElixir.csv,LCK,Rounds 1-2,0,,2026,Regular Season
LOLTMNT01_365803,2026_LoL_esports_match_data_from_OraclesElixir.csv,LCK,Rounds 1-2,0,,2026,Regular Season
LOLTMNT01_366617,2026_LoL_esports_match_data_from_OraclesElixir.csv,LCK,Rounds 1-2,0,,2026,Regular Season
LOLTMNT01_365830,2026_LoL_esports_match_data_from_OraclesElixir.csv,LCK,Rounds 1-2,0,,2026,Regular Season
LOLTMNT01_367097,2026_LoL_esports_match_data_from_OraclesElixir.csv,LCK,Rounds 1-2,0,,2026,Regular Season
LOLTMNT01_367103,2026_LoL_esports_match_data_from_OraclesElixir.csv,LCK,Rounds 1-2,0,,2026,Regular Season
LOLTMNT01_367128,2026_LoL_esports_match_data_from_OraclesElixir.csv,LCK,Rounds 1-2,0,,2026,Regular Season
LOLTMNT01_367136,2026_LoL_esports_match_data_from_OraclesElixir.csv,LCK,Rounds 1-2,0,,2026,Regular Season
LOLTMNT01_366902,2026_LoL_esports_match_data_from_OraclesElixir.csv,LCK,Rounds 1-2,0,,2026,Regular Season
LOLTMNT01_368128,2026_LoL_esports_match_data_from_OraclesElixir.csv,LCK,Rounds 1-2,0,,2026,Regular Season
LOLTMNT01_368133,2026_LoL_esports_match_data_from_OraclesElixir.csv,LCK,Rounds 1-2,0,,2026,Regular Season
LOLTMNT01_368165,2026_LoL_esports_match_data_from_OraclesElixir.csv,LCK,Rounds 1-2,0,,2026,Regular Season
LOLTMNT01_367338,2026_LoL_esports_match_data_from_OraclesElixir.csv,LCK,Rounds 1-2,0,,2026,Regular Season
LOLTMNT01_368322,2026_LoL_esports_match_data_from_OraclesElixir.csv,LCK,Rounds 1-2,0,,2026,Regular Season
LOLTMNT01_367468,2026_LoL_esports_match_data_from_OraclesElixir.csv,LCK,Rounds 1-2,0,,2026,Regular Season
LOLTMNT01_368343,2026_LoL_esports_match_data_from_OraclesElixir.csv,LCK,Rounds 1-2,0,,2026,Regular Season
LOLTMNT01_368366,2026_LoL_esports_match_data_from_OraclesElixir.csv,LCK,Rounds 1-2,0,,2026,Regular Season
LOLTMNT01_368375,2026_LoL_esports_match_data_from_OraclesElixir.csv,LCK,Rounds 1-2,0,,2026,Regular Season
LOLTMNT02_384269,2026_LoL_esports_match_data_from_OraclesElixir.csv,LCK,Rounds 1-2,0,,2026,Regular Season
LOLTMNT02_383295,2026_LoL_esports_match_data_from_OraclesElixir.csv,LCK,Rounds 1-2,0,,2026,Regular Season
LOLTMNT02_383315,2026_LoL_esports_match_data_from_OraclesElixir.csv,LCK,Rounds 1-2,0,,2026,Regular Season
LOLTMNT02_384348,2026_LoL_esports_match_data_from_OraclesElixir.csv,LCK,Rounds 1-2,0,,2026,Regular Season
LOLTMNT02_384385,2026_LoL_esports_match_data_from_OraclesElixir.csv,LCK,Rounds 1-2,0,,2026,Regular Season
LOLTMNT05_186248,2026_LoL_esports_match_data_from_OraclesElixir.csv,LCK,Rounds 1-2,0,,2026,Regular Season
LOLTMNT05_186249,2026_LoL_esports_match_data_from_OraclesElixir.csv,LCK,Rounds 1-2,0,,2026,Regular Season
LOLTMNT05_186273,2026_LoL_esports_match_data_from_OraclesElixir.csv,LCK,Rounds 1-2,0,,2026,Regular Season
LOLTMNT05_186277,2026_LoL_esports_match_data_from_OraclesElixir.csv,LCK,Rounds 1-2,0,,2026,Regular Season
LOLTMNT05_185400,2026_LoL_esports_match_data_from_OraclesElixir.csv,LCK,Rounds 1-2,0,,2026,Regular Season
LOLTMNT05_185401,2026_LoL_esports_match_data_from_OraclesElixir.csv,LCK,Rounds 1-2,0,,2026,Regular Season
LOLTMNT05_186436,2026_LoL_esports_match_data_from_OraclesElixir.csv,LCK,Rounds 1-2,0,,2026,Regular Season
LOLTMNT05_185414,2026_LoL_esports_match_data_from_OraclesElixir.csv,LCK,Rounds 1-2,0,,2026,Regular Season
LOLTMNT02_388457,2026_LoL_esports_match_data_from_OraclesElixir.csv,LCK,Rounds 1-2,0,,2026,Regular Season
LOLTMNT02_388485,2026_LoL_esports_match_data_from_OraclesElixir.csv,LCK,Rounds 1-2,0,,2026,Regular Season
LOLTMNT05_185498,2026_LoL_esports_match_data_from_OraclesElixir.csv,LCK,Rounds 1-2,0,,2026,Regular Season
LOLTMNT05_185506,2026_LoL_esports_match_data_from_OraclesElixir.csv,LCK,Rounds 1-2,0,,2026,Regular Season
LOLTMNT02_390173,2026_LoL_esports_match_data_from_OraclesElixir.csv,LCK,Rounds 1-2,0,,2026,Regular Season
LOLTMNT02_390189,2026_LoL_esports_match_data_from_OraclesElixir.csv,LCK,Rounds 1-2,0,,2026,Regular Season
LOLTMNT05_185559,2026_LoL_esports_match_data_from_OraclesElixir.csv,LCK,Rounds 1-2,0,,2026,Regular Season
LOLTMNT05_185563,2026_LoL_esports_match_data_from_OraclesElixir.csv,LCK,Rounds 1-2,0,,2026,Regular Season
LOLTMNT05_185757,2026_LoL_esports_match_data_from_OraclesElixir.csv,LCK,Rounds 1-2,0,,2026,Regular Season
LOLTMNT05_185758,2026_LoL_esports_match_data_from_OraclesElixir.csv,LCK,Rounds 1-2,0,,2026,Regular Season
LOLTMNT05_185774,2026_LoL_esports_match_data_from_OraclesElixir.csv,LCK,Rounds 1-2,0,,2026,Regular Season
LOLTMNT05_185776,2026_LoL_esports_match_data_from_OraclesElixir.csv,LCK,Rounds 1-2,0,,2026,Regular Season
LOLTMNT02_394110,2026_LoL_esports_match_data_from_OraclesElixir.csv,LCK,Rounds 1-2,0,,2026,Regular Season
LOLTMNT02_395085,2026_LoL_esports_match_data_from_OraclesElixir.csv,LCK,Rounds 1-2,0,,2026,Regular Season
LOLTMNT02_395093,2026_LoL_esports_match_data_from_OraclesElixir.csv,LCK,Rounds 1-2,0,,2026,Regular Season
LOLTMNT02_394154,2026_LoL_esports_match_data_from_OraclesElixir.csv,LCK,Rounds 1-2,0,,2026,Regular Season
LOLTMNT02_395149,2026_LoL_esports_match_data_from_OraclesElixir.csv,LCK,Rounds 1-2,0,,2026,Regular Season
LOLTMNT02_395369,2026_LoL_esports_match_data_from_OraclesElixir.csv,LCK,Rounds 1-2,0,,2026,Regular Season
LOLTMNT02_394364,2026_LoL_esports_match_data_from_OraclesElixir.csv,LCK,Rounds 1-2,0,,2026,Regular Season
LOLTMNT02_395396,2026_LoL_esports_match_data_from_OraclesElixir.csv,LCK,Rounds 1-2,0,,2026,Regular Season
LOLTMNT02_395404,2026_LoL_esports_match_data_from_OraclesElixir.csv,LCK,Rounds 1-2,0,,2026,Regular Season
LOLTMNT02_395414,2026_LoL_esports_match_data_from_OraclesElixir.csv,LCK,Rounds 1-2,0,,2026,Regular Season
LOLTMNT02_395585,2026_LoL_esports_match_data_from_OraclesElixir.csv,LCK,Rounds 1-2,0,,2026,Regular Season
LOLTMNT02_395589,2026_LoL_esports_match_data_from_OraclesElixir.csv,LCK,Rounds 1-2,0,,2026,Regular Season
LOLTMNT02_394531,2026_LoL_esports_match_data_from_OraclesElixir.csv,LCK,Rounds 1-2,0,,2026,Regular Season
LOLTMNT02_394554,2026_LoL_esports_match_data_from_OraclesElixir.csv,LCK,Rounds 1-2,0,,2026,Regular Season
LOLTMNT02_395635,2026_LoL_esports_match_data_from_OraclesElixir.csv,LCK,Rounds 1-2,0,,2026,Regular Season
LOLTMNT02_395698,2026_LoL_esports_match_data_from_OraclesElixir.csv,LCK,Rounds 1-2,0,,2026,Regular Season
LOLTMNT02_395710,2026_LoL_esports_match_data_from_OraclesElixir.csv,LCK,Rounds 1-2,0,,2026,Regular Season
LOLTMNT02_395739,2026_LoL_esports_match_data_from_OraclesElixir.csv,LCK,Rounds 1-2,0,,2026,Regular Season
LOLTMNT02_395741,2026_LoL_esports_match_data_from_OraclesElixir.csv,LCK,Rounds 1-2,0,,2026,Regular Season
LOLTMNT01_375534,2026_LoL_esports_match_data_from_OraclesElixir.csv,LCK,Rounds 1-2,0,,2026,Regular Season
LOLTMNT01_375573,2026_LoL_esports_match_data_from_OraclesElixir.csv,LCK,Rounds 1-2,0,,2026,Regular Season
LOLTMNT01_376550,2026_LoL_esports_match_data_from_OraclesElixir.csv,LCK,Rounds 1-2,0,,2026,Regular Season
LOLTMNT01_376585,2026_LoL_esports_match_data_from_OraclesElixir.csv,LCK,Rounds 1-2,0,,2026,Regular Season
LOLTMNT01_378089,2026_LoL_esports_match_data_from_OraclesElixir.csv,LCK,Rounds 1-2,0,,2026,Regular Season
LOLTMNT01_378106,2026_LoL_esports_match_data_from_OraclesElixir.csv,LCK,Rounds 1-2,0,,2026,Regular Season
LOLTMNT01_378144,2026_LoL_esports_match_data_from_OraclesElixir.csv,LCK,Rounds 1-2,0,,2026,Regular Season
LOLTMNT01_378170,2026_LoL_esports_match_data_from_OraclesElixir.csv,LCK,Rounds 1-2,0,,2026,Regular Season
LOLTMNT01_378734,2026_LoL_esports_match_data_from_OraclesElixir.csv,LCK,Rounds 1-2,0,,2026,Regular Season
LOLTMNT01_378764,2026_LoL_esports_match_data_from_OraclesElixir.csv,LCK,Rounds 1-2,0,,2026,Regular Season
LOLTMNT01_378900,2026_LoL_esports_match_data_from_OraclesElixir.csv,LCK,Rounds 1-2,0,,2026,Regular Season
LOLTMNT01_377874,2026_LoL_esports_match_data_from_OraclesElixir.csv,LCK,Rounds 1-2,0,,2026,Regular Season
LOLTMNT01_380497,2026_LoL_esports_match_data_from_OraclesElixir.csv,LCK,Rounds 1-2,0,,2026,Regular Season
LOLTMNT01_380553,2026_LoL_esports_match_data_from_OraclesElixir.csv,LCK,Rounds 1-2,0,,2026,Regular Season
LOLTMNT01_379647,2026_LoL_esports_match_data_from_OraclesElixir.csv,LCK,Rounds 1-2,0,,2026,Regular Season
LOLTMNT01_380657,2026_LoL_esports_match_data_from_OraclesElixir.csv,LCK,Rounds 1-2,0,,2026,Regular Season
LOLTMNT01_382057,2026_LoL_esports_match_data_from_OraclesElixir.csv,LCK,Rounds 1-2,0,,2026,Regular Season
LOLTMNT01_382071,2026_LoL_esports_match_data_from_OraclesElixir.csv,LCK,Rounds 1-2,0,,2026,Regular Season
LOLTMNT01_382136,2026_LoL_esports_match_data_from_OraclesElixir.csv,LCK,Rounds 1-2,0,,2026,Regular Season
LOLTMNT01_382172,2026_LoL_esports_match_data_from_OraclesElixir.csv,LCK,Rounds 1-2,0,,2026,Regular Season
LOLTMNT01_382190,2026_LoL_esports_match_data_from_OraclesElixir.csv,LCK,Rounds 1-2,0,,2026,Regular Season
LOLTMNT01_384714,2026_LoL_esports_match_data_from_OraclesElixir.csv,LCK,Rounds 1-2,0,,2026,Regular Season
LOLTMNT01_383765,2026_LoL_esports_match_data_from_OraclesElixir.csv,LCK,Rounds 1-2,0,,2026,Regular Season
LOLTMNT01_384771,2026_LoL_esports_match_data_from_OraclesElixir.csv,LCK,Rounds 1-2,0,,2026,Regular Season
LOLTMNT01_383870,2026_LoL_esports_match_data_from_OraclesElixir.csv,LCK,Rounds 1-2,0,,2026,Regular Season
LOLTMNT01_387134,2026_LoL_esports_match_data_from_OraclesElixir.csv,LCK,Rounds 1-2,0,,2026,Regular Season
LOLTMNT01_388121,2026_LoL_esports_match_data_from_OraclesElixir.csv,LCK,Rounds 1-2,0,,2026,Regular Season
LOLTMNT01_387204,2026_LoL_esports_match_data_from_OraclesElixir.csv,LCK,Rounds 1-2,0,,2026,Regular Season
LOLTMNT01_387218,2026_LoL_esports_match_data_from_OraclesElixir.csv,LCK,Rounds 1-2,0,,2026,Regular Season
LOLTMNT01_388206,2026_LoL_esports_match_data_from_OraclesElixir.csv,LCK,Rounds 1-2,0,,2026,Regular Season
LOLTMNT01_388455,2026_LoL_esports_match_data_from_OraclesElixir.csv,LCK,Rounds 1-2,0,,2026,Regular Season
LOLTMNT01_387607,2026_LoL_esports_match_data_from_OraclesElixir.csv,LCK,Rounds 1-2,0,,2026,Regular Season
LOLTMNT01_388537,2026_LoL_esports_match_data_from_OraclesElixir.csv,LCK,Rounds 1-2,0,,2026,Regular Season
LOLTMNT01_387661,2026_LoL_esports_match_data_from_OraclesElixir.csv,LCK,Rounds 1-2,0,,2026,Regular Season
LOLTMNT01_387874,2026_LoL_esports_match_data_from_OraclesElixir.csv,LCK,Rounds 1-2,0,,2026,Regular Season
LOLTMNT01_387878,2026_LoL_esports_match_data_from_OraclesElixir.csv,LCK,Rounds 1-2,0,,2026,Regular Season
LOLTMNT01_387885,2026_LoL_esports_match_data_from_OraclesElixir.csv,LCK,Rounds 1-2,0,,2026,Regular Season
LOLTMNT01_387927,2026_LoL_esports_match_data_from_OraclesElixir.csv,LCK,Rounds 1-2,0,,2026,Regular Season
LOLTMNT01_387933,2026_LoL_esports_match_data_from_OraclesElixir.csv,LCK,Rounds 1-2,0,,2026,Regular Season
LOLTMNT01_390036,2026_LoL_esports_match_data_from_OraclesElixir.csv,LCK,Rounds 1-2,0,,2026,Regular Season
LOLTMNT01_390048,2026_LoL_esports_match_data_from_OraclesElixir.csv,LCK,Rounds 1-2,0,,2026,Regular Season
LOLTMNT01_390055,2026_LoL_esports_match_data_from_OraclesElixir.csv,LCK,Rounds 1-2,0,,2026,Regular Season
LOLTMNT01_389120,2026_LoL_esports_match_data_from_OraclesElixir.csv,LCK,Rounds 1-2,0,,2026,Regular Season
LOLTMNT01_390098,2026_LoL_esports_match_data_from_OraclesElixir.csv,LCK,Rounds 1-2,0,,2026,Regular Season
LOLTMNT01_389127,2026_LoL_esports_match_data_from_OraclesElixir.csv,LCK,Rounds 1-2,0,,2026,Regular Season
LOLTMNT02_406385,2026_LoL_esports_match_data_from_OraclesElixir.csv,LCK,Rounds 1-2,0,,2026,Regular Season
LOLTMNT02_406405,2026_LoL_esports_match_data_from_OraclesElixir.csv,LCK,Rounds 1-2,0,,2026,Regular Season
LOLTMNT02_405485,2026_LoL_esports_match_data_from_OraclesElixir.csv,LCK,Rounds 1-2,0,,2026,Regular Season
LOLTMNT02_406455,2026_LoL_esports_match_data_from_OraclesElixir.csv,LCK,Rounds 1-2,0,,2026,Regular Season
LOLTMNT02_406485,2026_LoL_esports_match_data_from_OraclesElixir.csv,LCK,Rounds 1-2,0,,2026,Regular Season
LOLTMNT02_406517,2026_LoL_esports_match_data_from_OraclesElixir.csv,LCK,Rounds 1-2,0,,2026,Regular Season
LOLTMNT02_406958,2026_LoL_esports_match_data_from_OraclesElixir.csv,LCK,Rounds 1-2,0,,2026,Regular Season
LOLTMNT02_407057,2026_LoL_esports_match_data_from_OraclesElixir.csv,LCK,Rounds 1-2,0,,2026,Regular Season
LOLTMNT02_408013,2026_LoL_esports_match_data_from_OraclesElixir.csv,LCK,Rounds 1-2,0,,2026,Regular Season
LOLTMNT02_407136,2026_LoL_esports_match_data_from_OraclesElixir.csv,LCK,Rounds 1-2,0,,2026,Regular Season
LOLTMNT02_407167,2026_LoL_esports_match_data_from_OraclesElixir.csv,LCK,Rounds 1-2,0,,2026,Regular Season
LOLTMNT02_408582,2026_LoL_esports_match_data_from_OraclesElixir.csv,LCK,Rounds 1-2,0,,2026,Regular Season
LOLTMNT02_407674,2026_LoL_esports_match_data_from_OraclesElixir.csv,LCK,Rounds 1-2,0,,2026,Regular Season
LOLTMNT02_407714,2026_LoL_esports_match_data_from_OraclesElixir.csv,LCK,Rounds 1-2,0,,2026,Regular Season
LOLTMNT02_407744,2026_LoL_esports_match_data_from_OraclesElixir.csv,LCK,Rounds 1-2,0,,2026,Regular Season
LOLTMNT02_409322,2026_LoL_esports_match_data_from_OraclesElixir.csv,LCK,Rounds 1-2,0,,2026,Regular Season
LOLTMNT02_409387,2026_LoL_esports_match_data_from_OraclesElixir.csv,LCK,Rounds 1-2,0,,2026,Regular Season
LOLTMNT02_409417,2026_LoL_esports_match_data_from_OraclesElixir.csv,LCK,Rounds 1-2,0,,2026,Regular Season
LOLTMNT02_409510,2026_LoL_esports_match_data_from_OraclesElixir.csv,LCK,Rounds 1-2,0,,2026,Regular Season
LOLTMNT02_410580,2026_LoL_esports_match_data_from_OraclesElixir.csv,LCK,Rounds 1-2,0,,2026,Regular Season
LOLTMNT02_410667,2026_LoL_esports_match_data_from_OraclesElixir.csv,LCK,Rounds 1-2,0,,2026,Regular Season
LOLTMNT02_412046,2026_LoL_esports_match_data_from_OraclesElixir.csv,LCK,Rounds 1-2,0,,2026,Regular Season
LOLTMNT02_412073,2026_LoL_esports_match_data_from_OraclesElixir.csv,LCK,Rounds 1-2,0,,2026,Regular Season
LOLTMNT02_411297,2026_LoL_esports_match_data_from_OraclesElixir.csv,LCK,Rounds 1-2,0,,2026,Regular Season
LOLTMNT02_411342,2026_LoL_esports_match_data_from_OraclesElixir.csv,LCK,Rounds 1-2,0,,2026,Regular Season
LOLTMNT02_413377,2026_LoL_esports_match_data_from_OraclesElixir.csv,LCK,Rounds 1-2,0,,2026,Regular Season
LOLTMNT02_414180,2026_LoL_esports_match_data_from_OraclesElixir.csv,LCK,Rounds 1-2,0,,2026,Regular Season
LOLTMNT02_413403,2026_LoL_esports_match_data_from_OraclesElixir.csv,LCK,Rounds 1-2,0,,2026,Regular Season
LOLTMNT02_413460,2026_LoL_esports_match_data_from_OraclesElixir.csv,LCK,Rounds 1-2,0,,2026,Regular Season
LOLTMNT02_414278,2026_LoL_esports_match_data_from_OraclesElixir.csv,LCK,Rounds 1-2,0,,2026,Regular Season
LOLTMNT02_413504,2026_LoL_esports_match_data_from_OraclesElixir.csv,LCK,Rounds 1-2,0,,2026,Regular Season
LOLTMNT02_414553,2026_LoL_esports_match_data_from_OraclesElixir.csv,LCK,Rounds 1-2,0,,2026,Regular Season
LOLTMNT02_414569,2026_LoL_esports_match_data_from_OraclesElixir.csv,LCK,Rounds 1-2,0,,2026,Regular Season
LOLTMNT02_414581,2026_LoL_esports_match_data_from_OraclesElixir.csv,LCK,Rounds 1-2,0,,2026,Regular Season
LOLTMNT02_414612,2026_LoL_esports_match_data_from_OraclesElixir.csv,LCK,Rounds 1-2,0,,2026,Regular Season
LOLTMNT02_413783,2026_LoL_esports_match_data_from_OraclesElixir.csv,LCK,Rounds 1-2,0,,2026,Regular Season
LOLTMNT02_415033,2026_LoL_esports_match_data_from_OraclesElixir.csv,LCK,Rounds 1-2,0,,2026,Regular Season
LOLTMNT02_415073,2026_LoL_esports_match_data_from_OraclesElixir.csv,LCK,Rounds 1-2,0,,2026,Regular Season
LOLTMNT02_415083,2026_LoL_esports_match_data_from_OraclesElixir.csv,LCK,Rounds 1-2,0,,2026,Regular Season
LOLTMNT02_415144,2026_LoL_esports_match_data_from_OraclesElixir.csv,LCK,Rounds 1-2,0,,2026,Regular Season
LOLTMNT02_414922,2026_LoL_esports_match_data_from_OraclesElixir.csv,LCK,Rounds 1-2,0,,2026,Regular Season
LOLTMNT02_415309,2026_LoL_esports_match_data_from_OraclesElixir.csv,LCK,Rounds 1-2,0,,2026,Regular Season
LOLTMNT02_415338,2026_LoL_esports_match_data_from_OraclesElixir.csv,LCK,Rounds 1-2,0,,2026,Regular Season
LOLTMNT02_416145,2026_LoL_esports_match_data_from_OraclesElixir.csv,LCK,Rounds 1-2,0,,2026,Regular Season
LOLTMNT02_415381,2026_LoL_esports_match_data_from_OraclesElixir.csv,LCK,Rounds 1-2,0,,2026,Regular Season
LOLTMNT02_416394,2026_LoL_esports_match_data_from_OraclesElixir.csv,LCK,Rounds 1-2,0,,2026,Regular Season
LOLTMNT02_416414,2026_LoL_esports_match_data_from_OraclesElixir.csv,LCK,Rounds 1-2,0,,2026,Regular Season
LOLTMNT02_416470,2026_LoL_esports_match_data_from_OraclesElixir.csv,LCK,Rounds 1-2,0,,2026,Regular Season
LOLTMNT02_416511,2026_LoL_esports_match_data_from_OraclesElixir.csv,LCK,Rounds 1-2,0,,2026,Regular Season
LOLTMNT01_397879,2026_LoL_esports_match_data_from_OraclesElixir.csv,LCK,Rounds 1-2,1,,2026,Road to MSI
LOLTMNT01_397898,2026_LoL_esports_match_data_from_OraclesElixir.csv,LCK,Rounds 1-2,1,,2026,Road to MSI
LOLTMNT01_397929,2026_LoL_esports_match_data_from_OraclesElixir.csv,LCK,Rounds 1-2,1,,2026,Road to MSI
LOLTMNT01_399193,2026_LoL_esports_match_data_from_OraclesElixir.csv,LCK,Rounds 1-2,1,,2026,Road to MSI
LOLTMNT01_399200,2026_LoL_esports_match_data_from_OraclesElixir.csv,LCK,Rounds 1-2,1,,2026,Road to MSI
LOLTMNT01_398297,2026_LoL_esports_match_data_from_OraclesElixir.csv,LCK,Rounds 1-2,1,,2026,Road to MSI
LOLTMNT01_398312,2026_LoL_esports_match_data_from_OraclesElixir.csv,LCK,Rounds 1-2,1,,2026,Road to MSI
LOLTMNT01_399251,2026_LoL_esports_match_data_from_OraclesElixir.csv,LCK,Rounds 1-2,1,,2026,Road to MSI
LOLTMNT01_405344,2026_LoL_esports_match_data_from_OraclesElixir.csv,LCK,Rounds 1-2,1,,2026,Road to MSI
LOLTMNT01_404412,2026_LoL_esports_match_data_from_OraclesElixir.csv,LCK,Rounds 1-2,1,,2026,Road to MSI
LOLTMNT01_405363,2026_LoL_esports_match_data_from_OraclesElixir.csv,LCK,Rounds 1-2,1,,2026,Road to MSI
LOLTMNT01_405366,2026_LoL_esports_match_data_from_OraclesElixir.csv,LCK,Rounds 1-2,1,,2026,Road to MSI
LOLTMNT01_404540,2026_LoL_esports_match_data_from_OraclesElixir.csv,LCK,Rounds 1-2,1,,2026,Road to MSI
LOLTMNT01_405501,2026_LoL_esports_match_data_from_OraclesElixir.csv,LCK,Rounds 1-2,1,,2026,Road to MSI
LOLTMNT01_404562,2026_LoL_esports_match_data_from_OraclesElixir.csv,LCK,Rounds 1-2,1,,2026,Road to MSI
LOLTMNT01_404715,2026_LoL_esports_match_data_from_OraclesElixir.csv,LCK,Rounds 1-2,1,,2026,Road to MSI
LOLTMNT01_405668,2026_LoL_esports_match_data_from_OraclesElixir.csv,LCK,Rounds 1-2,1,,2026,Road to MSI
LOLTMNT01_405675,2026_LoL_esports_match_data_from_OraclesElixir.csv,LCK,Rounds 1-2,1,,2026,Road to MSI
LOLTMNT01_405694,2026_LoL_esports_match_data_from_OraclesElixir.csv,LCK,Rounds 1-2,1,,2026,Road to MSI
LOLTMNT01_404739,2026_LoL_esports_match_data_from_OraclesElixir.csv,LCK,Rounds 1-2,1,,2026,Road to MSI
LOLTMNT02_442746,2026_LoL_esports_match_data_from_OraclesElixir.csv,LCK,Rounds 3-4,0,,2026,Regular Season
LOLTMNT02_441911,2026_LoL_esports_match_data_from_OraclesElixir.csv,LCK,Rounds 3-4,0,,2026,Regular Season
LOLTMNT02_441926,2026_LoL_esports_match_data_from_OraclesElixir.csv,LCK,Rounds 3-4,0,,2026,Regular Season
LOLTMNT02_441944,2026_LoL_esports_match_data_from_OraclesElixir.csv,LCK,Rounds 3-4,0,,2026,Regular Season
LOLTMNT02_444167,2026_LoL_esports_match_data_from_OraclesElixir.csv,LCK,Rounds 3-4,0,,2026,Regular Season
LOLTMNT02_444200,2026_LoL_esports_match_data_from_OraclesElixir.csv,LCK,Rounds 3-4,0,,2026,Regular Season
LOLTMNT02_443344,2026_LoL_esports_match_data_from_OraclesElixir.csv,LCK,Rounds 3-4,0,,2026,Regular Season
LOLTMNT02_444234,2026_LoL_esports_match_data_from_OraclesElixir.csv,LCK,Rounds 3-4,0,,2026,Regular Season
LOLTMNT02_443370,2026_LoL_esports_match_data_from_OraclesElixir.csv,LCK,Rounds 3-4,0,,2026,Regular Season
LOLTMNT02_444480,2026_LoL_esports_match_data_from_OraclesElixir.csv,LCK,Rounds 3-4,0,,2026,Regular Season
LOLTMNT02_444494,2026_LoL_esports_match_data_from_OraclesElixir.csv,LCK,Rounds 3-4,0,,2026,Regular Season
LOLTMNT02_444519,2026_LoL_esports_match_data_from_OraclesElixir.csv,LCK,Rounds 3-4,0,,2026,Regular Season
LOLTMNT02_443601,2026_LoL_esports_match_data_from_OraclesElixir.csv,LCK,Rounds 3-4,0,,2026,Regular Season
LOLTMNT02_443609,2026_LoL_esports_match_data_from_OraclesElixir.csv,LCK,Rounds 3-4,0,,2026,Regular Season
LOLTMNT02_444700,2026_LoL_esports_match_data_from_OraclesElixir.csv,LCK,Rounds 3-4,0,,2026,Regular Season
LOLTMNT02_443744,2026_LoL_esports_match_data_from_OraclesElixir.csv,LCK,Rounds 3-4,0,,2026,Regular Season
LOLTMNT02_444714,2026_LoL_esports_match_data_from_OraclesElixir.csv,LCK,Rounds 3-4,0,,2026,Regular Season
LOLTMNT02_444730,2026_LoL_esports_match_data_from_OraclesElixir.csv,LCK,Rounds 3-4,0,,2026,Regular Season
LOLTMNT02_444825,2026_LoL_esports_match_data_from_OraclesElixir.csv,LCK,Rounds 3-4,0,,2026,Regular Season
LOLTMNT02_443839,2026_LoL_esports_match_data_from_OraclesElixir.csv,LCK,Rounds 3-4,0,,2026,Regular Season
LOLTMNT02_443840,2026_LoL_esports_match_data_from_OraclesElixir.csv,LCK,Rounds 3-4,0,,2026,Regular Season
LOLTMNT02_443862,2026_LoL_esports_match_data_from_OraclesElixir.csv,LCK,Rounds 3-4,0,,2026,Regular Season
LOLTMNT02_444842,2026_LoL_esports_match_data_from_OraclesElixir.csv,LCK,Rounds 3-4,0,,2026,Regular Season
LOLTMNT02_443868,2026_LoL_esports_match_data_from_OraclesElixir.csv,LCK,Rounds 3-4,0,,2026,Regular Season
LOLTMNT01_437088,2026_LoL_esports_match_data_from_OraclesElixir.csv,LCK,Rounds 3-4,0,,2026,Regular Season
LOLTMNT01_438084,2026_LoL_esports_match_data_from_OraclesElixir.csv,LCK,Rounds 3-4,0,,2026,Regular Season
LOLTMNT01_438094,2026_LoL_esports_match_data_from_OraclesElixir.csv,LCK,Rounds 3-4,0,,2026,Regular Season
LOLTMNT01_438137,2026_LoL_esports_match_data_from_OraclesElixir.csv,LCK,Rounds 3-4,0,,2026,Regular Season
LOLTMNT01_437185,2026_LoL_esports_match_data_from_OraclesElixir.csv,LCK,Rounds 3-4,0,,2026,Regular Season
LOLTMNT01_438177,2026_LoL_esports_match_data_from_OraclesElixir.csv,LCK,Rounds 3-4,0,,2026,Regular Season
LOLTMNT01_437554,2026_LoL_esports_match_data_from_OraclesElixir.csv,LCK,Rounds 3-4,0,,2026,Regular Season
LOLTMNT01_437576,2026_LoL_esports_match_data_from_OraclesElixir.csv,LCK,Rounds 3-4,0,,2026,Regular Season
LOLTMNT01_438592,2026_LoL_esports_match_data_from_OraclesElixir.csv,LCK,Rounds 3-4,0,,2026,Regular Season
LOLTMNT01_438604,2026_LoL_esports_match_data_from_OraclesElixir.csv,LCK,Rounds 3-4,0,,2026,Regular Season
LOLTMNT01_437976,2026_LoL_esports_match_data_from_OraclesElixir.csv,LCK,Rounds 3-4,0,,2026,Regular Season
LOLTMNT01_439046,2026_LoL_esports_match_data_from_OraclesElixir.csv,LCK,Rounds 3-4,0,,2026,Regular Season
LOLTMNT01_440028,2026_LoL_esports_match_data_from_OraclesElixir.csv,LCK,Rounds 3-4,0,,2026,Regular Season
LOLTMNT01_440045,2026_LoL_esports_match_data_from_OraclesElixir.csv,LCK,Rounds 3-4,0,,2026,Regular Season
LOLTMNT01_440328,2026_LoL_esports_match_data_from_OraclesElixir.csv,LCK,Rounds 3-4,0,,2026,Regular Season
LOLTMNT01_439357,2026_LoL_esports_match_data_from_OraclesElixir.csv,LCK,Rounds 3-4,0,,2026,Regular Season
LOLTMNT01_440356,2026_LoL_esports_match_data_from_OraclesElixir.csv,LCK,Rounds 3-4,0,,2026,Regular Season
LOLTMNT01_440394,2026_LoL_esports_match_data_from_OraclesElixir.csv,LCK,Rounds 3-4,0,,2026,Regular Season
LOLTMNT01_439418,2026_LoL_esports_match_data_from_OraclesElixir.csv,LCK,Rounds 3-4,0,,2026,Regular Season
LOLTMNT01_439669,2026_LoL_esports_match_data_from_OraclesElixir.csv,LCK,Rounds 3-4,0,,2026,Regular Season
LOLTMNT01_440665,2026_LoL_esports_match_data_from_OraclesElixir.csv,LCK,Rounds 3-4,0,,2026,Regular Season
LOLTMNT01_440684,2026_LoL_esports_match_data_from_OraclesElixir.csv,LCK,Rounds 3-4,0,,2026,Regular Season
LOLTMNT01_439728,2026_LoL_esports_match_data_from_OraclesElixir.csv,LCK,Rounds 3-4,0,,2026,Regular Season
LOLTMNT01_440741,2026_LoL_esports_match_data_from_OraclesElixir.csv,LCK,Rounds 3-4,0,,2026,Regular Season
LOLTMNT01_442886,2026_LoL_esports_match_data_from_OraclesElixir.csv,LCK,Rounds 3-4,0,,2026,Regular Season
LOLTMNT01_441931,2026_LoL_esports_match_data_from_OraclesElixir.csv,LCK,Rounds 3-4,0,,2026,Regular Season
LOLTMNT01_441936,2026_LoL_esports_match_data_from_OraclesElixir.csv,LCK,Rounds 3-4,0,,2026,Regular Season
LOLTMNT01_441955,2026_LoL_esports_match_data_from_OraclesElixir.csv,LCK,Rounds 3-4,0,,2026,Regular Season
LOLTMNT01_441971,2026_LoL_esports_match_data_from_OraclesElixir.csv,LCK,Rounds 3-4,0,,2026,Regular Season
LOLTMNT01_443225,2026_LoL_esports_match_data_from_OraclesElixir.csv,LCK,Rounds 3-4,0,,2026,Regular Season
LOLTMNT01_444209,2026_LoL_esports_match_data_from_OraclesElixir.csv,LCK,Rounds 3-4,0,,2026,Regular Season
LOLTMNT01_443259,2026_LoL_esports_match_data_from_OraclesElixir.csv,LCK,Rounds 3-4,0,,2026,Regular Season
LOLTMNT01_444239,2026_LoL_esports_match_data_from_OraclesElixir.csv,LCK,Rounds 3-4,0,,2026,Regular Season
LOLTMNT01_443303,2026_LoL_esports_match_data_from_OraclesElixir.csv,LCK,Rounds 3-4,0,,2026,Regular Season
LOLTMNT01_443574,2026_LoL_esports_match_data_from_OraclesElixir.csv,LCK,Rounds 3-4,0,,2026,Regular Season
LOLTMNT01_444547,2026_LoL_esports_match_data_from_OraclesElixir.csv,LCK,Rounds 3-4,0,,2026,Regular Season
LOLTMNT01_444568,2026_LoL_esports_match_data_from_OraclesElixir.csv,LCK,Rounds 3-4,0,,2026,Regular Season
LOLTMNT01_444599,2026_LoL_esports_match_data_from_OraclesElixir.csv,LCK,Rounds 3-4,0,,2026,Regular Season
LOLTMNT01_443649,2026_LoL_esports_match_data_from_OraclesElixir.csv,LCK,Rounds 3-4,0,,2026,Regular Season
LOLTMNT01_443758,2026_LoL_esports_match_data_from_OraclesElixir.csv,LCK,Rounds 3-4,0,,2026,Regular Season
LOLTMNT01_444718,2026_LoL_esports_match_data_from_OraclesElixir.csv,LCK,Rounds 3-4,0,,2026,Regular Season
LOLTMNT01_443787,2026_LoL_esports_match_data_from_OraclesElixir.csv,LCK,Rounds 3-4,0,,2026,Regular Season
LOLTMNT01_444760,2026_LoL_esports_match_data_from_OraclesElixir.csv,LCK,Rounds 3-4,0,,2026,Regular Season
LOLTMNT01_444770,2026_LoL_esports_match_data_from_OraclesElixir.csv,LCK,Rounds 3-4,0,,2026,Regular Season
LOLTMNT01_444860,2026_LoL_esports_match_data_from_OraclesElixir.csv,LCK,Rounds 3-4,0,,2026,Regular Season
LOLTMNT01_443917,2026_LoL_esports_match_data_from_OraclesElixir.csv,LCK,Rounds 3-4,0,,2026,Regular Season
LOLTMNT01_443931,2026_LoL_esports_match_data_from_OraclesElixir.csv,LCK,Rounds 3-4,0,,2026,Regular Season
LOLTMNT01_443935,2026_LoL_esports_match_data_from_OraclesElixir.csv,LCK,Rounds 3-4,0,,2026,Regular Season
LOLTMNT01_443939,2026_LoL_esports_match_data_from_OraclesElixir.csv,LCK,Rounds 3-4,0,,2026,Regular Season
LOLTMNT02_452633,2026_LoL_esports_match_data_from_OraclesElixir.csv,LCK,Rounds 3-4,0,,2026,Regular Season
LOLTMNT02_451793,2026_LoL_esports_match_data_from_OraclesElixir.csv,LCK,Rounds 3-4,0,,2026,Regular Season
LOLTMNT02_451797,2026_LoL_esports_match_data_from_OraclesElixir.csv,LCK,Rounds 3-4,0,,2026,Regular Season
LOLTMNT02_451827,2026_LoL_esports_match_data_from_OraclesElixir.csv,LCK,Rounds 3-4,0,,2026,Regular Season
LOLTMNT02_451854,2026_LoL_esports_match_data_from_OraclesElixir.csv,LCK,Rounds 3-4,0,,2026,Regular Season
LOLTMNT02_454038,2026_LoL_esports_match_data_from_OraclesElixir.csv,LCK,Rounds 3-4,0,,2026,Regular Season
LOLTMNT02_454063,2026_LoL_esports_match_data_from_OraclesElixir.csv,LCK,Rounds 3-4,0,,2026,Regular Season
LOLTMNT02_454084,2026_LoL_esports_match_data_from_OraclesElixir.csv,LCK,Rounds 3-4,0,,2026,Regular Season
LOLTMNT02_453228,2026_LoL_esports_match_data_from_OraclesElixir.csv,LCK,Rounds 3-4,0,,2026,Regular Season
LOLTMNT02_457093,2026_LoL_esports_match_data_from_OraclesElixir.csv,LCK,Rounds 3-4,0,,2026,Regular Season
LOLTMNT02_456141,2026_LoL_esports_match_data_from_OraclesElixir.csv,LCK,Rounds 3-4,0,,2026,Regular Season
LOLTMNT02_457144,2026_LoL_esports_match_data_from_OraclesElixir.csv,LCK,Rounds 3-4,0,,2026,Regular Season
LOLTMNT02_457183,2026_LoL_esports_match_data_from_OraclesElixir.csv,LCK,Rounds 3-4,0,,2026,Regular Season
LOLTMNT02_457197,2026_LoL_esports_match_data_from_OraclesElixir.csv,LCK,Rounds 3-4,0,,2026,Regular Season
LOLTMNT02_457213,2026_LoL_esports_match_data_from_OraclesElixir.csv,LCK,Rounds 3-4,0,,2026,Regular Season
LOLTMNT02_456427,2026_LoL_esports_match_data_from_OraclesElixir.csv,LCK,Rounds 3-4,0,,2026,Regular Season
LOLTMNT02_456447,2026_LoL_esports_match_data_from_OraclesElixir.csv,LCK,Rounds 3-4,0,,2026,Regular Season
LOLTMNT02_456460,2026_LoL_esports_match_data_from_OraclesElixir.csv,LCK,Rounds 3-4,0,,2026,Regular Season
LOLTMNT02_457532,2026_LoL_esports_match_data_from_OraclesElixir.csv,LCK,Rounds 3-4,0,,2026,Regular Season
LOLTMNT02_457558,2026_LoL_esports_match_data_from_OraclesElixir.csv,LCK,Rounds 3-4,0,,2026,Regular Season
LOLTMNT02_456749,2026_LoL_esports_match_data_from_OraclesElixir.csv,LCK,Rounds 3-4,0,,2026,Regular Season
LOLTMNT02_456759,2026_LoL_esports_match_data_from_OraclesElixir.csv,LCK,Rounds 3-4,0,,2026,Regular Season
LOLTMNT02_457803,2026_LoL_esports_match_data_from_OraclesElixir.csv,LCK,Rounds 3-4,0,,2026,Regular Season
LOLTMNT02_457811,2026_LoL_esports_match_data_from_OraclesElixir.csv,LCK,Rounds 3-4,0,,2026,Regular Season
LOLTMNT02_456807,2026_LoL_esports_match_data_from_OraclesElixir.csv,LCK,Rounds 3-4,0,,2026,Regular Season
LOLTMNT02_459552,2026_LoL_esports_match_data_from_OraclesElixir.csv,LCK,Rounds 3-4,1,,2026,Play-In
LOLTMNT02_459565,2026_LoL_esports_match_data_from_OraclesElixir.csv,LCK,Rounds 3-4,1,,2026,Play-In
LOLTMNT02_459574,2026_LoL_esports_match_data_from_OraclesElixir.csv,LCK,Rounds 3-4,1,,2026,Play-In
LOLTMNT02_458575,2026_LoL_esports_match_data_from_OraclesElixir.csv,LCK,Rounds 3-4,1,,2026,Play-In
LOLTMNT02_458596,2026_LoL_esports_match_data_from_OraclesElixir.csv,LCK,Rounds 3-4,1,,2026,Play-In
LOLTMNT02_458778,2026_LoL_esports_match_data_from_OraclesElixir.csv,LCK,Rounds 3-4,1,,2026,Play-In
LOLTMNT02_458797,2026_LoL_esports_match_data_from_OraclesElixir.csv,LCK,Rounds 3-4,1,,2026,Play-In
LOLTMNT02_458808,2026_LoL_esports_match_data_from_OraclesElixir.csv,LCK,Rounds 3-4,1,,2026,Play-In
LOLTMNT02_458824,2026_LoL_esports_match_data_from_OraclesElixir.csv,LCK,Rounds 3-4,1,,2026,Play-In
LOLTMNT02_461046,2026_LoL_esports_match_data_from_OraclesElixir.csv,LCK,Rounds 3-4,1,,2026,Play-In
LOLTMNT02_461064,2026_LoL_esports_match_data_from_OraclesElixir.csv,LCK,Rounds 3-4,1,,2026,Play-In
LOLTMNT02_461095,2026_LoL_esports_match_data_from_OraclesElixir.csv,LCK,Rounds 3-4,1,,2026,Play-In
LOLTMNT02_461110,2026_LoL_esports_match_data_from_OraclesElixir.csv,LCK,Rounds 3-4,1,,2026,Play-In
LOLTMNT02_461127,2026_LoL_esports_match_data_from_OraclesElixir.csv,LCK,Rounds 3-4,1,,2026,Play-In
LOLTMNT02_461258,2026_LoL_esports_match_data_from_OraclesElixir.csv,LCK,Rounds 3-4,1,,2026,Playoff
LOLTMNT02_460279,2026_LoL_esports_match_data_from_OraclesElixir.csv,LCK,Rounds 3-4,1,,2026,Playoff
LOLTMNT02_460287,2026_LoL_esports_match_data_from_OraclesElixir.csv,LCK,Rounds 3-4,1,,2026,Playoff
LOLTMNT02_461283,2026_LoL_esports_match_data_from_OraclesElixir.csv,LCK,Rounds 3-4,1,,2026,Playoff
LOLTMNT02_461296,2026_LoL_esports_match_data_from_OraclesElixir.csv,LCK,Rounds 3-4,1,,2026,Playoff
LOLTMNT02_461410,2026_LoL_esports_match_data_from_OraclesElixir.csv,LCK,Rounds 3-4,1,,2026,Playoff
LOLTMNT02_461420,2026_LoL_esports_match_data_from_OraclesElixir.csv,LCK,Rounds 3-4,1,,2026,Playoff
LOLTMNT02_461430,2026_LoL_esports_match_data_from_OraclesElixir.csv,LCK,Rounds 3-4,1,,2026,Playoff
LOLTMNT02_461660,2026_LoL_esports_match_data_from_OraclesElixir.csv,LCK,Rounds 3-4,1,,2026,Playoff
LOLTMNT02_460605,2026_LoL_esports_match_data_from_OraclesElixir.csv,LCK,Rounds 3-4,1,,2026,Playoff
LOLTMNT02_461672,2026_LoL_esports_match_data_from_OraclesElixir.csv,LCK,Rounds 3-4,1,,2026,Playoff
LOLTMNT02_461735,2026_LoL_esports_match_data_from_OraclesElixir.csv,LCK,Rounds 3-4,1,,2026,Playoff
LOLTMNT02_460676,2026_LoL_esports_match_data_from_OraclesElixir.csv,LCK,Rounds 3-4,1,,2026,Playoff
LOLTMNT02_460684,2026_LoL_esports_match_data_from_OraclesElixir.csv,LCK,Rounds 3-4,1,,2026,Playoff
LOLTMNT02_460687,2026_LoL_esports_match_data_from_OraclesElixir.csv,LCK,Rounds 3-4,1,,2026,Playoff
LOLTMNT02_460694,2026_LoL_esports_match_data_from_OraclesElixir.csv,LCK,Rounds 3-4,1,,2026,Playoff
LOLTMNT02_460749,2026_LoL_esports_match_data_from_OraclesElixir.csv,LCK,Rounds 3-4,1,,2026,Playoff
LOLTMNT02_460761,2026_LoL_esports_match_data_from_OraclesElixir.csv,LCK,Rounds 3-4,1,,2026,Playoff
LOLTMNT02_460772,2026_LoL_esports_match_data_from_OraclesElixir.csv,LCK,Rounds 3-4,1,,2026,Playoff
LOLTMNT02_460780,2026_LoL_esports_match_data_from_OraclesElixir.csv,LCK,Rounds 3-4,1,,2026,Playoff
LOLTMNT02_460789,2026_LoL_esports_match_data_from_OraclesElixir.csv,LCK,Rounds 3-4,1,,2026,Playoff
LOLTMNT02_460906,2026_LoL_esports_match_data_from_OraclesElixir.csv,LCK,Rounds 3-4,1,,2026,Playoff
LOLTMNT02_460917,2026_LoL_esports_match_data_from_OraclesElixir.csv,LCK,Rounds 3-4,1,,2026,Playoff
LOLTMNT02_460928,2026_LoL_esports_match_data_from_OraclesElixir.csv,LCK,Rounds 3-4,1,,2026,Playoff
LOLTMNT02_462043,2026_LoL_esports_match_data_from_OraclesElixir.csv,LCK,Rounds 3-4,1,,2026,Playoff
LOLTMNT02_462135,2026_LoL_esports_match_data_from_OraclesElixir.csv,LCK,Rounds 3-4,1,,2026,Playoff
LOLTMNT02_462142,2026_LoL_esports_match_data_from_OraclesElixir.csv,LCK,Rounds 3-4,1,,2026,Playoff
LOLTMNT02_460995,2026_LoL_esports_match_data_from_OraclesElixir.csv,LCK,Rounds 3-4,1,,2026,Playoff
LOLTMNT02_461000,2026_LoL_esports_match_data_from_OraclesElixir.csv,LCK,Rounds 3-4,1,,2026,Playoff
LOLTMNT02_463036,2026_LoL_esports_match_data_from_OraclesElixir.csv,LCK,Rounds 3-4,1,,2026,Playoff
LOLTMNT02_463047,2026_LoL_esports_match_data_from_OraclesElixir.csv,LCK,Rounds 3-4,1,,2026,Playoff
LOLTMNT02_462218,2026_LoL_esports_match_data_from_OraclesElixir.csv,LCK,Rounds 3-4,1,,2026,Playoff
LOLTMNT02_463053,2026_LoL_esports_match_data_from_OraclesElixir.csv,LCK,Rounds 3-4,1,,2026,Playoff
